"aqi","temperature","humidity","pm2_5","pm10","timestamp","dataSource"
107,35.8,34.6,38,40,"2026-03-18T10:05:21.254Z","real"
107,35.8,34.7,38,40,"2026-03-18T10:05:16.248Z","real"
107,35.8,34.5,38,40,"2026-03-18T10:05:11.390Z","real"
107,35.8,33.8,38,40,"2026-03-18T10:05:06.225Z","real"
107,35.8,34.1,38,40,"2026-03-18T10:05:01.127Z","real"
107,35.8,33.2,38,40,"2026-03-18T10:04:56.358Z","real"
107,35.8,34.5,38,40,"2026-03-18T10:04:51.054Z","real"
107,35.8,34.4,38,40,"2026-03-18T10:04:46.145Z","real"
107,35.9,34.3,38,40,"2026-03-18T10:04:41.436Z","real"
107,35.9,33.9,38,40,"2026-03-18T10:04:36.324Z","real"
107,36,34,38,40,"2026-03-18T10:04:31.196Z","real"
107,36,33.7,38,40,"2026-03-18T10:04:26.080Z","real"
107,36.1,33.6,38,40,"2026-03-18T10:04:21.165Z","real"
112,36.1,34,40,41,"2026-03-18T10:04:16.544Z","real"
112,36.1,35.2,40,41,"2026-03-18T10:04:11.121Z","real"
112,36.1,34.5,40,41,"2026-03-18T10:04:06.271Z","real"
112,36.1,35.3,40,41,"2026-03-18T10:04:01.392Z","real"
112,36.1,35.7,40,41,"2026-03-18T10:03:56.172Z","real"
112,36.1,35.7,40,41,"2026-03-18T10:03:51.043Z","real"
112,36,35.7,40,41,"2026-03-18T10:03:46.179Z","real"
112,36,35.7,40,41,"2026-03-18T10:03:41.443Z","real"
112,36,35.5,40,41,"2026-03-18T10:03:36.338Z","real"
112,35.9,35,40,41,"2026-03-18T10:03:31.184Z","real"
112,35.9,35,40,41,"2026-03-18T10:03:26.361Z","real"
112,35.9,35,40,41,"2026-03-18T10:03:21.182Z","real"
112,35.9,35,40,41,"2026-03-18T10:03:16.236Z","real"
112,35.9,35,40,41,"2026-03-18T10:03:11.126Z","real"
112,35.8,34.9,40,41,"2026-03-18T10:03:06.389Z","real"
112,35.8,34.8,40,41,"2026-03-18T10:03:01.271Z","real"
112,35.8,34.6,40,41,"2026-03-18T10:02:56.154Z","real"
110,35.8,34.5,39,40,"2026-03-18T10:02:51.266Z","real"
119,35.9,34.7,43,43,"2026-03-18T10:02:46.149Z","real"
119,35.8,35,43,43,"2026-03-18T10:02:41.243Z","real"
119,35.9,35.1,43,43,"2026-03-18T10:02:36.122Z","real"
119,35.9,34.9,43,43,"2026-03-18T10:02:31.246Z","real"
119,35.9,34.7,43,43,"2026-03-18T10:02:26.251Z","real"
117,35.9,34.1,42,42,"2026-03-18T10:02:21.141Z","real"
95,36,34.3,33,35,"2026-03-18T10:02:16.335Z","real"
95,36.1,35.5,33,35,"2026-03-18T10:02:11.104Z","real"
95,36.1,36,33,35,"2026-03-18T10:02:06.385Z","real"
95,36.1,35.9,33,35,"2026-03-18T10:02:01.268Z","real"
95,36,35.5,33,35,"2026-03-18T10:01:56.344Z","real"
95,36,35.7,33,35,"2026-03-18T10:01:51.026Z","real"
95,36,36.1,33,35,"2026-03-18T10:01:46.113Z","real"
95,36,36.2,33,35,"2026-03-18T10:01:41.410Z","real"
95,36,36.7,33,35,"2026-03-18T10:01:36.079Z","real"
95,36,36.7,33,35,"2026-03-18T10:01:31.207Z","real"
95,36,36.2,33,35,"2026-03-18T10:01:26.039Z","real"
95,36,36.2,33,35,"2026-03-18T10:01:21.374Z","real"
95,36,36.1,33,35,"2026-03-18T10:01:16.244Z","real"
95,36,36.1,33,35,"2026-03-18T10:01:11.086Z","real"
95,36,36,33,35,"2026-03-18T10:01:06.173Z","real"
95,36,35.9,33,35,"2026-03-18T10:01:01.045Z","real"
97,36,35.9,34,35,"2026-03-18T10:00:56.297Z","real"
97,36,36.1,34,35,"2026-03-18T10:00:51.013Z","real"
97,36,36.1,34,35,"2026-03-18T10:00:46.219Z","real"
97,36,36,34,35,"2026-03-18T10:00:41.198Z","real"
97,36,35.9,34,35,"2026-03-18T10:00:36.566Z","real"
97,36,34.5,34,35,"2026-03-18T10:00:31.152Z","real"
97,36,36,34,35,"2026-03-18T10:00:26.474Z","real"
97,36,36.2,34,35,"2026-03-18T10:00:21.113Z","real"
97,36,36.2,34,35,"2026-03-18T10:00:16.210Z","real"
97,36,36.1,34,35,"2026-03-18T10:00:11.082Z","real"
97,36,35.9,34,35,"2026-03-18T10:00:06.166Z","real"
97,36,35.8,34,35,"2026-03-18T10:00:01.045Z","real"
97,36,35.7,34,35,"2026-03-18T09:59:56.126Z","real"
97,36.1,36,34,35,"2026-03-18T09:59:51.500Z","real"
97,36.1,35.9,34,35,"2026-03-18T09:59:46.093Z","real"
97,36.1,35.9,34,35,"2026-03-18T09:59:41.255Z","real"
97,36.1,36.3,34,35,"2026-03-18T09:59:36.059Z","real"
97,36.2,36.4,34,35,"2026-03-18T09:59:31.388Z","real"
97,36.2,36.2,34,35,"2026-03-18T09:59:26.027Z","real"
97,36.2,36.8,34,35,"2026-03-18T09:59:21.315Z","real"
97,36.2,37,34,35,"2026-03-18T09:59:16.192Z","real"
97,36.2,37.6,34,35,"2026-03-18T09:59:11.073Z","real"
97,36.2,38,34,35,"2026-03-18T09:59:06.181Z","real"
97,36.2,38,34,35,"2026-03-18T09:59:01.053Z","real"
97,36.1,37.7,34,35,"2026-03-18T09:58:56.165Z","real"
97,36.1,36.7,34,35,"2026-03-18T09:58:51.298Z","real"
97,36.1,36.5,34,35,"2026-03-18T09:58:46.082Z","real"
97,36.1,36.3,34,35,"2026-03-18T09:58:41.168Z","real"
97,36.1,36.1,34,35,"2026-03-18T09:58:36.246Z","real"
97,36.1,36.2,34,35,"2026-03-18T09:58:31.167Z","real"
95,36.1,36.3,33,33,"2026-03-18T09:58:26.413Z","real"
95,36.2,36.4,33,33,"2026-03-18T09:58:21.127Z","real"
95,36.1,36.1,33,33,"2026-03-18T09:58:16.197Z","real"
95,36.1,36.1,33,33,"2026-03-18T09:58:11.071Z","real"
95,36.1,36.2,33,33,"2026-03-18T09:58:06.149Z","real"
95,36.1,36.3,33,33,"2026-03-18T09:58:01.768Z","real"
95,36.1,36.5,33,33,"2026-03-18T09:57:56.103Z","real"
95,36.1,36.6,33,33,"2026-03-18T09:57:51.407Z","real"
95,36.1,36.8,33,33,"2026-03-18T09:57:46.071Z","real"
95,36.1,37.1,33,33,"2026-03-18T09:57:44.353Z","real"
95,36,37.7,33,33,"2026-03-18T09:57:36.031Z","real"
95,36,37.9,33,33,"2026-03-18T09:57:31.387Z","real"
95,36,38.1,33,33,"2026-03-18T09:57:26.219Z","real"
95,35.9,38.2,33,33,"2026-03-18T09:57:21.099Z","real"
95,35.9,38.4,33,33,"2026-03-18T09:57:16.182Z","real"
95,35.9,38.3,33,33,"2026-03-18T09:57:11.052Z","real"
95,35.9,38.2,33,33,"2026-03-18T09:57:06.134Z","real"
95,35.9,37.8,33,33,"2026-03-18T09:57:01.228Z","real"
95,35.9,37.8,33,33,"2026-03-18T09:56:56.193Z","real"
95,35.9,37.8,33,33,"2026-03-18T09:56:51.185Z","real"
95,35.9,37.6,33,33,"2026-03-18T09:56:46.103Z","real"
95,35.9,37.5,33,33,"2026-03-18T09:56:41.165Z","real"
95,36,37.5,33,33,"2026-03-18T09:56:36.064Z","real"
95,36,37.6,33,33,"2026-03-18T09:56:31.172Z","real"
93,36,37.5,32,32,"2026-03-18T09:56:26.503Z","real"
93,36,37.5,32,34,"2026-03-18T09:56:21.079Z","real"
93,36,37.6,32,34,"2026-03-18T09:56:16.204Z","real"
93,35.9,37.5,32,34,"2026-03-18T09:56:11.447Z","real"
93,35.9,37.5,32,34,"2026-03-18T09:56:06.134Z","real"
93,35.9,37.5,32,34,"2026-03-18T09:56:01.630Z","real"
93,35.9,37.3,32,34,"2026-03-18T09:55:56.088Z","real"
93,35.9,37.2,32,34,"2026-03-18T09:55:51.180Z","real"
93,35.8,37,32,34,"2026-03-18T09:55:46.049Z","real"
93,35.8,36.9,32,34,"2026-03-18T09:55:41.380Z","real"
93,35.8,36.9,32,34,"2026-03-18T09:55:36.015Z","real"
93,35.9,37,32,34,"2026-03-18T09:55:31.307Z","real"
93,35.9,36.8,32,34,"2026-03-18T09:55:26.189Z","real"
93,35.9,36.8,32,34,"2026-03-18T09:55:21.103Z","real"
93,35.9,36.9,32,34,"2026-03-18T09:55:16.145Z","real"
93,35.8,36.9,32,34,"2026-03-18T09:55:11.449Z","real"
93,35.8,37.1,32,34,"2026-03-18T09:55:06.192Z","real"
93,35.8,37.2,32,34,"2026-03-18T09:55:00.986Z","real"
93,35.8,37.3,32,34,"2026-03-18T09:54:56.074Z","real"
93,35.7,37.4,32,34,"2026-03-18T09:54:51.169Z","real"
93,35.7,37.3,32,34,"2026-03-18T09:54:46.045Z","real"
93,35.7,37.4,32,34,"2026-03-18T09:54:41.125Z","real"
93,35.7,37.2,32,34,"2026-03-18T09:54:36.212Z","real"
93,35.7,36.6,32,34,"2026-03-18T09:54:31.388Z","real"
93,35.7,37.2,32,34,"2026-03-18T09:54:26.927Z","real"
93,35.7,37.3,32,34,"2026-03-18T09:54:21.055Z","real"
93,35.7,35.9,32,34,"2026-03-18T09:54:16.201Z","real"
93,35.7,37,32,34,"2026-03-18T09:54:11.020Z","real"
93,35.7,37.1,32,34,"2026-03-18T09:54:06.132Z","real"
93,35.8,37.9,32,34,"2026-03-18T09:54:01.193Z","real"
93,35.9,37.7,32,34,"2026-03-18T09:53:56.066Z","real"
93,35.9,37.3,32,34,"2026-03-18T09:53:51.153Z","real"
93,35.9,37.4,32,34,"2026-03-18T09:53:46.033Z","real"
93,35.9,37.5,32,34,"2026-03-18T09:53:41.117Z","real"
93,35.9,37.5,32,34,"2026-03-18T09:53:36.234Z","real"
93,35.9,37.4,32,34,"2026-03-18T09:53:31.165Z","real"
93,35.9,37.4,32,34,"2026-03-18T09:53:26.073Z","real"
93,35.9,37.8,32,34,"2026-03-18T09:53:21.104Z","real"
93,35.9,37.7,32,34,"2026-03-18T09:53:16.169Z","real"
93,35.9,37.9,32,34,"2026-03-18T09:53:11.415Z","real"
93,35.8,37.7,32,34,"2026-03-18T09:53:06.094Z","real"
97,35.8,37.8,34,37,"2026-03-18T09:53:02.251Z","real"
97,35.8,37.8,34,37,"2026-03-18T09:53:01.262Z","real"
97,35.8,38.4,34,37,"2026-03-18T09:52:56.074Z","real"
97,35.8,38.6,34,37,"2026-03-18T09:52:51.146Z","real"
97,35.7,38.2,34,37,"2026-03-18T09:52:46.035Z","real"
97,35.7,37,34,37,"2026-03-18T09:52:41.119Z","real"
97,35.7,36.7,34,37,"2026-03-18T09:52:36.265Z","real"
97,35.7,36.7,34,37,"2026-03-18T09:52:31.137Z","real"
97,35.7,36.9,34,37,"2026-03-18T09:52:26.166Z","real"
97,35.6,36.9,34,37,"2026-03-18T09:52:21.043Z","real"
97,35.6,37.3,34,37,"2026-03-18T09:52:16.373Z","real"
97,35.6,39.3,34,37,"2026-03-18T09:52:11.222Z","real"
97,35.6,39.2,34,37,"2026-03-18T09:52:06.102Z","real"
97,35.6,38.5,34,37,"2026-03-18T09:52:01.436Z","real"
97,35.6,38.2,34,37,"2026-03-18T09:51:56.076Z","real"
97,35.5,36.7,34,37,"2026-03-18T09:51:51.158Z","real"
97,35.5,36.2,34,37,"2026-03-18T09:51:46.022Z","real"
97,35.5,36.1,34,37,"2026-03-18T09:51:41.151Z","real"
97,35.5,35.8,34,37,"2026-03-18T09:51:36.259Z","real"
97,35.5,35.7,34,37,"2026-03-18T09:51:31.269Z","real"
97,35.6,35.7,34,37,"2026-03-18T09:51:26.166Z","real"
97,35.5,35.5,34,37,"2026-03-18T09:51:21.036Z","real"
97,35.6,34,34,37,"2026-03-18T09:51:16.125Z","real"
97,35.5,34.9,34,37,"2026-03-18T09:51:11.322Z","real"
97,35.5,34.9,34,37,"2026-03-18T09:51:06.092Z","real"
97,35.6,35,34,37,"2026-03-18T09:51:01.184Z","real"
97,35.7,34.8,34,37,"2026-03-18T09:50:56.264Z","real"
97,35.7,33.6,34,37,"2026-03-18T09:50:51.136Z","real"
97,35.7,34.9,34,37,"2026-03-18T09:50:46.267Z","real"
97,35.8,35.6,34,37,"2026-03-18T09:50:41.099Z","real"
97,35.8,35.6,34,37,"2026-03-18T09:50:36.390Z","real"
97,35.8,35.4,34,37,"2026-03-18T09:50:31.069Z","real"
97,35.8,34.9,34,37,"2026-03-18T09:50:26.157Z","real"
97,35.7,34.7,34,37,"2026-03-18T09:50:21.088Z","real"
97,35.7,35.1,34,37,"2026-03-18T09:50:16.117Z","real"
97,35.8,34.6,34,37,"2026-03-18T09:50:11.201Z","real"
97,35.8,34.5,34,37,"2026-03-18T09:50:06.082Z","real"
97,35.9,35.1,34,37,"2026-03-18T09:50:01.410Z","real"
97,36,34.7,34,37,"2026-03-18T09:49:56.069Z","real"
97,36.2,35,34,37,"2026-03-18T09:49:51.534Z","real"
97,36.3,35.8,34,37,"2026-03-18T09:49:46.015Z","real"
97,36.3,35.9,34,37,"2026-03-18T09:49:41.092Z","real"
97,36.3,36,34,37,"2026-03-18T09:49:36.382Z","real"
97,36.3,36,34,37,"2026-03-18T09:49:31.065Z","real"
97,36.3,35.7,34,37,"2026-03-18T09:49:26.164Z","real"
97,36.3,35.9,34,37,"2026-03-18T09:49:21.026Z","real"
97,36.3,36.2,34,37,"2026-03-18T09:49:16.209Z","real"
97,36.3,36.1,34,37,"2026-03-18T09:49:11.193Z","real"
97,36.3,35.8,34,37,"2026-03-18T09:49:06.276Z","real"
97,36.3,36.4,34,37,"2026-03-18T09:49:01.162Z","real"
97,36.4,36.6,34,37,"2026-03-18T09:48:56.052Z","real"
97,36.4,36.3,34,37,"2026-03-18T09:48:51.164Z","real"
97,36.4,35.9,34,37,"2026-03-18T09:48:46.205Z","real"
97,36.4,36.5,34,37,"2026-03-18T09:48:41.110Z","real"
97,36.4,36.8,34,37,"2026-03-18T09:48:36.172Z","real"
97,36.4,36.9,34,37,"2026-03-18T09:48:31.320Z","real"
97,36.3,36.7,34,37,"2026-03-18T09:48:26.034Z","real"
97,36.3,36.7,34,37,"2026-03-18T09:48:21.043Z","real"
97,36.3,36.8,34,37,"2026-03-18T09:48:16.105Z","real"
97,36.3,36.8,34,37,"2026-03-18T09:48:11.296Z","real"
97,36.3,35.7,34,37,"2026-03-18T09:48:06.266Z","real"
97,36.2,37,34,37,"2026-03-18T09:48:01.239Z","real"
97,36.2,37.3,34,37,"2026-03-18T09:47:56.250Z","real"
99,36.3,36,35,38,"2026-03-18T09:47:51.120Z","real"
122,36.3,36.9,44,44,"2026-03-18T09:47:46.247Z","real"
122,36.3,37,44,44,"2026-03-18T09:47:41.083Z","real"
119,36.3,36.9,43,43,"2026-03-18T09:47:36.267Z","real"
119,36.2,36.7,43,43,"2026-03-18T09:47:31.053Z","real"
119,36.2,36.6,43,43,"2026-03-18T09:47:26.136Z","real"
119,36.2,36.5,43,43,"2026-03-18T09:47:21.024Z","real"
119,36.2,36.5,43,43,"2026-03-18T09:47:16.133Z","real"
119,36.1,36.4,43,43,"2026-03-18T09:47:10.984Z","real"
119,36.1,36.4,43,43,"2026-03-18T09:47:06.084Z","real"
119,36.1,36.5,43,43,"2026-03-18T09:47:01.371Z","real"
119,36,36.4,43,43,"2026-03-18T09:46:56.139Z","real"
119,36,36.3,43,43,"2026-03-18T09:46:51.110Z","real"
119,36,36.3,43,43,"2026-03-18T09:46:46.511Z","real"
119,36,36.3,43,43,"2026-03-18T09:46:41.075Z","real"
119,36,36.3,43,43,"2026-03-18T09:46:36.167Z","real"
119,36,36.2,43,43,"2026-03-18T09:46:31.063Z","real"
119,36,36.1,43,43,"2026-03-18T09:46:26.126Z","real"
119,35.9,36,43,43,"2026-03-18T09:46:21.421Z","real"
119,35.9,36,43,43,"2026-03-18T09:46:16.097Z","real"
119,36,36,43,43,"2026-03-18T09:46:11.295Z","real"
119,35.9,35.9,43,43,"2026-03-18T09:46:06.268Z","real"
119,35.9,35.9,43,43,"2026-03-18T09:46:01.305Z","real"
119,35.9,35.9,43,43,"2026-03-18T09:45:56.020Z","real"
119,35.9,35.9,43,43,"2026-03-18T09:45:51.428Z","real"
119,35.9,35.7,43,43,"2026-03-18T09:45:46.649Z","real"
119,36,35.8,43,43,"2026-03-18T09:45:41.110Z","real"
119,36,35.7,43,43,"2026-03-18T09:45:36.164Z","real"
119,36,35.6,43,43,"2026-03-18T09:45:31.038Z","real"
119,36,35.5,43,43,"2026-03-18T09:45:26.325Z","real"
127,36.1,35.5,46,46,"2026-03-18T09:45:21.059Z","real"
127,36.1,35.4,46,46,"2026-03-18T09:45:16.105Z","real"
127,36.2,35.3,46,46,"2026-03-18T09:45:11.231Z","real"
127,36.2,35.3,46,46,"2026-03-18T09:45:06.046Z","real"
127,36.3,35.5,46,46,"2026-03-18T09:45:01.172Z","real"
127,36.3,35.9,46,46,"2026-03-18T09:44:56.043Z","real"
127,36.3,36,46,46,"2026-03-18T09:44:51.310Z","real"
127,36.4,36.1,46,46,"2026-03-18T09:44:46.185Z","real"
127,36.4,36.3,46,46,"2026-03-18T09:44:41.169Z","real"
127,36.5,36.1,46,46,"2026-03-18T09:44:36.153Z","real"
127,36.5,35.9,46,46,"2026-03-18T09:44:31.046Z","real"
127,36.5,35.9,46,46,"2026-03-18T09:44:26.187Z","real"
127,36.6,35.7,46,46,"2026-03-18T09:44:21.195Z","real"
127,36.6,35.6,46,46,"2026-03-18T09:44:16.100Z","real"
127,36.5,35.7,46,46,"2026-03-18T09:44:11.172Z","real"
127,36.5,35.9,46,46,"2026-03-18T09:44:06.503Z","real"
127,36.5,36.1,46,46,"2026-03-18T09:44:01.334Z","real"
127,36.6,36.3,46,46,"2026-03-18T09:43:56.467Z","real"
127,36.6,36.3,46,46,"2026-03-18T09:43:51.092Z","real"
127,36.6,36.2,46,46,"2026-03-18T09:43:46.404Z","real"
127,36.6,36.3,46,46,"2026-03-18T09:43:41.065Z","real"
127,36.6,36.3,46,46,"2026-03-18T09:43:36.148Z","real"
127,36.5,36.2,46,46,"2026-03-18T09:43:31.022Z","real"
127,36.6,36.4,46,46,"2026-03-18T09:43:26.111Z","real"
127,36.5,36.5,46,46,"2026-03-18T09:43:21.004Z","real"
127,36.5,36.6,46,46,"2026-03-18T09:43:16.072Z","real"
127,36.4,36.7,46,46,"2026-03-18T09:43:11.295Z","real"
127,36.5,36.9,46,46,"2026-03-18T09:43:06.038Z","real"
127,36.5,36.8,46,47,"2026-03-18T09:43:01.225Z","real"
127,36.4,36.7,46,47,"2026-03-18T09:42:56.004Z","real"
110,36.4,36.8,39,40,"2026-03-18T09:42:51.151Z","real"
110,36.4,36.8,39,40,"2026-03-18T09:42:46.285Z","real"
110,36.4,36.8,39,40,"2026-03-18T09:42:41.276Z","real"
110,36.4,36.7,39,40,"2026-03-18T09:42:36.144Z","real"
110,36.4,36.7,39,40,"2026-03-18T09:42:31.219Z","real"
110,36.4,36.7,39,40,"2026-03-18T09:42:26.118Z","real"
110,36.4,36.8,39,40,"2026-03-18T09:42:20.988Z","real"
110,36.3,36.6,39,40,"2026-03-18T09:42:16.076Z","real"
110,36.3,36.7,39,40,"2026-03-18T09:42:11.257Z","real"
110,36.3,36.4,39,40,"2026-03-18T09:42:06.246Z","real"
110,36.3,36.2,39,40,"2026-03-18T09:42:01.151Z","real"
110,36.3,36.2,39,40,"2026-03-18T09:41:56.435Z","real"
110,36.3,36.1,39,40,"2026-03-18T09:41:51.303Z","real"
110,36.2,37,39,40,"2026-03-18T09:41:47.083Z","real"
110,36.2,36.9,39,40,"2026-03-18T09:41:41.079Z","real"
110,36.2,36.5,39,40,"2026-03-18T09:41:36.607Z","real"
110,36.2,36.2,39,40,"2026-03-18T09:41:31.017Z","real"
110,36.2,36.2,39,40,"2026-03-18T09:41:26.572Z","real"
110,36.2,36.1,39,40,"2026-03-18T09:41:20.993Z","real"
110,36.1,35.9,39,40,"2026-03-18T09:41:16.435Z","real"
110,36.1,36,39,40,"2026-03-18T09:41:11.049Z","real"
110,36.1,36.1,39,40,"2026-03-18T09:41:06.236Z","real"
110,36,36.6,39,40,"2026-03-18T09:41:01.516Z","real"
110,36,37,39,40,"2026-03-18T09:40:55.999Z","real"
110,36,37.5,39,40,"2026-03-18T09:40:51.152Z","real"
110,36,37.3,39,40,"2026-03-18T09:40:46.167Z","real"
110,36,37.1,39,40,"2026-03-18T09:40:41.458Z","real"
110,36,37.1,39,40,"2026-03-18T09:40:36.138Z","real"
112,36.1,37.1,40,41,"2026-03-18T09:40:31.245Z","real"
110,36.1,36.2,39,39,"2026-03-18T09:40:26.183Z","real"
110,36.2,36.3,39,39,"2026-03-18T09:40:21.220Z","real"
110,36.2,36.2,39,39,"2026-03-18T09:40:16.128Z","real"
110,36.2,36.2,39,39,"2026-03-18T09:40:11.211Z","real"
110,36.3,36.5,39,39,"2026-03-18T09:40:06.428Z","real"
110,36.3,36.2,39,39,"2026-03-18T09:40:01.328Z","real"
112,36.3,36.3,40,41,"2026-03-18T09:39:56.412Z","real"
112,36.3,36.3,40,41,"2026-03-18T09:39:53.413Z","real"
112,36.3,36.4,40,41,"2026-03-18T09:39:53.337Z","real"
112,36.4,36.4,40,41,"2026-03-18T09:39:41.043Z","real"
112,36.4,36.4,40,41,"2026-03-18T09:39:36.129Z","real"
112,36.4,36.5,40,41,"2026-03-18T09:39:31.009Z","real"
112,36.5,36.4,40,41,"2026-03-18T09:39:26.120Z","real"
112,36.5,35.3,40,41,"2026-03-18T09:39:21.604Z","real"
112,36.5,36.5,40,41,"2026-03-18T09:39:16.082Z","real"
112,36.4,36.6,40,41,"2026-03-18T09:39:11.231Z","real"
112,36.4,36.7,40,41,"2026-03-18T09:39:06.008Z","real"
112,36.4,36.7,40,41,"2026-03-18T09:39:02.247Z","real"
112,36.4,36.8,40,41,"2026-03-18T09:38:56.250Z","real"
112,36.4,36.7,40,41,"2026-03-18T09:38:51.172Z","real"
112,36.4,36.6,40,41,"2026-03-18T09:38:46.153Z","real"
112,36.4,36.6,40,41,"2026-03-18T09:38:41.643Z","real"
112,36.4,36.5,40,41,"2026-03-18T09:38:36.012Z","real"
112,36.4,36.6,40,41,"2026-03-18T09:38:31.005Z","real"
112,36.4,36.5,40,41,"2026-03-18T09:38:26.153Z","real"
112,36.4,36.5,40,41,"2026-03-18T09:38:21.270Z","real"
112,36.5,36.5,40,41,"2026-03-18T09:38:16.283Z","real"
107,36.5,36.5,38,39,"2026-03-18T09:38:11.154Z","real"
107,36.5,36.6,38,39,"2026-03-18T09:38:06.485Z","real"
107,36.6,37.1,38,39,"2026-03-18T09:38:01.107Z","real"
107,36.6,37.5,38,39,"2026-03-18T09:37:57.000Z","real"
107,36.6,37.7,38,39,"2026-03-18T09:37:51.289Z","real"
107,36.5,37.9,38,39,"2026-03-18T09:37:48.833Z","real"
107,36.5,38.3,38,39,"2026-03-18T09:37:41.068Z","real"
107,36.5,37.9,38,39,"2026-03-18T09:37:36.138Z","real"
107,36.5,37.6,38,39,"2026-03-18T09:37:31.016Z","real"
107,36.4,37.5,38,39,"2026-03-18T09:37:26.084Z","real"
107,36.4,37.5,38,39,"2026-03-18T09:37:21.370Z","real"
107,36.4,37.5,38,39,"2026-03-18T09:37:16.314Z","real"
107,36.4,37.5,38,39,"2026-03-18T09:37:11.273Z","real"
107,36.4,37.6,38,39,"2026-03-18T09:37:06.049Z","real"
105,36.3,37.7,37,38,"2026-03-18T09:37:02.055Z","real"
107,36.3,37.8,38,38,"2026-03-18T09:36:56.330Z","real"
107,36.3,37.8,38,38,"2026-03-18T09:36:51.620Z","real"
107,36.3,37.7,38,38,"2026-03-18T09:36:46.287Z","real"
107,36.3,37.7,38,38,"2026-03-18T09:36:41.846Z","real"
107,36.3,37.7,38,38,"2026-03-18T09:36:36.263Z","real"
107,36.2,37.6,38,38,"2026-03-18T09:36:31.142Z","real"
107,36.2,37.6,38,38,"2026-03-18T09:36:26.091Z","real"
107,36.2,37.6,38,38,"2026-03-18T09:36:21.194Z","real"
107,36.3,37.7,38,38,"2026-03-18T09:36:16.101Z","real"
107,36.3,37.9,38,38,"2026-03-18T09:36:11.439Z","real"
107,36.3,37.7,38,38,"2026-03-18T09:36:06.887Z","real"
107,36.3,37.5,38,38,"2026-03-18T09:36:01.269Z","real"
107,36.4,37.4,38,38,"2026-03-18T09:35:56.283Z","real"
107,36.4,37.2,38,38,"2026-03-18T09:35:51.096Z","real"
107,36.4,37.1,38,38,"2026-03-18T09:35:46.663Z","real"
107,36.4,35.7,38,38,"2026-03-18T09:35:41.302Z","real"
107,36.4,37.1,38,38,"2026-03-18T09:35:37.220Z","real"
107,36.5,37.1,38,38,"2026-03-18T09:35:31.098Z","real"
107,36.5,36.8,38,38,"2026-03-18T09:35:26.521Z","real"
107,36.5,37,38,38,"2026-03-18T09:35:21.160Z","real"
107,36.5,37.1,38,38,"2026-03-18T09:35:16.036Z","real"
107,36.5,37,38,38,"2026-03-18T09:35:11.143Z","real"
122,36.6,37.1,44,45,"2026-03-18T09:35:06.085Z","real"
122,36.6,35.6,44,45,"2026-03-18T09:35:01.566Z","real"
122,36.6,36.8,44,45,"2026-03-18T09:34:56.318Z","real"
122,36.6,36.8,44,45,"2026-03-18T09:34:51.447Z","real"
122,36.6,36.9,44,45,"2026-03-18T09:34:46.205Z","real"
102,36.6,37,36,36,"2026-03-18T09:34:41.339Z","real"
102,36.6,35.4,36,36,"2026-03-18T09:34:36.109Z","real"
102,36.6,36.1,36,36,"2026-03-18T09:34:31.306Z","real"
102,36.5,36,36,36,"2026-03-18T09:34:26.090Z","real"
102,36.5,36,36,36,"2026-03-18T09:34:21.161Z","real"
102,36.5,36,36,36,"2026-03-18T09:34:16.380Z","real"
102,36.5,36,36,36,"2026-03-18T09:34:11.182Z","real"
102,36.5,35.9,36,36,"2026-03-18T09:34:06.210Z","real"
102,36.5,36,36,36,"2026-03-18T09:34:01.095Z","real"
102,36.5,36,36,36,"2026-03-18T09:33:58.355Z","real"
102,36.5,36,36,36,"2026-03-18T09:33:51.170Z","real"
102,36.5,36,36,36,"2026-03-18T09:33:46.342Z","real"
102,36.5,36,36,36,"2026-03-18T09:33:41.209Z","real"
102,36.5,35.9,36,36,"2026-03-18T09:33:36.237Z","real"
102,36.5,35.9,36,36,"2026-03-18T09:33:31.417Z","real"
102,36.5,35.8,36,36,"2026-03-18T09:33:26.057Z","real"
102,36.5,35.8,36,36,"2026-03-18T09:33:21.238Z","real"
102,36.5,35.7,36,36,"2026-03-18T09:33:16.334Z","real"
102,36.6,35.8,36,36,"2026-03-18T09:33:11.550Z","real"
102,36.6,35.8,36,36,"2026-03-18T09:33:06.251Z","real"
102,36.6,35.7,36,36,"2026-03-18T09:33:04.829Z","real"
102,36.6,35.8,36,36,"2026-03-18T09:32:56.254Z","real"
102,36.6,35.7,36,36,"2026-03-18T09:32:51.033Z","real"
102,36.6,35.7,36,36,"2026-03-18T09:32:46.157Z","real"
102,36.6,35.6,36,36,"2026-03-18T09:32:40.999Z","real"
102,36.6,35.6,36,36,"2026-03-18T09:32:36.130Z","real"
99,36.6,35.6,35,35,"2026-03-18T09:32:31.286Z","real"
102,36.6,35.6,36,39,"2026-03-18T09:32:26.307Z","real"
102,36.6,35.5,36,39,"2026-03-18T09:32:21.145Z","real"
117,36.6,34.2,42,45,"2026-03-18T09:32:16.704Z","real"
117,36.6,35.3,42,45,"2026-03-18T09:32:11.104Z","real"
117,36.6,35.2,42,45,"2026-03-18T09:32:06.246Z","real"
117,36.7,35.2,42,45,"2026-03-18T09:32:01.546Z","real"
117,36.7,35.3,42,45,"2026-03-18T09:31:56.228Z","real"
117,36.7,35.3,42,45,"2026-03-18T09:31:51.195Z","real"
117,36.7,35.4,42,45,"2026-03-18T09:31:46.212Z","real"
117,36.8,35.4,42,45,"2026-03-18T09:31:41.440Z","real"
117,36.8,35.3,42,45,"2026-03-18T09:31:36.093Z","real"
117,36.9,35.4,42,45,"2026-03-18T09:31:31.398Z","real"
117,36.9,35.4,42,45,"2026-03-18T09:31:26.090Z","real"
117,36.9,35.5,42,45,"2026-03-18T09:31:22.394Z","real"
117,36.9,35.5,42,45,"2026-03-18T09:31:16.305Z","real"
117,36.9,35.6,42,45,"2026-03-18T09:31:11.227Z","real"
117,37,35.8,42,45,"2026-03-18T09:31:06.240Z","real"
117,37,36,42,45,"2026-03-18T09:31:01.895Z","real"
117,37.1,36.4,42,45,"2026-03-18T09:30:56.682Z","real"
117,37,36.4,42,45,"2026-03-18T09:30:51.290Z","real"
117,37,36.3,42,45,"2026-03-18T09:30:46.383Z","real"
117,37,36.3,42,45,"2026-03-18T09:30:41.228Z","real"
117,37,36.4,42,45,"2026-03-18T09:30:36.138Z","real"
117,36.9,36.4,42,45,"2026-03-18T09:30:31.173Z","real"
117,36.9,36.5,42,45,"2026-03-18T09:30:26.909Z","real"
117,36.9,36.6,42,45,"2026-03-18T09:30:21.125Z","real"
117,36.9,36.8,42,45,"2026-03-18T09:30:18.905Z","real"
117,36.9,36.5,42,45,"2026-03-18T09:30:11.149Z","real"
117,36.9,36.5,42,45,"2026-03-18T09:30:06.173Z","real"
117,36.9,35.3,42,45,"2026-03-18T09:30:01.115Z","real"
117,36.9,36.5,42,45,"2026-03-18T09:29:56.648Z","real"
117,36.9,36.4,42,45,"2026-03-18T09:29:51.151Z","real"
117,36.9,36.3,42,45,"2026-03-18T09:29:47.155Z","real"
132,36.9,36.2,48,52,"2026-03-18T09:29:40.980Z","real"
132,36.8,36,48,52,"2026-03-18T09:29:36.119Z","real"
132,36.9,36.7,48,52,"2026-03-18T09:29:31.213Z","real"
132,36.8,36.6,48,52,"2026-03-18T09:29:26.094Z","real"
132,36.8,36.6,48,52,"2026-03-18T09:29:21.115Z","real"
132,36.8,36.9,48,52,"2026-03-18T09:29:16.294Z","real"
132,36.8,37.3,48,52,"2026-03-18T09:29:11.324Z","real"
132,36.8,37,48,52,"2026-03-18T09:29:06.289Z","real"
132,36.7,36.8,48,52,"2026-03-18T09:29:01.861Z","real"
132,36.7,36.7,48,52,"2026-03-18T09:28:56.146Z","real"
132,36.7,36.7,48,52,"2026-03-18T09:28:51.017Z","real"
132,36.7,36.6,48,52,"2026-03-18T09:28:46.311Z","real"
132,36.6,37.3,48,52,"2026-03-18T09:28:41.191Z","real"
132,36.6,37.1,48,52,"2026-03-18T09:28:36.065Z","real"
132,36.6,36.9,48,52,"2026-03-18T09:28:31.315Z","real"
132,36.6,37.3,48,52,"2026-03-18T09:28:26.449Z","real"
132,36.6,37.3,48,52,"2026-03-18T09:28:21.114Z","real"
132,36.5,37.7,48,52,"2026-03-18T09:28:15.993Z","real"
132,36.5,37.6,48,52,"2026-03-18T09:28:11.290Z","real"
132,36.5,37.6,48,52,"2026-03-18T09:28:06.256Z","real"
132,36.5,37.5,48,52,"2026-03-18T09:28:01.050Z","real"
132,36.5,37.5,48,52,"2026-03-18T09:27:56.160Z","real"
132,36.4,37.2,48,52,"2026-03-18T09:27:52.067Z","real"
132,36.4,37.3,48,52,"2026-03-18T09:27:46.089Z","real"
132,36.4,37.4,48,52,"2026-03-18T09:27:41.184Z","real"
132,36.3,37.5,48,52,"2026-03-18T09:27:36.068Z","real"
132,36.3,37.2,48,52,"2026-03-18T09:27:31.229Z","real"
132,36.3,37.3,48,52,"2026-03-18T09:27:26.304Z","real"
278,36.3,37.4,228,303,"2026-03-18T09:27:21.104Z","real"
278,36.3,37.5,228,303,"2026-03-18T09:27:16.251Z","real"
278,36.2,37.5,228,303,"2026-03-18T09:27:11.177Z","real"
278,36.2,37.7,228,303,"2026-03-18T09:27:06.173Z","real"
278,36.1,37.8,228,303,"2026-03-18T09:27:01.052Z","real"
278,36,37.8,228,303,"2026-03-18T09:26:56.588Z","real"
290,36,36.4,240,320,"2026-03-18T09:26:51.005Z","real"
132,35.9,37.7,48,51,"2026-03-18T09:26:46.093Z","real"
132,35.9,37.8,48,51,"2026-03-18T09:26:41.417Z","real"
132,35.8,37.6,48,51,"2026-03-18T09:26:38.330Z","real"
132,35.8,37.5,48,51,"2026-03-18T09:26:31.139Z","real"
132,35.7,37.2,48,51,"2026-03-18T09:26:26.017Z","real"
132,35.7,37,48,51,"2026-03-18T09:26:21.132Z","real"
132,35.7,37,48,51,"2026-03-18T09:26:16.186Z","real"
132,35.7,37.4,48,51,"2026-03-18T09:26:11.071Z","real"
132,35.7,37.3,48,51,"2026-03-18T09:26:06.225Z","real"
132,35.7,37.1,48,51,"2026-03-18T09:26:01.255Z","real"
132,35.7,37.1,48,51,"2026-03-18T09:25:56.117Z","real"
132,35.7,36.7,48,51,"2026-03-18T09:25:50.999Z","real"
132,35.8,36.6,48,51,"2026-03-18T09:25:46.246Z","real"
132,35.7,36.5,48,51,"2026-03-18T09:25:41.247Z","real"
132,35.7,35.2,48,51,"2026-03-18T09:25:36.057Z","real"
132,35.7,36.6,48,51,"2026-03-18T09:25:31.240Z","real"
132,35.8,36.6,48,51,"2026-03-18T09:25:26.460Z","real"
132,35.8,36.6,48,51,"2026-03-18T09:25:21.323Z","real"
132,35.8,36.5,48,51,"2026-03-18T09:25:16.311Z","real"
132,35.9,36.4,48,51,"2026-03-18T09:25:11.699Z","real"
132,35.9,36.4,48,51,"2026-03-18T09:25:06.248Z","real"
132,35.9,36.4,48,51,"2026-03-18T09:25:01.028Z","real"
132,36,36.5,48,51,"2026-03-18T09:24:56.138Z","real"
132,36,35.2,48,51,"2026-03-18T09:24:51.846Z","real"
127,36,36.5,46,49,"2026-03-18T09:24:46.299Z","real"
127,36,36.1,46,49,"2026-03-18T09:24:41.208Z","real"
127,36,36.1,46,49,"2026-03-18T09:24:36.149Z","real"
127,36,36.1,46,49,"2026-03-18T09:24:31.210Z","real"
127,36,36.3,46,49,"2026-03-18T09:24:26.004Z","real"
127,35.9,36.4,46,49,"2026-03-18T09:24:21.098Z","real"
119,35.9,36.4,43,47,"2026-03-18T09:24:16.390Z","real"
119,35.9,36.7,43,47,"2026-03-18T09:24:11.063Z","real"
119,35.9,36.7,43,47,"2026-03-18T09:24:06.147Z","real"
151,35.9,36.7,56,62,"2026-03-18T09:24:01.235Z","real"
151,36,36.7,56,62,"2026-03-18T09:23:56.244Z","real"
151,36,36.4,56,62,"2026-03-18T09:23:51.235Z","real"
151,36,36.5,56,62,"2026-03-18T09:23:46.073Z","real"
151,36,36.4,56,62,"2026-03-18T09:23:41.358Z","real"
151,36.1,36.2,56,62,"2026-03-18T09:23:36.093Z","real"
151,36.1,36,56,62,"2026-03-18T09:23:31.163Z","real"
151,36.2,35.9,56,62,"2026-03-18T09:23:26.105Z","real"
151,36.2,36.2,56,62,"2026-03-18T09:23:21.322Z","real"
151,36.3,36.4,56,62,"2026-03-18T09:23:16.471Z","real"
151,36.4,36.1,56,62,"2026-03-18T09:23:11.051Z","real"
151,36.5,36,56,62,"2026-03-18T09:23:06.334Z","real"
151,36.5,36.8,56,62,"2026-03-18T09:23:01.423Z","real"
151,36.5,37.4,56,62,"2026-03-18T09:22:56.306Z","real"
151,36.4,37.5,56,62,"2026-03-18T09:22:51.296Z","real"
151,36.4,38.1,56,62,"2026-03-18T09:22:46.130Z","real"
151,36.3,37.6,56,62,"2026-03-18T09:22:41.413Z","real"
151,36.3,37.6,56,62,"2026-03-18T09:22:36.046Z","real"
151,36.2,37.7,56,62,"2026-03-18T09:22:31.118Z","real"
151,36.2,38.2,56,62,"2026-03-18T09:22:26.423Z","real"
151,36.2,37.7,56,62,"2026-03-18T09:22:21.204Z","real"
151,36.2,37.7,56,62,"2026-03-18T09:22:16.068Z","real"
151,36.2,37.8,56,62,"2026-03-18T09:22:11.214Z","real"
151,36.1,37.7,56,62,"2026-03-18T09:22:06.362Z","real"
151,36.2,38.2,56,62,"2026-03-18T09:22:01.014Z","real"
151,36.1,38.1,56,62,"2026-03-18T09:21:56.096Z","real"
151,36.1,38.2,56,63,"2026-03-18T09:21:51.405Z","real"
147,36,37.7,54,60,"2026-03-18T09:21:46.349Z","real"
171,36,37.6,94,97,"2026-03-18T09:21:41.156Z","real"
171,36.1,38.5,94,97,"2026-03-18T09:21:36.027Z","real"
171,36,38.2,94,97,"2026-03-18T09:21:31.165Z","real"
171,35.8,38.2,94,97,"2026-03-18T09:21:26.222Z","real"
171,35.7,37.9,94,97,"2026-03-18T09:21:21.084Z","real"
171,35.6,37.9,94,97,"2026-03-18T09:21:16.231Z","real"
171,35.7,38,94,97,"2026-03-18T09:21:11.038Z","real"
171,35.8,38,94,97,"2026-03-18T09:21:06.193Z","real"
171,35.9,38,94,97,"2026-03-18T09:21:01.018Z","real"
171,36,38.5,94,97,"2026-03-18T09:20:56.099Z","real"
171,36,38.4,94,97,"2026-03-18T09:20:51.609Z","real"
171,36,38.2,94,97,"2026-03-18T09:20:46.285Z","real"
171,36,38.1,94,97,"2026-03-18T09:20:41.039Z","real"
171,35.9,38.3,94,97,"2026-03-18T09:20:36.024Z","real"
171,35.9,38.3,94,97,"2026-03-18T09:20:31.098Z","real"
171,35.9,38.3,94,97,"2026-03-18T09:20:26.217Z","real"
171,35.8,38.3,94,97,"2026-03-18T09:20:21.080Z","real"
171,35.8,38.4,94,97,"2026-03-18T09:20:16.356Z","real"
171,35.8,38.3,94,97,"2026-03-18T09:20:11.043Z","real"
171,35.7,38.2,94,97,"2026-03-18T09:20:06.142Z","real"
171,35.7,38.2,94,97,"2026-03-18T09:20:01.009Z","real"
171,35.7,38.1,94,97,"2026-03-18T09:19:56.564Z","real"
171,35.8,38.5,94,97,"2026-03-18T09:19:54.338Z","real"
171,35.7,38.4,94,97,"2026-03-18T09:19:46.047Z","real"
171,35.7,38.5,94,97,"2026-03-18T09:19:41.424Z","real"
171,35.7,38.4,94,97,"2026-03-18T09:19:36.018Z","real"
171,35.7,38.4,94,97,"2026-03-18T09:19:31.300Z","real"
171,35.7,38.3,94,97,"2026-03-18T09:19:26.243Z","real"
168,35.7,37.8,88,89,"2026-03-18T09:19:21.262Z","real"
166,35.7,37.8,84,86,"2026-03-18T09:19:16.158Z","real"
163,35.7,37.7,79,80,"2026-03-18T09:19:11.046Z","real"
153,35.7,37.8,59,60,"2026-03-18T09:19:06.310Z","real"
152,35.7,38,58,60,"2026-03-18T09:19:01.037Z","real"
151,35.8,38.2,56,58,"2026-03-18T09:18:56.082Z","real"
99,35.8,38.3,35,37,"2026-03-18T09:18:51.361Z","real"
99,35.8,38.4,35,37,"2026-03-18T09:18:46.252Z","real"
99,35.7,38.5,35,37,"2026-03-18T09:18:41.132Z","real"
99,35.5,38.4,35,37,"2026-03-18T09:18:36.012Z","real"
99,35.5,38.2,35,37,"2026-03-18T09:18:31.302Z","real"
95,35.7,37.1,33,36,"2026-03-18T09:18:26.180Z","real"
95,35.8,38.5,33,36,"2026-03-18T09:18:21.062Z","real"
99,35.8,39,35,38,"2026-03-18T09:18:16.229Z","real"
99,35.8,39.4,35,38,"2026-03-18T09:18:11.078Z","real"
99,35.7,39.1,35,38,"2026-03-18T09:18:06.127Z","real"
99,35.6,39.1,35,38,"2026-03-18T09:18:01.204Z","real"
99,35.4,38.8,35,38,"2026-03-18T09:17:56.302Z","real"
99,35.3,38.8,35,38,"2026-03-18T09:17:51.378Z","real"
99,35.3,38.7,35,38,"2026-03-18T09:17:46.053Z","real"
99,35.2,38.5,35,38,"2026-03-18T09:17:41.130Z","real"
99,35.3,38.5,35,38,"2026-03-18T09:17:36.034Z","real"
99,35.3,38.5,35,38,"2026-03-18T09:17:35.692Z","real"
99,35.3,38.4,35,38,"2026-03-18T09:17:31.286Z","real"
99,35.4,38.3,35,38,"2026-03-18T09:17:26.208Z","real"
99,35.4,38.5,35,38,"2026-03-18T09:17:21.117Z","real"
99,35.4,38.8,35,38,"2026-03-18T09:17:16.150Z","real"
99,35.5,38.7,35,38,"2026-03-18T09:17:11.017Z","real"
99,35.5,38,35,38,"2026-03-18T09:17:06.111Z","real"
99,35.5,37.8,35,38,"2026-03-18T09:17:00.984Z","real"
99,35.5,38.1,35,38,"2026-03-18T09:16:56.095Z","real"
99,35.5,38.2,35,38,"2026-03-18T09:16:51.246Z","real"
99,35.5,38.3,35,38,"2026-03-18T09:16:46.257Z","real"
99,35.4,38.3,35,38,"2026-03-18T09:16:41.136Z","real"
99,35.4,38.6,35,38,"2026-03-18T09:16:36.252Z","real"
99,35.4,38.5,35,38,"2026-03-18T09:16:31.081Z","real"
99,35.4,38.6,35,38,"2026-03-18T09:16:26.626Z","real"
99,35.4,39,35,38,"2026-03-18T09:16:21.040Z","real"
99,35.4,39.3,35,38,"2026-03-18T09:16:16.136Z","real"
99,35.4,39,35,38,"2026-03-18T09:16:11.027Z","real"
99,35.3,39.3,35,38,"2026-03-18T09:16:01.007Z","real"
99,35.3,39.3,35,38,"2026-03-18T09:15:56.060Z","real"
99,35.3,39.3,35,38,"2026-03-18T09:15:51.211Z","real"
99,35.3,39.3,35,38,"2026-03-18T09:15:46.065Z","real"
99,35.3,39.3,35,38,"2026-03-18T09:15:41.217Z","real"
99,35.3,39.2,35,38,"2026-03-18T09:15:35.991Z","real"
99,35.3,38.7,35,38,"2026-03-18T09:15:31.120Z","real"
99,35.3,38.6,35,38,"2026-03-18T09:15:26.171Z","real"
99,35.3,38.4,35,38,"2026-03-18T09:15:21.079Z","real"
99,35.3,38.2,35,38,"2026-03-18T09:15:16.164Z","real"
99,35.4,38.4,35,38,"2026-03-18T09:15:11.017Z","real"
99,35.3,38.4,35,38,"2026-03-18T09:15:06.101Z","real"
99,35.3,37.1,35,38,"2026-03-18T09:15:01.230Z","real"
99,35.4,38.8,35,38,"2026-03-18T09:14:56.367Z","real"
99,35.4,38.9,35,38,"2026-03-18T09:14:51.038Z","real"
99,35.4,39.3,35,38,"2026-03-18T09:14:46.520Z","real"
99,35.3,39.4,35,38,"2026-03-18T09:14:41.136Z","real"
99,35.3,39.4,35,38,"2026-03-18T09:14:36.214Z","real"
99,35.3,39.5,35,38,"2026-03-18T09:14:31.088Z","real"
99,35.3,39.2,35,38,"2026-03-18T09:14:26.227Z","real"
99,35.3,39.6,35,38,"2026-03-18T09:14:21.021Z","real"
99,35.3,39.6,35,38,"2026-03-18T09:14:19.393Z","real"
99,35.3,39.6,35,38,"2026-03-18T09:14:16.128Z","real"
99,35.3,39.8,35,38,"2026-03-18T09:14:11.007Z","real"
99,35.2,39.8,35,38,"2026-03-18T09:14:06.093Z","real"
99,35.2,39.8,35,38,"2026-03-18T09:14:01.215Z","real"
99,35.2,39.7,35,38,"2026-03-18T09:13:56.068Z","real"
99,35.2,39.6,35,38,"2026-03-18T09:13:51.344Z","real"
99,35.2,39.4,35,38,"2026-03-18T09:13:46.016Z","real"
102,35.2,39.3,36,39,"2026-03-18T09:13:41.146Z","real"
102,35.2,39.3,36,39,"2026-03-18T09:13:36.187Z","real"
97,35.1,39.2,34,37,"2026-03-18T09:13:31.089Z","real"
97,35.1,39.1,34,37,"2026-03-18T09:13:26.172Z","real"
99,35.1,39.1,35,38,"2026-03-18T09:13:21.034Z","real"
501,35.1,39,1205,1060,"2026-03-18T09:13:16.518Z","real"
501,35.1,39,1205,1060,"2026-03-18T09:13:16.114Z","real"
501,35.1,38.9,1205,1060,"2026-03-18T09:13:10.993Z","real"
501,35,38.8,1205,1060,"2026-03-18T09:13:06.090Z","real"
501,35,38.5,1205,1060,"2026-03-18T09:13:01.173Z","real"
501,35,38.6,1205,1060,"2026-03-18T09:12:56.084Z","real"
501,35,38.5,1205,1060,"2026-03-18T09:12:51.129Z","real"
501,35,38.3,1205,1060,"2026-03-18T09:12:46.380Z","real"
501,35,38.2,1205,1060,"2026-03-18T09:12:41.104Z","real"
501,35,38.1,1205,1060,"2026-03-18T09:12:36.186Z","real"
501,35,38.1,1205,1060,"2026-03-18T09:12:31.302Z","real"
501,35,38.1,1205,1060,"2026-03-18T09:12:26.238Z","real"
501,35,38.8,1205,1060,"2026-03-18T09:12:21.031Z","real"
501,35.1,39.4,1205,1060,"2026-03-18T09:12:16.120Z","real"
501,35.1,39.2,1205,1060,"2026-03-18T09:12:11.191Z","real"
501,35.1,39.5,1205,1060,"2026-03-18T09:12:06.113Z","real"
501,35,39.5,1205,1060,"2026-03-18T09:12:01.240Z","real"
501,35.1,39.2,1205,1060,"2026-03-18T09:11:56.057Z","real"
501,35.1,39,1205,1060,"2026-03-18T09:11:51.135Z","real"
501,35.1,39.5,1205,1060,"2026-03-18T09:11:46.013Z","real"
501,35.1,39.9,1205,1060,"2026-03-18T09:11:41.124Z","real"
501,35,39.7,1205,1060,"2026-03-18T09:11:36.387Z","real"
501,35,39.4,1205,1060,"2026-03-18T09:11:31.057Z","real"
63,35,39.2,18,18,"2026-03-18T09:11:26.221Z","real"
63,35,38.8,18,18,"2026-03-18T09:11:21.125Z","real"
84,35,38.8,28,28,"2026-03-18T09:11:16.332Z","real"
84,35,38.6,28,28,"2026-03-18T09:11:10.990Z","real"
84,35,38.6,28,28,"2026-03-18T09:11:06.289Z","real"
84,35,37,28,28,"2026-03-18T09:11:01.372Z","real"
84,35,38.1,28,28,"2026-03-18T09:10:56.037Z","real"
84,35,38.1,28,28,"2026-03-18T09:10:51.243Z","real"
84,35,38.2,28,28,"2026-03-18T09:10:46.048Z","real"
91,35,38.2,31,33,"2026-03-18T09:10:41.104Z","real"
89,34.9,38.2,30,30,"2026-03-18T09:10:36.177Z","real"
89,35,38.3,30,30,"2026-03-18T09:10:31.262Z","real"
89,35,38.4,30,30,"2026-03-18T09:10:26.763Z","real"
89,34.9,38.2,30,30,"2026-03-18T09:10:21.235Z","real"
89,35,38.2,30,30,"2026-03-18T09:10:16.233Z","real"
89,35,38.1,30,30,"2026-03-18T09:10:12.049Z","real"
89,35,38.1,30,30,"2026-03-18T09:10:06.188Z","real"
89,35,38.3,30,30,"2026-03-18T09:10:01.166Z","real"
89,35,38.5,30,30,"2026-03-18T09:09:56.034Z","real"
89,35,38.3,30,30,"2026-03-18T09:09:51.188Z","real"
89,35,38.3,30,30,"2026-03-18T09:09:46.007Z","real"
89,35,38.2,30,30,"2026-03-18T09:09:41.080Z","real"
89,35,38.1,30,30,"2026-03-18T09:09:36.238Z","real"
89,35,38.2,30,30,"2026-03-18T09:09:31.050Z","real"
89,35,38.4,30,30,"2026-03-18T09:09:26.123Z","real"
89,35,38.2,30,30,"2026-03-18T09:09:21.146Z","real"
89,35,38,30,30,"2026-03-18T09:09:16.102Z","real"
89,35,38,30,30,"2026-03-18T09:09:11.344Z","real"
89,35,38.2,30,30,"2026-03-18T09:09:06.315Z","real"
89,35,38.1,30,30,"2026-03-18T09:09:01.149Z","real"
89,35,38.1,30,30,"2026-03-18T09:08:56.026Z","real"
89,35.1,37.5,30,30,"2026-03-18T09:08:51.349Z","real"
89,35.1,37.2,30,30,"2026-03-18T09:08:46.202Z","real"
89,35.1,37,30,30,"2026-03-18T09:08:41.078Z","real"
89,35.1,37.2,30,30,"2026-03-18T09:08:36.463Z","real"
89,35.1,37.7,30,30,"2026-03-18T09:08:31.114Z","real"
89,35.1,38,30,30,"2026-03-18T09:08:26.129Z","real"
89,35.1,38.1,30,30,"2026-03-18T09:08:21.719Z","real"
89,35.2,38.1,30,30,"2026-03-18T09:08:16.618Z","real"
89,35.2,37.7,30,30,"2026-03-18T09:08:11.210Z","real"
89,35.2,37.5,30,30,"2026-03-18T09:08:06.051Z","real"
63,35.2,36,18,19,"2026-03-18T09:08:01.154Z","real"
63,35.2,37.2,18,19,"2026-03-18T09:07:56.231Z","real"
63,35.2,37.3,18,19,"2026-03-18T09:07:51.237Z","real"
63,35.2,36.9,18,19,"2026-03-18T09:07:45.985Z","real"
63,35.2,37.6,18,19,"2026-03-18T09:07:41.117Z","real"
63,35.2,38.3,18,19,"2026-03-18T09:07:36.231Z","real"
63,35.2,38.4,18,19,"2026-03-18T09:07:31.239Z","real"
63,35.2,37.3,18,19,"2026-03-18T09:07:26.129Z","real"
63,35.2,39.2,18,19,"2026-03-18T09:07:21.046Z","real"
63,35.2,39.2,18,19,"2026-03-18T09:07:16.080Z","real"
63,35.1,39.6,18,19,"2026-03-18T09:07:11.174Z","real"
63,35.1,39.2,18,19,"2026-03-18T09:07:06.047Z","real"
63,35.1,39.2,18,19,"2026-03-18T09:07:01.139Z","real"
63,35.1,39.1,18,19,"2026-03-18T09:06:56.022Z","real"
63,35.1,39.4,18,19,"2026-03-18T09:06:51.112Z","real"
63,35.1,39.3,18,19,"2026-03-18T09:06:46.204Z","real"
63,35.1,39.1,18,19,"2026-03-18T09:06:41.066Z","real"
63,35.1,39,18,19,"2026-03-18T09:06:36.216Z","real"
63,35.1,39,18,19,"2026-03-18T09:06:31.039Z","real"
63,35.2,39.1,18,19,"2026-03-18T09:06:26.328Z","real"
63,35.4,38.8,18,19,"2026-03-18T09:06:21.000Z","real"
63,35.6,37.9,18,19,"2026-03-18T09:06:16.089Z","real"
63,35.4,36.8,18,19,"2026-03-18T09:06:11.362Z","real"
63,35,38.3,18,19,"2026-03-18T09:06:06.048Z","real"
63,35,38.3,18,19,"2026-03-18T09:06:01.137Z","real"
63,34.9,38.2,18,19,"2026-03-18T09:05:56.012Z","real"
63,34.9,38.1,18,19,"2026-03-18T09:05:51.096Z","real"
63,34.8,38.1,18,19,"2026-03-18T09:05:46.179Z","real"
63,34.8,38.4,18,19,"2026-03-18T09:05:41.065Z","real"
63,34.7,37.8,18,19,"2026-03-18T09:05:36.154Z","real"
63,34.6,37.8,18,18,"2026-03-18T09:05:31.026Z","real"
72,34.6,38.1,22,23,"2026-03-18T09:05:26.117Z","real"
72,34.7,38.2,22,23,"2026-03-18T09:05:20.997Z","real"
72,34.7,38.1,22,23,"2026-03-18T09:05:16.113Z","real"
72,34.7,38.2,22,23,"2026-03-18T09:05:11.173Z","real"
72,34.6,38.4,22,23,"2026-03-18T09:05:06.034Z","real"
72,34.5,38.8,22,23,"2026-03-18T09:05:01.140Z","real"
72,34.5,39.5,22,23,"2026-03-18T09:04:56.000Z","real"
72,34.5,39.9,22,23,"2026-03-18T09:04:51.090Z","real"
72,34.4,40.5,22,23,"2026-03-18T09:04:46.190Z","real"
72,34.3,40.9,22,23,"2026-03-18T09:04:41.065Z","real"
72,34.1,40.5,22,23,"2026-03-18T09:04:36.148Z","real"
72,34,39.9,22,23,"2026-03-18T09:04:31.051Z","real"
72,34,39.8,22,23,"2026-03-18T09:04:26.108Z","real"
72,33.9,39.5,22,23,"2026-03-18T09:04:21.308Z","real"
72,33.8,39.1,22,23,"2026-03-18T09:04:16.337Z","real"
72,33.6,39,22,23,"2026-03-18T09:04:11.172Z","real"
72,33.6,39.1,22,23,"2026-03-18T09:04:06.063Z","real"
72,33.4,39,22,23,"2026-03-18T09:04:01.130Z","real"
72,33.2,39,22,23,"2026-03-18T09:03:56.009Z","real"
72,33.1,39.1,22,23,"2026-03-18T09:03:51.096Z","real"
72,33,39.2,22,23,"2026-03-18T09:03:46.164Z","real"
72,32.9,39.4,22,23,"2026-03-18T09:03:41.171Z","real"
72,32.8,40.2,22,23,"2026-03-18T09:03:36.153Z","real"
72,32.7,40.9,22,23,"2026-03-18T09:03:31.027Z","real"
95,32.6,41.5,33,33,"2026-03-18T09:03:26.107Z","real"
95,32.7,41.3,33,33,"2026-03-18T09:03:21.194Z","real"
95,32.7,41.1,33,33,"2026-03-18T09:03:16.109Z","real"
95,32.7,41.2,33,33,"2026-03-18T09:03:11.175Z","real"
95,32.7,41.6,33,33,"2026-03-18T09:03:06.039Z","real"
95,32.7,41.7,33,33,"2026-03-18T09:03:01.133Z","real"
95,32.7,42,33,33,"2026-03-18T09:02:56.022Z","real"
95,32.7,41.3,33,33,"2026-03-18T09:02:51.146Z","real"
95,32.7,40.6,33,33,"2026-03-18T09:02:46.166Z","real"
95,32.7,40.7,33,33,"2026-03-18T09:02:41.060Z","real"
95,32.8,40.6,33,33,"2026-03-18T09:02:36.146Z","real"
95,32.7,40.3,33,33,"2026-03-18T09:02:31.043Z","real"
95,32.8,39.5,33,33,"2026-03-18T09:02:26.131Z","real"
95,32.8,40.6,33,33,"2026-03-18T09:02:21.236Z","real"
95,32.8,40.8,33,33,"2026-03-18T09:02:16.144Z","real"
95,32.9,40.9,33,33,"2026-03-18T09:02:11.416Z","real"
95,32.9,41.1,33,33,"2026-03-18T09:02:06.045Z","real"
95,32.9,41.1,33,33,"2026-03-18T09:02:01.320Z","real"
95,32.9,41,33,33,"2026-03-18T09:01:56.277Z","real"
95,33,40.9,33,33,"2026-03-18T09:01:51.076Z","real"
95,33,40.8,33,33,"2026-03-18T09:01:46.217Z","real"
95,33,40.8,33,33,"2026-03-18T09:01:41.105Z","real"
95,33,41,33,33,"2026-03-18T09:01:36.635Z","real"
95,33,41.3,33,33,"2026-03-18T09:01:31.433Z","real"
95,33.1,40.7,33,33,"2026-03-18T09:01:26.092Z","real"
95,33.1,40.8,33,33,"2026-03-18T09:01:21.602Z","real"
95,33.2,40.9,33,33,"2026-03-18T09:01:16.075Z","real"
95,33.2,40.5,33,33,"2026-03-18T09:01:11.155Z","real"
95,33.2,39.9,33,33,"2026-03-18T09:01:06.126Z","real"
95,33.2,39.7,33,33,"2026-03-18T09:01:01.145Z","real"
87,33.2,39.7,29,30,"2026-03-18T09:00:55.998Z","real"
87,33.2,39.6,29,30,"2026-03-18T09:00:51.176Z","real"
87,33.3,39.5,29,30,"2026-03-18T09:00:46.274Z","real"
87,33.3,39.4,29,30,"2026-03-18T09:00:41.245Z","real"
87,33.3,39.5,29,30,"2026-03-18T09:00:36.136Z","real"
87,33.4,40,29,30,"2026-03-18T09:00:31.209Z","real"
87,33.5,40.1,29,30,"2026-03-18T09:00:26.413Z","real"
87,33.5,39.9,29,30,"2026-03-18T09:00:21.183Z","real"
87,33.5,39.4,29,30,"2026-03-18T09:00:16.261Z","real"
87,33.5,40,29,30,"2026-03-18T09:00:11.228Z","real"
87,33.5,39.7,29,30,"2026-03-18T09:00:06.025Z","real"
87,33.5,39.4,29,30,"2026-03-18T09:00:01.099Z","real"
87,33.4,40.6,29,30,"2026-03-18T08:59:56.390Z","real"
87,33.4,39.5,29,30,"2026-03-18T08:59:51.065Z","real"
87,33.4,40.2,29,30,"2026-03-18T08:59:46.159Z","real"
87,33.4,40.7,29,30,"2026-03-18T08:59:41.139Z","real"
87,33.4,41.3,29,30,"2026-03-18T08:59:38.298Z","real"
87,33.4,40.8,29,30,"2026-03-18T08:59:30.997Z","real"
87,33.4,40.3,29,30,"2026-03-18T08:59:26.082Z","real"
87,33.3,40,29,30,"2026-03-18T08:59:21.078Z","real"
87,33.1,39.5,29,30,"2026-03-18T08:59:16.250Z","real"
87,33,39.2,29,30,"2026-03-18T08:59:11.136Z","real"
87,33,39.1,29,30,"2026-03-18T08:59:06.546Z","real"
87,33.1,40.4,29,30,"2026-03-18T08:59:01.131Z","real"
87,33,40.2,29,30,"2026-03-18T08:58:56.372Z","real"
87,33,40.1,29,30,"2026-03-18T08:58:51.196Z","real"
87,33,40.3,29,30,"2026-03-18T08:58:46.157Z","real"
87,33,39.5,29,30,"2026-03-18T08:58:41.251Z","real"
87,33,39.7,29,30,"2026-03-18T08:58:36.111Z","real"
87,33,38.6,29,30,"2026-03-18T08:58:31.195Z","real"
87,33,40.4,29,30,"2026-03-18T08:58:26.146Z","real"
89,32.9,40.3,30,34,"2026-03-18T08:58:21.376Z","real"
89,32.9,40,30,34,"2026-03-18T08:58:16.163Z","real"
89,32.9,39.9,30,34,"2026-03-18T08:58:11.026Z","real"
89,32.9,40.2,30,34,"2026-03-18T08:58:06.229Z","real"
89,32.9,40,30,34,"2026-03-18T08:58:01.100Z","real"
89,32.9,39.9,30,34,"2026-03-18T08:57:56.176Z","real"
89,32.9,39.6,30,34,"2026-03-18T08:57:51.663Z","real"
89,32.8,39.2,30,34,"2026-03-18T08:57:46.365Z","real"
89,32.8,39.3,30,34,"2026-03-18T08:57:41.061Z","real"
93,32.9,39.6,32,34,"2026-03-18T08:57:36.114Z","real"
93,32.9,39.6,32,34,"2026-03-18T08:57:32.211Z","real"
93,32.8,39.7,32,34,"2026-03-18T08:57:27.813Z","real"
93,32.9,40.2,32,34,"2026-03-18T08:57:21.153Z","real"
93,32.8,40.1,32,34,"2026-03-18T08:57:16.072Z","real"
93,32.8,40.1,32,34,"2026-03-18T08:57:11.187Z","real"
93,32.9,40,32,34,"2026-03-18T08:57:06.005Z","real"
93,32.9,39.9,32,34,"2026-03-18T08:57:01.135Z","real"
93,32.9,40,32,34,"2026-03-18T08:56:56.234Z","real"
93,32.9,40.3,32,34,"2026-03-18T08:56:51.050Z","real"
93,32.9,40.3,32,34,"2026-03-18T08:56:46.356Z","real"
93,32.9,40.3,32,34,"2026-03-18T08:56:41.415Z","real"
93,32.8,40.2,32,34,"2026-03-18T08:56:36.199Z","real"
93,32.8,40.4,32,34,"2026-03-18T08:56:31.204Z","real"
93,32.8,40.3,32,34,"2026-03-18T08:56:26.225Z","real"
93,32.9,40.3,32,34,"2026-03-18T08:56:21.354Z","real"
93,32.8,40.2,32,34,"2026-03-18T08:56:16.048Z","real"
93,32.8,40.4,32,34,"2026-03-18T08:56:11.108Z","real"
93,32.8,40.5,32,34,"2026-03-18T08:56:06.193Z","real"
93,32.8,40.4,32,34,"2026-03-18T08:56:01.143Z","real"
93,32.8,40.2,32,34,"2026-03-18T08:55:56.169Z","real"
93,32.7,40,32,34,"2026-03-18T08:55:51.071Z","real"
93,32.8,40.1,32,34,"2026-03-18T08:55:46.202Z","real"
93,32.8,40.1,32,34,"2026-03-18T08:55:41.217Z","real"
93,32.8,40.1,32,34,"2026-03-18T08:55:36.173Z","real"
93,32.8,40.1,32,34,"2026-03-18T08:55:31.231Z","real"
93,32.8,39.8,32,34,"2026-03-18T08:55:26.064Z","real"
93,32.8,39.8,32,34,"2026-03-18T08:55:21.198Z","real"
93,32.8,39.6,32,34,"2026-03-18T08:55:16.031Z","real"
93,32.8,39.7,32,34,"2026-03-18T08:55:11.158Z","real"
93,32.8,39.8,32,33,"2026-03-18T08:55:06.627Z","real"
78,32.8,39.8,25,25,"2026-03-18T08:55:01.069Z","real"
78,32.8,39.9,25,25,"2026-03-18T08:54:56.161Z","real"
78,32.8,39.9,25,25,"2026-03-18T08:54:51.054Z","real"
78,32.9,39.9,25,25,"2026-03-18T08:54:46.258Z","real"
78,32.8,39.7,25,25,"2026-03-18T08:54:41.013Z","real"
78,32.9,39.9,25,25,"2026-03-18T08:54:36.088Z","real"
78,32.8,39.8,25,25,"2026-03-18T08:54:31.305Z","real"
78,32.9,39.9,25,25,"2026-03-18T08:54:26.112Z","real"
78,32.9,39.9,25,25,"2026-03-18T08:54:21.230Z","real"
78,32.9,39.8,25,25,"2026-03-18T08:54:17.029Z","real"
78,32.9,40.1,25,25,"2026-03-18T08:54:11.564Z","real"
78,32.9,40.3,25,25,"2026-03-18T08:54:05.989Z","real"
78,32.9,40.4,25,25,"2026-03-18T08:54:01.057Z","real"
78,32.9,40.7,25,25,"2026-03-18T08:53:58.029Z","real"
78,32.9,40.8,25,25,"2026-03-18T08:53:51.142Z","real"
78,32.9,40.7,25,25,"2026-03-18T08:53:46.572Z","real"
78,32.9,40.6,25,25,"2026-03-18T08:53:41.408Z","real"
78,32.9,40.7,25,25,"2026-03-18T08:53:36.519Z","real"
78,32.9,40.8,25,25,"2026-03-18T08:53:31.162Z","real"
78,32.9,41.2,25,25,"2026-03-18T08:53:26.040Z","real"
78,32.9,40.5,25,25,"2026-03-18T08:53:21.350Z","real"
78,32.9,40.5,25,25,"2026-03-18T08:53:16.018Z","real"
78,32.9,40.4,25,25,"2026-03-18T08:53:11.103Z","real"
78,32.9,40.2,25,25,"2026-03-18T08:53:06.352Z","real"
78,32.9,40,25,25,"2026-03-18T08:53:01.083Z","real"
78,32.9,39.8,25,25,"2026-03-18T08:52:56.147Z","real"
78,32.9,39.8,25,25,"2026-03-18T08:52:51.028Z","real"
78,32.9,39.6,25,25,"2026-03-18T08:52:46.188Z","real"
78,32.9,39.7,25,25,"2026-03-18T08:52:41.018Z","real"
78,32.9,39.6,25,25,"2026-03-18T08:52:36.114Z","real"
78,32.9,39.9,25,25,"2026-03-18T08:52:31.278Z","real"
78,33,39.8,25,25,"2026-03-18T08:52:26.038Z","real"
78,33,39.8,25,25,"2026-03-18T08:52:21.127Z","real"
78,33,39.8,25,25,"2026-03-18T08:52:16.060Z","real"
78,33,39.7,25,25,"2026-03-18T08:52:11.090Z","real"
78,33,39.6,25,25,"2026-03-18T08:52:06.184Z","real"
78,33.1,39.8,25,25,"2026-03-18T08:52:01.059Z","real"
78,33.1,40.1,25,25,"2026-03-18T08:51:56.161Z","real"
78,33,40.1,25,25,"2026-03-18T08:51:51.038Z","real"
78,33.1,40.2,25,25,"2026-03-18T08:51:46.105Z","real"
78,33.1,40.4,25,25,"2026-03-18T08:51:41.026Z","real"
78,33,40.4,25,25,"2026-03-18T08:51:36.091Z","real"
78,33,40.1,25,25,"2026-03-18T08:51:31.168Z","real"
78,33,40.4,25,25,"2026-03-18T08:51:26.057Z","real"
78,33.1,40.4,25,25,"2026-03-18T08:51:21.125Z","real"
78,33,40.7,25,25,"2026-03-18T08:51:16.007Z","real"
78,33,40.6,25,25,"2026-03-18T08:51:11.120Z","real"
78,33,40.3,25,25,"2026-03-18T08:51:06.192Z","real"
78,33,40.5,25,25,"2026-03-18T08:51:01.260Z","real"
78,33,40.5,25,25,"2026-03-18T08:50:56.168Z","real"
78,33,40.2,25,25,"2026-03-18T08:50:51.018Z","real"
78,33,40,25,25,"2026-03-18T08:50:46.108Z","real"
78,33,40,25,25,"2026-03-18T08:50:41.513Z","real"
89,33,39,30,32,"2026-03-18T08:50:36.080Z","real"
89,33.1,39.9,30,32,"2026-03-18T08:50:31.259Z","real"
89,33,39.8,30,32,"2026-03-18T08:50:26.030Z","real"
89,33,40.1,30,32,"2026-03-18T08:50:21.137Z","real"
89,33.1,40.1,30,32,"2026-03-18T08:50:16.005Z","real"
89,33.1,40,30,32,"2026-03-18T08:50:11.288Z","real"
89,33.1,40.1,30,32,"2026-03-18T08:50:06.174Z","real"
89,33.2,40.1,30,32,"2026-03-18T08:50:01.051Z","real"
89,33.1,39.8,30,32,"2026-03-18T08:49:56.130Z","real"
89,33.2,39.5,30,32,"2026-03-18T08:49:51.233Z","real"
89,33.2,39.4,30,32,"2026-03-18T08:49:46.197Z","real"
89,33.2,38,30,32,"2026-03-18T08:49:41.178Z","real"
89,33.2,39.8,30,32,"2026-03-18T08:49:36.268Z","real"
89,33.3,39.8,30,32,"2026-03-18T08:49:31.151Z","real"
89,33.3,39.7,30,32,"2026-03-18T08:49:26.068Z","real"
89,33.3,39.9,30,32,"2026-03-18T08:49:21.135Z","real"
89,33.3,40.5,30,32,"2026-03-18T08:49:15.998Z","real"
89,33.3,40.9,30,32,"2026-03-18T08:49:11.164Z","real"
89,33.3,40.3,30,32,"2026-03-18T08:49:06.208Z","real"
89,33.3,40.3,30,32,"2026-03-18T08:49:01.044Z","real"
89,33.3,40.3,30,32,"2026-03-18T08:48:56.229Z","real"
89,33.3,40.3,30,32,"2026-03-18T08:48:51.898Z","real"
89,33.3,40.4,30,32,"2026-03-18T08:48:46.089Z","real"
89,33.3,40.2,30,32,"2026-03-18T08:48:41.187Z","real"
89,33.3,40.1,30,32,"2026-03-18T08:48:36.072Z","real"
89,33.3,39.8,30,32,"2026-03-18T08:48:31.543Z","real"
89,33.3,39.6,30,32,"2026-03-18T08:48:26.027Z","real"
89,33.3,39.5,30,32,"2026-03-18T08:48:21.244Z","real"
89,33.3,39.5,30,32,"2026-03-18T08:48:16.210Z","real"
89,33.4,39.5,30,32,"2026-03-18T08:48:11.075Z","real"
82,33.4,39.5,27,28,"2026-03-18T08:48:06.175Z","real"
82,33.4,39.4,27,28,"2026-03-18T08:48:01.030Z","real"
82,33.5,39.7,27,28,"2026-03-18T08:47:56.213Z","real"
82,33.3,39.4,27,28,"2026-03-18T08:47:51.003Z","real"
82,33.2,39.3,27,28,"2026-03-18T08:47:46.094Z","real"
82,33.1,38.8,27,28,"2026-03-18T08:47:41.410Z","real"
82,33,38.8,27,28,"2026-03-18T08:47:36.061Z","real"
82,33,38.7,27,28,"2026-03-18T08:47:31.147Z","real"
82,33,38.5,27,28,"2026-03-18T08:47:26.455Z","real"
82,33,38.3,27,28,"2026-03-18T08:47:21.303Z","real"
82,33,38.7,27,28,"2026-03-18T08:47:16.198Z","real"
82,33,39.1,27,28,"2026-03-18T08:47:11.074Z","real"
82,33.1,39.3,27,28,"2026-03-18T08:47:06.362Z","real"
82,33.1,39.2,27,28,"2026-03-18T08:47:01.037Z","real"
82,33,39,27,28,"2026-03-18T08:46:56.122Z","real"
82,33,38.3,27,28,"2026-03-18T08:46:51.234Z","real"
82,33,38.6,27,28,"2026-03-18T08:46:46.123Z","real"
82,33,38.8,27,28,"2026-03-18T08:46:41.372Z","real"
82,33,38.7,27,28,"2026-03-18T08:46:36.247Z","real"
82,33,39.3,27,28,"2026-03-18T08:46:31.343Z","real"
82,33,38.9,27,28,"2026-03-18T08:46:26.025Z","real"
82,32.9,38.5,27,28,"2026-03-18T08:46:21.099Z","real"
82,33,38.4,27,28,"2026-03-18T08:46:16.257Z","real"
82,33,38.4,27,28,"2026-03-18T08:46:11.105Z","real"
82,33,38.5,27,28,"2026-03-18T08:46:06.347Z","real"
82,33.1,38.9,27,28,"2026-03-18T08:46:01.225Z","real"
82,33,39.1,27,28,"2026-03-18T08:45:56.115Z","real"
82,32.9,39.7,27,28,"2026-03-18T08:45:51.021Z","real"
82,32.7,38.9,27,28,"2026-03-18T08:45:46.092Z","real"
84,32.6,38.5,28,29,"2026-03-18T08:45:41.391Z","real"
84,32.5,38.6,28,29,"2026-03-18T08:45:36.051Z","real"
84,32.3,39.1,28,29,"2026-03-18T08:45:31.131Z","real"
89,32.2,39.2,30,30,"2026-03-18T08:45:26.012Z","real"
89,32.1,39.4,30,30,"2026-03-18T08:45:21.204Z","real"
89,32,39.7,30,30,"2026-03-18T08:45:16.193Z","real"
89,32,39.8,30,30,"2026-03-18T08:45:11.062Z","real"
89,31.9,39.8,30,30,"2026-03-18T08:45:06.148Z","real"
89,31.7,39.8,30,30,"2026-03-18T08:45:01.241Z","real"
89,31.7,39,30,30,"2026-03-18T08:44:56.102Z","real"
89,31.7,40.8,30,30,"2026-03-18T08:44:51.243Z","real"
89,31.7,41,30,30,"2026-03-18T08:44:46.080Z","real"
89,31.7,40.9,30,30,"2026-03-18T08:44:41.165Z","real"
89,31.7,40.7,30,30,"2026-03-18T08:44:36.103Z","real"
89,31.8,40.4,30,30,"2026-03-18T08:44:31.147Z","real"
89,31.8,40.5,30,30,"2026-03-18T08:44:26.013Z","real"
89,31.8,40.8,30,30,"2026-03-18T08:44:21.089Z","real"
89,31.8,40.8,30,30,"2026-03-18T08:44:16.218Z","real"
89,31.8,40.8,30,30,"2026-03-18T08:44:11.069Z","real"
89,31.9,40.7,30,30,"2026-03-18T08:44:06.158Z","real"
89,31.9,40.8,30,30,"2026-03-18T08:44:01.214Z","real"
89,31.9,40.7,30,30,"2026-03-18T08:43:56.142Z","real"
89,31.9,40.7,30,30,"2026-03-18T08:43:51.214Z","real"
89,31.9,40.7,30,30,"2026-03-18T08:43:46.114Z","real"
89,31.9,40.8,30,30,"2026-03-18T08:43:41.194Z","real"
89,31.9,40.4,30,30,"2026-03-18T08:43:36.051Z","real"
89,32,40.4,30,30,"2026-03-18T08:43:31.157Z","real"
89,31.9,40.3,30,30,"2026-03-18T08:43:25.999Z","real"
89,32,39.2,30,30,"2026-03-18T08:43:21.084Z","real"
89,32,40.5,30,30,"2026-03-18T08:43:16.439Z","real"
89,32,40.5,30,30,"2026-03-18T08:43:11.054Z","real"
89,32,40.4,30,30,"2026-03-18T08:43:06.336Z","real"
89,32,40.4,30,30,"2026-03-18T08:43:01.203Z","real"
89,32,40.4,30,30,"2026-03-18T08:42:56.094Z","real"
89,32,40.5,30,30,"2026-03-18T08:42:51.243Z","real"
89,32,40.5,30,30,"2026-03-18T08:42:46.069Z","real"
89,32.1,40.3,30,30,"2026-03-18T08:42:41.149Z","real"
89,32,40.1,30,30,"2026-03-18T08:42:36.277Z","real"
89,32,40.1,30,30,"2026-03-18T08:42:31.313Z","real"
89,31.9,40,30,30,"2026-03-18T08:42:26.433Z","real"
89,31.9,40,30,30,"2026-03-18T08:42:21.085Z","real"
89,31.9,40,30,30,"2026-03-18T08:42:16.428Z","real"
89,31.8,40,30,30,"2026-03-18T08:42:11.449Z","real"
89,31.8,40.3,30,30,"2026-03-18T08:42:06.080Z","real"
89,31.8,40.2,30,30,"2026-03-18T08:42:01.036Z","real"
89,31.8,40.1,30,30,"2026-03-18T08:41:56.323Z","real"
89,31.8,40.1,30,30,"2026-03-18T08:41:51.213Z","real"
89,31.8,40.3,30,30,"2026-03-18T08:41:46.065Z","real"
89,31.7,40.2,30,30,"2026-03-18T08:41:41.197Z","real"
89,31.7,40,30,30,"2026-03-18T08:41:36.464Z","real"
89,31.7,38.4,30,30,"2026-03-18T08:41:31.115Z","real"
89,31.7,39.9,30,30,"2026-03-18T08:41:26.269Z","real"
89,31.7,39.8,30,30,"2026-03-18T08:41:21.264Z","real"
89,31.7,39.8,30,30,"2026-03-18T08:41:16.372Z","real"
89,31.7,40.2,30,30,"2026-03-18T08:41:11.039Z","real"
89,31.7,40.3,30,30,"2026-03-18T08:41:06.229Z","real"
89,31.7,40.9,30,30,"2026-03-18T08:41:01.234Z","real"
89,31.7,41.7,30,30,"2026-03-18T08:40:56.092Z","real"
89,31.6,41.1,30,30,"2026-03-18T08:40:51.169Z","real"
89,31.6,41.3,30,30,"2026-03-18T08:40:46.225Z","real"
89,31.6,41.8,30,30,"2026-03-18T08:40:41.219Z","real"
89,31.6,41.5,30,30,"2026-03-18T08:40:36.024Z","real"
89,31.6,41.9,30,30,"2026-03-18T08:40:31.116Z","real"
89,31.5,41.4,30,30,"2026-03-18T08:40:26.409Z","real"
89,31.5,41.5,30,30,"2026-03-18T08:40:21.098Z","real"
89,31.5,42.1,30,30,"2026-03-18T08:40:16.178Z","real"
89,31.5,41.6,30,30,"2026-03-18T08:40:11.445Z","real"
89,31.5,41,30,30,"2026-03-18T08:40:06.344Z","real"
89,31.5,40.6,30,30,"2026-03-18T08:40:01.002Z","real"
89,31.5,41.1,30,30,"2026-03-18T08:39:56.099Z","real"
89,31.5,42,30,30,"2026-03-18T08:39:51.248Z","real"
89,31.4,42.5,30,30,"2026-03-18T08:39:46.048Z","real"
89,31.4,42.5,30,30,"2026-03-18T08:39:41.177Z","real"
89,31.4,42.1,30,30,"2026-03-18T08:39:36.428Z","real"
89,31.4,41.7,30,30,"2026-03-18T08:39:31.308Z","real"
89,31.4,42,30,30,"2026-03-18T08:39:26.234Z","real"
89,31.3,42.5,30,30,"2026-03-18T08:39:21.060Z","real"
89,31.3,42.6,30,30,"2026-03-18T08:39:16.209Z","real"
89,31.3,43.1,30,30,"2026-03-18T08:39:11.034Z","real"
89,31.3,43.2,30,30,"2026-03-18T08:39:06.117Z","real"
89,31.3,43.7,30,30,"2026-03-18T08:39:01.189Z","real"
89,31.3,43.8,30,30,"2026-03-18T08:38:56.255Z","real"
89,31.2,43.9,30,30,"2026-03-18T08:38:51.182Z","real"
89,31.2,43.7,30,30,"2026-03-18T08:38:46.046Z","real"
89,31.2,43.5,30,30,"2026-03-18T08:38:41.429Z","real"
89,31.2,43.6,30,30,"2026-03-18T08:38:36.236Z","real"
89,31.1,43.6,30,30,"2026-03-18T08:38:31.094Z","real"
89,31.1,43.5,30,30,"2026-03-18T08:38:26.239Z","real"
89,31.1,43.3,30,30,"2026-03-18T08:38:21.093Z","real"
89,31.1,43.3,30,30,"2026-03-18T08:38:16.158Z","real"
89,31.1,44,30,30,"2026-03-18T08:38:11.022Z","real"
89,31.1,43.9,30,30,"2026-03-18T08:38:06.178Z","real"
89,31.1,43.7,30,30,"2026-03-18T08:38:01.239Z","real"
89,31,43.9,30,30,"2026-03-18T08:37:56.074Z","real"
89,31,43.7,30,30,"2026-03-18T08:37:51.568Z","real"
89,31,43.2,30,30,"2026-03-18T08:37:46.453Z","real"
89,30.9,43.5,30,30,"2026-03-18T08:37:41.153Z","real"
89,30.9,43.9,30,30,"2026-03-18T08:37:36.007Z","real"
89,30.9,44.1,30,30,"2026-03-18T08:37:31.116Z","real"
89,30.9,43.9,30,30,"2026-03-18T08:37:26.277Z","real"
91,30.8,44.2,31,31,"2026-03-18T08:37:21.053Z","real"
93,30.8,44.2,32,32,"2026-03-18T08:37:16.165Z","real"
93,30.8,44,32,32,"2026-03-18T08:37:11.450Z","real"
93,30.8,43.9,32,32,"2026-03-18T08:37:06.120Z","real"
93,30.7,43.4,32,32,"2026-03-18T08:37:01.200Z","real"
93,30.7,43.2,32,32,"2026-03-18T08:36:56.289Z","real"
93,30.6,43.1,32,32,"2026-03-18T08:36:51.362Z","real"
95,30.6,43.6,33,33,"2026-03-18T08:36:46.046Z","real"
95,30.6,43,33,33,"2026-03-18T08:36:44.200Z","real"
76,30.6,43,24,24,"2026-03-18T08:36:43.784Z","real"
74,30.6,43,23,23,"2026-03-18T08:36:43.592Z","real"
50,30.6,43,12,12,"2026-03-18T08:36:43.187Z","real"
0,30.6,42.5,0,0,"2026-03-18T08:36:39.737Z","real"
0,30.6,42.5,0,0,"2026-03-18T08:36:39.707Z","real"
8,31,39.6,2,3,"2026-03-18T08:27:57.383Z","real"
8,31.1,39.8,2,3,"2026-03-18T08:27:52.412Z","real"
8,31.1,40.3,2,3,"2026-03-18T08:27:47.368Z","real"
8,31.3,41,2,3,"2026-03-18T08:27:42.570Z","real"
8,31.3,41.6,2,3,"2026-03-18T08:27:37.503Z","real"
8,31.3,43.9,2,3,"2026-03-18T08:27:32.271Z","real"
8,31.3,48.9,2,3,"2026-03-18T08:27:27.432Z","real"
8,31.3,48.8,2,3,"2026-03-18T08:27:22.454Z","real"
8,31.3,49.4,2,3,"2026-03-18T08:27:17.326Z","real"
84,31.3,50.1,28,30,"2026-03-18T08:27:12.394Z","real"
84,31.3,49.2,28,30,"2026-03-18T08:27:07.342Z","real"
84,31.3,50.9,28,30,"2026-03-18T08:27:02.430Z","real"
84,31.3,52.3,28,30,"2026-03-18T08:26:57.239Z","real"
84,31.2,51.8,28,30,"2026-03-18T08:26:52.130Z","real"
84,31.3,49.2,28,30,"2026-03-18T08:26:47.301Z","real"
84,31.2,49,28,30,"2026-03-18T08:26:42.298Z","real"
84,31.2,48.3,28,30,"2026-03-18T08:26:37.168Z","real"
84,31.2,48.5,28,30,"2026-03-18T08:26:32.461Z","real"
84,31.2,48.5,28,30,"2026-03-18T08:26:27.351Z","real"
84,31.1,47.6,28,30,"2026-03-18T08:26:22.316Z","real"
84,31.2,46.4,28,30,"2026-03-18T08:26:17.313Z","real"
84,31.1,46.1,28,30,"2026-03-18T08:26:12.199Z","real"
84,31.2,46.1,28,30,"2026-03-18T08:26:07.310Z","real"
84,31.1,46.3,28,30,"2026-03-18T08:26:02.177Z","real"
84,31.1,47.1,28,30,"2026-03-18T08:25:57.253Z","real"
84,31.1,46.3,28,29,"2026-03-18T08:25:52.786Z","real"
84,31.1,44.7,28,29,"2026-03-18T08:25:47.504Z","real"
501,31.1,45.9,6144,6656,"2026-03-18T08:25:42.322Z","real"
501,31.1,45.6,6144,6656,"2026-03-18T08:25:37.163Z","real"
501,31.1,43.5,6144,6656,"2026-03-18T08:25:32.321Z","real"
501,31.1,41.6,6144,6656,"2026-03-18T08:25:27.137Z","real"
501,31.1,41.5,6144,6656,"2026-03-18T08:25:22.214Z","real"
501,31.1,41.1,6144,6656,"2026-03-18T08:25:19.782Z","real"
501,31.1,41.4,6144,6656,"2026-03-18T08:25:12.257Z","real"
501,31.1,41.7,6144,6656,"2026-03-18T08:25:07.301Z","real"
70,31.1,42.8,21,23,"2026-03-18T08:25:02.573Z","real"
70,31.1,42.2,21,23,"2026-03-18T08:24:57.311Z","real"
70,31.1,41.9,21,23,"2026-03-18T08:24:52.313Z","real"
70,31.1,41.1,21,23,"2026-03-18T08:24:47.217Z","real"
70,31.1,39.9,21,23,"2026-03-18T08:24:42.522Z","real"
70,31.1,41.9,21,23,"2026-03-18T08:24:39.787Z","real"
70,31.1,42.6,21,23,"2026-03-18T08:24:32.245Z","real"
70,31.1,42.1,21,23,"2026-03-18T08:24:27.130Z","real"
70,31.1,42.5,21,23,"2026-03-18T08:24:22.515Z","real"
70,31,42.6,21,23,"2026-03-18T08:24:17.578Z","real"
70,31,42.5,21,23,"2026-03-18T08:24:12.410Z","real"
70,31,42.3,21,23,"2026-03-18T08:24:07.362Z","real"
70,31,42.3,21,23,"2026-03-18T08:24:02.161Z","real"
70,31,42.5,21,22,"2026-03-18T08:23:57.225Z","real"
70,31,42.6,21,22,"2026-03-18T08:23:52.586Z","real"
95,31,42.9,33,35,"2026-03-18T08:23:47.399Z","real"
95,31,42.2,33,35,"2026-03-18T08:23:42.292Z","real"
95,31,41.8,33,35,"2026-03-18T08:23:37.222Z","real"
95,31,42.4,33,35,"2026-03-18T08:23:32.404Z","real"
95,31,42.7,33,35,"2026-03-18T08:23:27.497Z","real"
95,30.9,42.4,33,35,"2026-03-18T08:23:22.240Z","real"
95,30.9,44,33,35,"2026-03-18T08:23:17.456Z","real"
95,30.9,43,33,35,"2026-03-18T08:23:12.591Z","real"
95,30.9,42.3,33,35,"2026-03-18T08:23:07.467Z","real"
95,30.9,43.7,33,35,"2026-03-18T08:23:02.145Z","real"
95,30.8,44,33,35,"2026-03-18T08:22:57.413Z","real"
95,30.8,43.6,33,35,"2026-03-18T08:22:52.322Z","real"
95,30.8,43.3,33,35,"2026-03-18T08:22:47.194Z","real"
95,30.8,43.9,33,35,"2026-03-18T08:22:42.329Z","real"
95,30.8,44.7,33,35,"2026-03-18T08:22:37.373Z","real"
95,30.8,44.7,33,35,"2026-03-18T08:22:32.452Z","real"
95,30.8,43.5,33,35,"2026-03-18T08:22:27.113Z","real"
95,30.7,43,33,35,"2026-03-18T08:22:22.504Z","real"
95,30.7,45.4,33,35,"2026-03-18T08:22:17.500Z","real"
95,30.7,43.5,33,35,"2026-03-18T08:22:12.181Z","real"
95,30.7,43.8,33,35,"2026-03-18T08:22:07.558Z","real"
95,30.6,43.5,33,35,"2026-03-18T08:22:02.413Z","real"
95,30.6,42.9,33,35,"2026-03-18T08:21:57.241Z","real"
95,30.5,41.5,33,35,"2026-03-18T08:21:52.330Z","real"
95,30.5,40.6,33,35,"2026-03-18T08:21:47.406Z","real"
95,30.5,40.3,33,35,"2026-03-18T08:21:42.478Z","real"
95,30.5,40.4,33,35,"2026-03-18T08:21:37.149Z","real"
95,30.5,40.4,33,35,"2026-03-18T08:21:32.448Z","real"
95,30.5,40.7,33,35,"2026-03-18T08:21:27.324Z","real"
93,30.5,40.8,32,33,"2026-03-18T08:21:22.341Z","real"
93,30.5,40.8,32,33,"2026-03-18T08:21:17.275Z","real"
93,30.5,41.3,32,33,"2026-03-18T08:21:12.574Z","real"
93,30.5,41.4,32,33,"2026-03-18T08:21:07.547Z","real"
93,30.4,42.1,32,33,"2026-03-18T08:21:02.129Z","real"
93,30.4,43,32,33,"2026-03-18T08:20:57.211Z","real"
93,30.4,43.9,32,33,"2026-03-18T08:20:52.603Z","real"
93,30.4,44.8,32,33,"2026-03-18T08:20:47.179Z","real"
93,30.3,44.6,32,33,"2026-03-18T08:20:42.298Z","real"
93,30.3,43.6,32,33,"2026-03-18T08:20:37.356Z","real"
93,30.3,42.7,32,33,"2026-03-18T08:20:32.234Z","real"
93,30.2,43.1,32,33,"2026-03-18T08:20:27.313Z","real"
93,30.2,43.7,32,33,"2026-03-18T08:20:22.218Z","real"
93,30.2,43.1,32,33,"2026-03-18T08:20:17.382Z","real"
93,30.2,43.1,32,33,"2026-03-18T08:20:12.151Z","real"
93,30.2,42.2,32,33,"2026-03-18T08:20:07.435Z","real"
93,30.2,42.6,32,33,"2026-03-18T08:20:02.430Z","real"
93,30.1,42.3,32,33,"2026-03-18T08:19:57.450Z","real"
93,30.1,42.2,32,33,"2026-03-18T08:19:52.329Z","real"
93,30.1,41.4,32,33,"2026-03-18T08:19:47.417Z","real"
93,30.1,41.2,32,33,"2026-03-18T08:19:42.467Z","real"
93,30,41.3,32,33,"2026-03-18T08:19:37.186Z","real"
93,30,41.9,32,33,"2026-03-18T08:19:32.218Z","real"
93,29.9,42.3,32,33,"2026-03-18T08:19:27.489Z","real"
72,29.9,42.8,22,24,"2026-03-18T08:19:22.490Z","real"
72,29.9,42.8,22,24,"2026-03-18T08:19:17.469Z","real"
72,29.9,42.6,22,24,"2026-03-18T08:19:12.190Z","real"
72,29.8,42.9,22,24,"2026-03-18T08:19:08.425Z","real"
72,29.8,42.4,22,24,"2026-03-18T08:19:02.116Z","real"
72,29.7,43.1,22,24,"2026-03-18T08:18:57.410Z","real"
72,29.7,43.1,22,24,"2026-03-18T08:18:52.516Z","real"
72,29.7,43.2,22,24,"2026-03-18T08:18:47.365Z","real"
72,29.6,43.2,22,24,"2026-03-18T08:18:42.284Z","real"
72,29.6,43.5,22,24,"2026-03-18T08:18:37.135Z","real"
72,29.5,43.7,22,24,"2026-03-18T08:18:32.337Z","real"
72,29.5,43.4,22,24,"2026-03-18T08:18:27.324Z","real"
72,29.4,42.9,22,24,"2026-03-18T08:18:22.219Z","real"
72,29.4,42.1,22,24,"2026-03-18T08:18:17.356Z","real"
72,29.4,42.2,22,24,"2026-03-18T08:18:12.397Z","real"
72,29.3,42,22,23,"2026-03-18T08:18:07.230Z","real"
72,29.3,43.2,22,23,"2026-03-18T08:18:02.321Z","real"
72,29.3,43.6,22,23,"2026-03-18T08:17:57.388Z","real"
72,29.3,44.1,22,23,"2026-03-18T08:17:52.376Z","real"
72,29.2,44.5,22,23,"2026-03-18T08:17:47.173Z","real"
72,29.2,44.2,22,23,"2026-03-18T08:17:42.241Z","real"
72,29.2,44.7,22,23,"2026-03-18T08:17:37.416Z","real"
72,29.1,45,22,23,"2026-03-18T08:17:32.219Z","real"
72,29,45.4,22,23,"2026-03-18T08:17:27.330Z","real"
72,29,45.2,22,23,"2026-03-18T08:17:22.271Z","real"
72,29,44.9,22,23,"2026-03-18T08:17:17.299Z","real"
72,28.9,45.2,22,23,"2026-03-18T08:17:12.137Z","real"
72,28.9,46.8,22,23,"2026-03-18T08:17:07.274Z","real"
72,28.8,46,22,23,"2026-03-18T08:17:02.324Z","real"
72,28.8,45.2,22,23,"2026-03-18T08:16:57.207Z","real"
72,28.8,45.6,22,23,"2026-03-18T08:16:52.325Z","real"
72,28.8,46.4,22,23,"2026-03-18T08:16:47.233Z","real"
72,28.8,48.5,22,23,"2026-03-18T08:16:42.500Z","real"
72,28.8,47.9,22,23,"2026-03-18T08:16:37.347Z","real"
72,28.8,48,22,23,"2026-03-18T08:16:32.203Z","real"
72,28.8,47.8,22,23,"2026-03-18T08:16:27.374Z","real"
72,28.9,48.1,22,23,"2026-03-18T08:16:22.179Z","real"
72,28.9,48.1,22,23,"2026-03-18T08:16:17.355Z","real"
72,28.9,48.3,22,23,"2026-03-18T08:16:12.138Z","real"
72,28.9,48.4,22,23,"2026-03-18T08:16:07.316Z","real"
72,28.9,48.3,22,23,"2026-03-18T08:16:02.388Z","real"
72,28.9,48,22,23,"2026-03-18T08:15:57.240Z","real"
72,29,48.1,22,23,"2026-03-18T08:15:52.556Z","real"
72,29,48.4,22,23,"2026-03-18T08:15:47.360Z","real"
72,29,48.8,22,23,"2026-03-18T08:15:42.302Z","real"
72,29,48.8,22,23,"2026-03-18T08:15:37.322Z","real"
72,29,48.5,22,23,"2026-03-18T08:15:32.279Z","real"
72,29,48.4,22,23,"2026-03-18T08:15:27.343Z","real"
72,29,48,22,23,"2026-03-18T08:15:22.366Z","real"
72,29.1,48,22,23,"2026-03-18T08:15:17.262Z","real"
72,29,48.2,22,23,"2026-03-18T08:15:12.629Z","real"
72,29.1,48.4,22,23,"2026-03-18T08:15:07.217Z","real"
72,29.2,48.3,22,23,"2026-03-18T08:15:02.298Z","real"
72,29.2,48.2,22,23,"2026-03-18T08:14:57.440Z","real"
72,29.2,48.3,22,23,"2026-03-18T08:14:52.501Z","real"
72,29.2,47.9,22,23,"2026-03-18T08:14:47.149Z","real"
72,29.2,47.9,22,23,"2026-03-18T08:14:42.233Z","real"
76,29.3,46.6,24,25,"2026-03-18T08:14:37.537Z","real"
76,29.3,46.6,24,25,"2026-03-18T08:14:32.426Z","real"
76,29.3,47.8,24,25,"2026-03-18T08:14:27.301Z","real"
76,29.4,48,24,25,"2026-03-18T08:14:22.367Z","real"
76,29.4,48,24,25,"2026-03-18T08:14:17.264Z","real"
76,29.4,47.9,24,25,"2026-03-18T08:14:12.335Z","real"
76,29.5,48.1,24,25,"2026-03-18T08:14:07.310Z","real"
76,29.5,47.9,24,25,"2026-03-18T08:14:02.546Z","real"
76,29.5,48.1,24,25,"2026-03-18T08:13:57.583Z","real"
76,29.5,48.4,24,25,"2026-03-18T08:13:52.341Z","real"
76,29.6,48.1,24,25,"2026-03-18T08:13:47.190Z","real"
76,29.6,47.7,24,25,"2026-03-18T08:13:42.490Z","real"
76,29.7,47.8,24,25,"2026-03-18T08:13:37.509Z","real"
76,29.7,47.9,24,25,"2026-03-18T08:13:32.382Z","real"
76,29.7,47.7,24,25,"2026-03-18T08:13:27.517Z","real"
76,29.7,47.7,24,25,"2026-03-18T08:13:22.150Z","real"
76,29.8,47.3,24,25,"2026-03-18T08:13:17.436Z","real"
76,29.8,47.3,24,25,"2026-03-18T08:13:12.325Z","real"
76,29.8,47,24,25,"2026-03-18T08:13:07.408Z","real"
76,29.9,47.1,24,25,"2026-03-18T08:13:02.287Z","real"
78,30,47.3,25,26,"2026-03-18T08:12:57.380Z","real"
74,30,47.2,23,26,"2026-03-18T08:12:52.479Z","real"
74,30.1,47.3,23,26,"2026-03-18T08:12:47.195Z","real"
74,30.2,47.1,23,26,"2026-03-18T08:12:42.209Z","real"
74,30.2,46.8,23,26,"2026-03-18T08:12:37.328Z","real"
74,30.2,47,23,26,"2026-03-18T08:12:32.218Z","real"
74,30.3,47.7,23,26,"2026-03-18T08:12:27.272Z","real"
74,30.3,47.6,23,26,"2026-03-18T08:12:22.178Z","real"
74,30.3,46.8,23,26,"2026-03-18T08:12:17.437Z","real"
74,30.4,46.7,23,26,"2026-03-18T08:12:12.371Z","real"
74,30.4,46.8,23,26,"2026-03-18T08:12:07.270Z","real"
74,30.5,47.4,23,26,"2026-03-18T08:12:02.648Z","real"
74,30.5,47.2,23,26,"2026-03-18T08:11:57.380Z","real"
74,30.6,46.8,23,26,"2026-03-18T08:11:52.262Z","real"
74,30.6,46.7,23,26,"2026-03-18T08:11:47.138Z","real"
74,30.7,46.5,23,26,"2026-03-18T08:11:42.303Z","real"
74,30.8,45.7,23,26,"2026-03-18T08:11:37.328Z","real"
74,30.8,44.3,23,26,"2026-03-18T08:11:32.177Z","real"
74,30.9,45.3,23,26,"2026-03-18T08:11:27.365Z","real"
74,31,45.2,23,26,"2026-03-18T08:11:22.565Z","real"
74,31,44.6,23,26,"2026-03-18T08:11:17.421Z","real"
74,31,42.7,23,26,"2026-03-18T08:11:12.332Z","real"
74,31.1,41,23,26,"2026-03-18T08:11:07.253Z","real"
74,31,39.9,23,26,"2026-03-18T08:11:02.296Z","real"
74,31,39.3,23,26,"2026-03-18T08:10:57.177Z","real"
74,31,38.7,23,26,"2026-03-18T08:10:52.452Z","real"
74,31,38.4,23,26,"2026-03-18T08:10:47.446Z","real"
74,31,38.2,23,26,"2026-03-18T08:10:42.242Z","real"
74,31,38.8,23,26,"2026-03-18T08:10:37.362Z","real"
74,31,39.7,23,26,"2026-03-18T08:10:32.418Z","real"
74,31,39.6,23,26,"2026-03-18T08:10:27.458Z","real"
74,31,38.8,23,26,"2026-03-18T08:10:22.157Z","real"
74,31,38.9,23,26,"2026-03-18T08:10:17.467Z","real"
74,31,40.4,23,26,"2026-03-18T08:10:12.415Z","real"
74,31,40.1,23,26,"2026-03-18T08:10:07.238Z","real"
74,31,38.8,23,26,"2026-03-18T08:10:02.552Z","real"
74,31,38.6,23,26,"2026-03-18T08:09:57.249Z","real"
74,31,38.8,23,26,"2026-03-18T08:09:52.460Z","real"
74,31,39.2,23,26,"2026-03-18T08:09:47.176Z","real"
74,31,39.5,23,26,"2026-03-18T08:09:42.263Z","real"
74,31,40.4,23,26,"2026-03-18T08:09:37.506Z","real"
74,31,42.2,23,26,"2026-03-18T08:09:32.169Z","real"
74,31,44.9,23,26,"2026-03-18T08:09:27.264Z","real"
74,31,47.1,23,26,"2026-03-18T08:09:22.339Z","real"
74,31,47.1,23,26,"2026-03-18T08:09:17.829Z","real"
74,31.1,46.9,23,26,"2026-03-18T08:09:12.313Z","real"
74,31.1,46.9,23,26,"2026-03-18T08:09:07.181Z","real"
74,31,46.8,23,26,"2026-03-18T08:09:02.367Z","real"
74,31,47.1,23,26,"2026-03-18T08:08:57.161Z","real"
74,31.1,47.3,23,26,"2026-03-18T08:08:52.333Z","real"
74,31.1,47.2,23,26,"2026-03-18T08:08:47.524Z","real"
74,31.1,47.4,23,26,"2026-03-18T08:08:42.429Z","real"
74,31.1,47.1,23,26,"2026-03-18T08:08:37.385Z","real"
74,31,46.6,23,26,"2026-03-18T08:08:33.015Z","real"
74,31,46.8,23,26,"2026-03-18T08:08:28.665Z","real"
74,31,46.8,23,26,"2026-03-18T08:08:28.427Z","real"
74,31.1,46.8,23,26,"2026-03-18T08:08:17.204Z","real"
74,31,46.8,23,26,"2026-03-18T08:08:12.311Z","real"
74,31.1,46.7,23,26,"2026-03-18T08:08:07.177Z","real"
74,31.1,46.7,23,26,"2026-03-18T08:08:02.280Z","real"
74,31.1,46.7,23,26,"2026-03-18T08:07:57.149Z","real"
74,31.1,46.8,23,26,"2026-03-18T08:07:52.443Z","real"
74,31,46.7,23,26,"2026-03-18T08:07:47.355Z","real"
74,31,46.7,23,26,"2026-03-18T08:07:42.204Z","real"
74,31,46.7,23,26,"2026-03-18T08:07:37.286Z","real"
74,31.1,46.8,23,26,"2026-03-18T08:07:32.148Z","real"
74,31,46.7,23,26,"2026-03-18T08:07:27.434Z","real"
74,31,46.7,23,26,"2026-03-18T08:07:22.117Z","real"
74,31,46.8,23,26,"2026-03-18T08:07:17.614Z","real"
74,31.1,46.9,23,26,"2026-03-18T08:07:12.298Z","real"
74,31,46.8,23,26,"2026-03-18T08:07:07.181Z","real"
74,31,46.8,23,26,"2026-03-18T08:07:02.287Z","real"
74,31.1,46.9,23,26,"2026-03-18T08:06:57.171Z","real"
74,31,46.8,23,26,"2026-03-18T08:06:52.412Z","real"
74,31,46.9,23,26,"2026-03-18T08:06:47.317Z","real"
74,31,46.9,23,26,"2026-03-18T08:06:42.197Z","real"
74,31,46.8,23,26,"2026-03-18T08:06:37.265Z","real"
74,31,47,23,26,"2026-03-18T08:06:32.418Z","real"
74,31,47,23,26,"2026-03-18T08:06:27.297Z","real"
74,31,46.9,23,26,"2026-03-18T08:06:22.322Z","real"
74,31,46.9,23,26,"2026-03-18T08:06:17.223Z","real"
74,31,47,23,26,"2026-03-18T08:06:12.398Z","real"
74,31,47,23,26,"2026-03-18T08:06:07.185Z","real"
74,31,47,23,26,"2026-03-18T08:06:02.288Z","real"
74,31.1,47,23,26,"2026-03-18T08:05:57.130Z","real"
74,31,47,23,26,"2026-03-18T08:05:52.205Z","real"
74,31,47,23,26,"2026-03-18T08:05:47.337Z","real"
74,31,47,23,26,"2026-03-18T08:05:42.174Z","real"
74,31.1,47.1,23,26,"2026-03-18T08:05:37.466Z","real"
74,31,47.1,23,26,"2026-03-18T08:05:32.143Z","real"
74,31,47.1,23,26,"2026-03-18T08:05:27.292Z","real"
74,31,47.1,23,26,"2026-03-18T08:05:22.313Z","real"
74,31,47.1,23,26,"2026-03-18T08:05:17.216Z","real"
74,31,47.1,23,26,"2026-03-18T08:05:12.423Z","real"
74,31,47.1,23,26,"2026-03-18T08:05:07.352Z","real"
74,31,47.1,23,26,"2026-03-18T08:05:02.241Z","real"
74,31,47.1,23,26,"2026-03-18T08:04:57.121Z","real"
74,31,47.1,23,26,"2026-03-18T08:04:52.206Z","real"
74,31,47.2,23,26,"2026-03-18T08:04:47.487Z","real"
74,31,47.1,23,26,"2026-03-18T08:04:42.370Z","real"
74,31,47.2,23,26,"2026-03-18T08:04:37.149Z","real"
74,31,47.2,23,26,"2026-03-18T08:04:32.155Z","real"
74,31,47.2,23,26,"2026-03-18T08:04:27.253Z","real"
74,31,47.2,23,26,"2026-03-18T08:04:22.311Z","real"
74,31,47.3,23,26,"2026-03-18T08:04:17.182Z","real"
74,31,47.3,23,26,"2026-03-18T08:04:12.270Z","real"
74,31,47.3,23,26,"2026-03-18T08:04:07.152Z","real"
74,31,47.3,23,26,"2026-03-18T08:04:02.237Z","real"
74,31,47.4,23,26,"2026-03-18T08:03:57.116Z","real"
74,31,47.4,23,26,"2026-03-18T08:03:52.203Z","real"
74,31,47.4,23,26,"2026-03-18T08:03:47.587Z","real"
74,31,47.4,23,26,"2026-03-18T08:03:42.242Z","real"
74,31,47.4,23,26,"2026-03-18T08:03:37.253Z","real"
74,31,47.4,23,26,"2026-03-18T08:03:32.127Z","real"
74,31,47.4,23,26,"2026-03-18T08:03:27.223Z","real"
74,31,47.5,23,26,"2026-03-18T08:03:22.196Z","real"
74,31,47.6,23,26,"2026-03-18T08:03:17.178Z","real"
74,31,47.7,23,26,"2026-03-18T08:03:12.269Z","real"
74,31,47.5,23,26,"2026-03-18T08:03:07.753Z","real"
74,31,47.5,23,26,"2026-03-18T08:03:02.252Z","real"
74,31,47.5,23,26,"2026-03-18T08:02:57.112Z","real"
74,31,47.5,23,26,"2026-03-18T08:02:52.205Z","real"
74,31,47.4,23,26,"2026-03-18T08:02:47.306Z","real"
74,31,47.4,23,26,"2026-03-18T08:02:42.159Z","real"
74,31,47.4,23,26,"2026-03-18T08:02:37.252Z","real"
80,31,47.5,26,28,"2026-03-18T08:02:32.325Z","real"
80,31,47.5,26,28,"2026-03-18T08:02:27.461Z","real"
80,31,47.5,26,28,"2026-03-18T08:02:22.301Z","real"
80,31,47.5,26,28,"2026-03-18T08:02:17.213Z","real"
80,31,47.5,26,28,"2026-03-18T08:02:12.257Z","real"
80,31,47.6,26,28,"2026-03-18T08:02:07.150Z","real"
80,31,47.5,26,28,"2026-03-18T08:02:02.224Z","real"
80,31,47.6,26,28,"2026-03-18T08:01:57.352Z","real"
80,31,47.6,26,28,"2026-03-18T08:01:52.202Z","real"
80,31,47.6,26,28,"2026-03-18T08:01:47.366Z","real"
80,31,47.6,26,28,"2026-03-18T08:01:42.151Z","real"
80,31,47.6,26,28,"2026-03-18T08:01:37.413Z","real"
80,31,47.5,26,28,"2026-03-18T08:01:32.125Z","real"
80,31,47.6,26,28,"2026-03-18T08:01:27.191Z","real"
80,31,47.6,26,28,"2026-03-18T08:01:25.992Z","real"
80,31,47.7,26,28,"2026-03-18T08:00:40.094Z","real"
80,31,46.9,26,28,"2026-03-18T07:59:40.097Z","real"
80,31,47.8,26,28,"2026-03-18T07:58:40.292Z","real"
80,31,47.8,26,28,"2026-03-18T07:58:13.050Z","real"
80,31,47.8,26,28,"2026-03-18T07:58:08.899Z","real"
80,31,47.9,26,28,"2026-03-18T07:58:03.410Z","real"
80,31,47.9,26,28,"2026-03-18T07:57:58.217Z","real"
80,31,48.1,26,28,"2026-03-18T07:57:53.187Z","real"
80,31,48,26,28,"2026-03-18T07:57:48.209Z","real"
80,31,47.9,26,28,"2026-03-18T07:57:43.172Z","real"
80,31,47.8,26,28,"2026-03-18T07:57:38.097Z","real"
80,31,47.8,26,28,"2026-03-18T07:57:33.324Z","real"
80,31,47.8,26,28,"2026-03-18T07:57:28.210Z","real"
80,31,47.8,26,28,"2026-03-18T07:57:23.081Z","real"
80,31,47.8,26,28,"2026-03-18T07:57:18.175Z","real"
80,31,47.8,26,28,"2026-03-18T07:57:12.432Z","real"
78,31,47.8,25,28,"2026-03-18T07:57:07.108Z","real"
76,31,47.9,24,27,"2026-03-18T07:57:02.213Z","real"
76,31,47.9,24,27,"2026-03-18T07:56:57.514Z","real"
76,31,47.9,24,27,"2026-03-18T07:56:52.365Z","real"
76,31,47.9,24,26,"2026-03-18T07:56:47.255Z","real"
76,31,47.9,24,26,"2026-03-18T07:56:42.124Z","real"
76,31,47.8,24,26,"2026-03-18T07:56:37.212Z","real"
76,31,47.9,24,26,"2026-03-18T07:56:32.499Z","real"
76,31.1,47.9,24,26,"2026-03-18T07:56:27.183Z","real"
76,31,48,24,26,"2026-03-18T07:56:22.261Z","real"
76,31,46.7,24,26,"2026-03-18T07:56:17.150Z","real"
76,31,48,24,26,"2026-03-18T07:56:12.432Z","real"
82,31.1,48.1,27,27,"2026-03-18T07:56:02.189Z","real"
82,31,48,27,27,"2026-03-18T07:55:57.487Z","real"
82,31,48,27,27,"2026-03-18T07:55:52.189Z","real"
82,31.1,48,27,27,"2026-03-18T07:55:47.457Z","real"
82,31,48,27,27,"2026-03-18T07:55:42.133Z","real"
82,31,48,27,27,"2026-03-18T07:55:37.207Z","real"
82,31,48.1,27,27,"2026-03-18T07:55:32.290Z","real"
82,31,48.1,27,27,"2026-03-18T07:55:27.167Z","real"
82,31.1,48.2,27,27,"2026-03-18T07:55:22.396Z","real"
82,31,48.1,27,27,"2026-03-18T07:55:17.138Z","real"
82,31,48.1,27,27,"2026-03-18T07:55:12.256Z","real"
82,31,48.2,27,27,"2026-03-18T07:55:07.352Z","real"
82,31.1,48.3,27,27,"2026-03-18T07:55:02.202Z","real"
84,31,48.2,28,28,"2026-03-18T07:54:57.285Z","real"
84,31,48.1,28,28,"2026-03-18T07:54:52.778Z","real"
84,31.1,48.2,28,28,"2026-03-18T07:54:47.239Z","real"
84,31.1,48.2,28,28,"2026-03-18T07:54:42.119Z","real"
84,31,48.1,28,28,"2026-03-18T07:54:37.212Z","real"
84,31.1,48.2,28,28,"2026-03-18T07:54:32.316Z","real"
84,31.1,48.2,28,28,"2026-03-18T07:54:27.168Z","real"
84,31,48.2,28,28,"2026-03-18T07:54:22.263Z","real"
84,31.1,48.3,28,28,"2026-03-18T07:54:17.137Z","real"
84,31.1,48.3,28,28,"2026-03-18T07:54:12.211Z","real"
84,31.1,48.3,28,28,"2026-03-18T07:54:07.300Z","real"
84,31.1,48.3,28,28,"2026-03-18T07:54:02.182Z","real"
84,31,48.2,28,28,"2026-03-18T07:53:57.338Z","real"
84,31.1,48.3,28,28,"2026-03-18T07:53:52.152Z","real"
84,31.1,48.4,28,28,"2026-03-18T07:53:47.255Z","real"
84,31.1,48.3,28,28,"2026-03-18T07:53:42.370Z","real"
84,31.1,48.4,28,28,"2026-03-18T07:53:37.393Z","real"
84,31.1,48.4,28,28,"2026-03-18T07:53:32.282Z","real"
84,31,48.3,28,28,"2026-03-18T07:53:27.159Z","real"
84,31.1,48.4,28,28,"2026-03-18T07:53:22.240Z","real"
84,31.1,48.4,28,28,"2026-03-18T07:53:17.323Z","real"
84,31,48.3,28,28,"2026-03-18T07:53:12.212Z","real"
84,31.1,48.4,28,28,"2026-03-18T07:53:07.327Z","real"
84,31,48.3,28,28,"2026-03-18T07:53:02.460Z","real"
84,31,48.4,28,28,"2026-03-18T07:52:57.205Z","real"
84,31.1,48.5,28,28,"2026-03-18T07:52:52.236Z","real"
84,31.1,48.5,28,28,"2026-03-18T07:52:47.237Z","real"
84,31,48.4,28,28,"2026-03-18T07:52:43.064Z","real"
84,31.1,48.4,28,28,"2026-03-18T07:52:37.183Z","real"
84,31.1,48.4,28,28,"2026-03-18T07:52:35.956Z","real"
84,31.1,48.4,28,28,"2026-03-18T07:52:32.277Z","real"
84,31,48.4,28,28,"2026-03-18T07:52:27.159Z","real"
84,31.1,48.4,28,28,"2026-03-18T07:52:22.240Z","real"
84,31,48.4,28,28,"2026-03-18T07:52:17.120Z","real"
82,31,48.4,27,27,"2026-03-18T07:52:12.261Z","real"
78,31,48.4,25,27,"2026-03-18T07:52:07.329Z","real"
78,31,48.4,25,27,"2026-03-18T07:52:02.211Z","real"
78,31.1,48.5,25,27,"2026-03-18T07:51:57.264Z","real"
78,31,48.4,25,27,"2026-03-18T07:51:52.140Z","real"
78,31.1,48.5,25,27,"2026-03-18T07:51:47.242Z","real"
78,31.1,48.5,25,27,"2026-03-18T07:51:42.309Z","real"
78,31.1,48.5,25,27,"2026-03-18T07:51:37.187Z","real"
78,31.1,48.6,25,27,"2026-03-18T07:51:32.289Z","real"
78,31.1,48.6,25,27,"2026-03-18T07:51:27.151Z","real"
78,31.1,48.6,25,27,"2026-03-18T07:51:22.365Z","real"
78,31.1,48.6,25,27,"2026-03-18T07:51:17.212Z","real"
78,31.1,48.6,25,27,"2026-03-18T07:51:12.199Z","real"
78,31.1,48.6,25,27,"2026-03-18T07:51:07.367Z","real"
78,31.1,48.7,25,27,"2026-03-18T07:51:02.172Z","real"
78,31.1,48.6,25,27,"2026-03-18T07:50:57.249Z","real"
78,31.1,48.6,25,27,"2026-03-18T07:50:52.131Z","real"
78,31.1,48.6,25,27,"2026-03-18T07:50:47.247Z","real"
78,31.1,48.6,25,27,"2026-03-18T07:50:42.300Z","real"
78,31.1,48.6,25,27,"2026-03-18T07:50:37.224Z","real"
78,31.1,48.6,25,27,"2026-03-18T07:50:32.266Z","real"
78,31.1,48.6,25,27,"2026-03-18T07:50:27.151Z","real"
78,31.1,48.6,25,27,"2026-03-18T07:50:22.228Z","real"
78,31.1,48.6,25,27,"2026-03-18T07:50:17.239Z","real"
78,31.1,48.6,25,27,"2026-03-18T07:50:12.192Z","real"
78,31.1,48.6,25,27,"2026-03-18T07:50:07.484Z","real"
78,31.1,48.7,25,27,"2026-03-18T07:50:02.159Z","real"
78,31.1,48.7,25,27,"2026-03-18T07:49:57.296Z","real"
78,31.1,48.7,25,27,"2026-03-18T07:49:52.372Z","real"
78,31.1,48.8,25,27,"2026-03-18T07:49:47.409Z","real"
78,31.1,48.8,25,27,"2026-03-18T07:49:42.294Z","real"
78,31.1,48.8,25,27,"2026-03-18T07:49:37.237Z","real"
78,31.1,48.7,25,27,"2026-03-18T07:49:32.332Z","real"
78,31,48.7,25,27,"2026-03-18T07:49:27.288Z","real"
78,31.1,48.8,25,27,"2026-03-18T07:49:22.272Z","real"
78,31.1,48.8,25,27,"2026-03-18T07:49:17.956Z","real"
78,31.1,48.9,25,27,"2026-03-18T07:49:17.230Z","real"
78,31.1,48.9,25,27,"2026-03-18T07:49:15.891Z","real"
78,31.1,48.8,25,27,"2026-03-18T07:49:12.387Z","real"
78,31.1,48.8,25,27,"2026-03-18T07:49:07.275Z","real"
78,31.1,48.8,25,27,"2026-03-18T07:49:02.175Z","real"
78,31.1,48.8,25,27,"2026-03-18T07:48:57.245Z","real"
78,31.1,48.8,25,27,"2026-03-18T07:48:52.125Z","real"
78,31.1,48,25,27,"2026-03-18T07:48:47.201Z","real"
78,31.1,48.8,25,27,"2026-03-18T07:48:42.495Z","real"
78,31.1,48.8,25,27,"2026-03-18T07:48:37.173Z","real"
78,31.1,48.8,25,27,"2026-03-18T07:48:32.259Z","real"
78,31.1,48.8,25,27,"2026-03-18T07:48:27.543Z","real"
78,31.1,48.8,25,27,"2026-03-18T07:48:22.279Z","real"
78,31.1,48.8,25,27,"2026-03-18T07:48:17.231Z","real"
78,31.1,48.9,25,27,"2026-03-18T07:48:12.380Z","real"
78,31.1,48.9,25,27,"2026-03-18T07:48:07.270Z","real"
78,31.1,49,25,27,"2026-03-18T07:48:02.147Z","real"
78,31.1,48.9,25,27,"2026-03-18T07:47:57.243Z","real"
78,31.1,49,25,27,"2026-03-18T07:47:52.125Z","real"
78,31.1,49,25,27,"2026-03-18T07:47:47.200Z","real"
78,31.1,49,25,27,"2026-03-18T07:47:42.282Z","real"
78,31.1,49,25,27,"2026-03-18T07:47:37.165Z","real"
78,31.1,48.9,25,27,"2026-03-18T07:47:32.251Z","real"
78,31.1,48.9,25,27,"2026-03-18T07:47:27.326Z","real"
78,31.1,49,25,27,"2026-03-18T07:47:22.232Z","real"
78,31.1,49,25,27,"2026-03-18T07:47:17.262Z","real"
78,31.1,49,25,27,"2026-03-18T07:47:12.379Z","real"
78,31.1,49,25,27,"2026-03-18T07:47:07.298Z","real"
78,31.1,49,25,27,"2026-03-18T07:47:02.171Z","real"
78,31.1,49,25,27,"2026-03-18T07:46:57.223Z","real"
80,31.1,49,26,26,"2026-03-18T07:46:52.327Z","real"
80,31.1,49,26,26,"2026-03-18T07:46:47.191Z","real"
80,31.1,49,26,26,"2026-03-18T07:46:42.286Z","real"
80,31.1,49,26,26,"2026-03-18T07:46:37.165Z","real"
80,31.1,49,26,26,"2026-03-18T07:46:32.272Z","real"
80,31.1,49,26,26,"2026-03-18T07:46:27.125Z","real"
80,31.1,49.1,26,26,"2026-03-18T07:46:22.216Z","real"
80,31.1,49.1,26,26,"2026-03-18T07:46:17.232Z","real"
80,31.1,49.1,26,26,"2026-03-18T07:46:12.172Z","real"
80,31.1,49,26,26,"2026-03-18T07:46:07.286Z","real"
80,31.1,49.1,26,26,"2026-03-18T07:46:02.388Z","real"
80,31.2,49.1,26,26,"2026-03-18T07:45:57.224Z","real"
80,31.1,49.1,26,26,"2026-03-18T07:45:52.106Z","real"
80,31.1,49.1,26,26,"2026-03-18T07:45:47.296Z","real"
80,31.1,49,26,26,"2026-03-18T07:45:42.276Z","real"
80,31.1,49,26,26,"2026-03-18T07:45:37.151Z","real"
80,31.1,48.2,26,26,"2026-03-18T07:45:32.257Z","real"
80,31.1,49.1,26,26,"2026-03-18T07:45:27.585Z","real"
80,31.1,49.3,26,26,"2026-03-18T07:45:22.197Z","real"
80,31.1,49.1,26,26,"2026-03-18T07:45:17.815Z","real"
80,31.1,49.1,26,26,"2026-03-18T07:45:12.395Z","real"
80,31.1,49.2,26,26,"2026-03-18T07:45:07.289Z","real"
80,31.1,49.2,26,26,"2026-03-18T07:45:02.165Z","real"
78,31.1,49.3,25,27,"2026-03-18T07:44:57.418Z","real"
78,31.1,49.3,25,27,"2026-03-18T07:44:52.302Z","real"
78,31.1,49.3,25,27,"2026-03-18T07:44:47.186Z","real"
78,31.1,49.3,25,27,"2026-03-18T07:44:42.362Z","real"
78,31.1,49.3,25,27,"2026-03-18T07:44:40.631Z","real"
78,31.1,49.3,25,27,"2026-03-18T07:44:37.173Z","real"
78,31.1,49.3,25,27,"2026-03-18T07:44:32.307Z","real"
78,31.1,49.3,25,27,"2026-03-18T07:44:27.317Z","real"
78,31.1,49.3,25,27,"2026-03-18T07:44:22.194Z","real"
78,31.1,49.3,25,27,"2026-03-18T07:44:17.353Z","real"
78,31.1,49.3,25,27,"2026-03-18T07:44:12.385Z","real"
78,31.1,49.4,25,27,"2026-03-18T07:44:07.249Z","real"
78,31.1,49.4,25,27,"2026-03-18T07:44:02.123Z","real"
78,31.1,49.4,25,27,"2026-03-18T07:43:57.231Z","real"
78,31.1,49.5,25,27,"2026-03-18T07:43:52.364Z","real"
78,31.1,49.5,25,27,"2026-03-18T07:43:47.375Z","real"
78,31.1,49.4,25,27,"2026-03-18T07:43:42.283Z","real"
78,31.1,49.4,25,27,"2026-03-18T07:43:37.138Z","real"
78,31.1,49.4,25,27,"2026-03-18T07:43:32.227Z","real"
78,31.1,49.4,25,27,"2026-03-18T07:43:27.208Z","real"
78,31.1,49.4,25,27,"2026-03-18T07:43:22.352Z","real"
78,31.1,49.5,25,27,"2026-03-18T07:43:17.474Z","real"
78,31.1,49.5,25,27,"2026-03-18T07:43:12.531Z","real"
78,31.1,49.6,25,27,"2026-03-18T07:43:07.240Z","real"
78,31.1,49.6,25,27,"2026-03-18T07:43:02.338Z","real"
78,31.1,49.5,25,27,"2026-03-18T07:42:57.411Z","real"
78,31.1,49.5,25,27,"2026-03-18T07:42:52.338Z","real"
78,31.1,49.5,25,27,"2026-03-18T07:42:47.175Z","real"
78,31.1,49.5,25,27,"2026-03-18T07:42:42.455Z","real"
78,31.1,49.6,25,27,"2026-03-18T07:42:37.338Z","real"
78,31.1,49.6,25,27,"2026-03-18T07:42:32.235Z","real"
80,31.1,49.6,26,28,"2026-03-18T07:42:27.312Z","real"
82,31.1,49.6,27,28,"2026-03-18T07:42:22.186Z","real"
80,31.1,49.8,26,27,"2026-03-18T07:42:17.278Z","real"
80,31.1,49.8,26,27,"2026-03-18T07:42:12.147Z","real"
80,31.1,49.7,26,27,"2026-03-18T07:42:07.234Z","real"
80,31.2,49.8,26,27,"2026-03-18T07:42:02.786Z","real"
80,31.1,49.7,26,27,"2026-03-18T07:41:57.214Z","real"
80,31.1,49.7,26,27,"2026-03-18T07:41:52.486Z","real"
80,31.1,49.7,26,27,"2026-03-18T07:41:47.376Z","real"
80,31.2,49.8,26,27,"2026-03-18T07:41:42.272Z","real"
80,31.1,49.7,26,27,"2026-03-18T07:41:37.136Z","real"
80,31.2,49.7,26,27,"2026-03-18T07:41:32.238Z","real"
80,31.2,49.8,26,27,"2026-03-18T07:41:27.301Z","real"
89,31.2,49.7,30,31,"2026-03-18T07:41:22.216Z","real"
89,31.1,49.6,30,31,"2026-03-18T07:41:17.232Z","real"
89,31.1,49.6,30,31,"2026-03-18T07:41:13.058Z","real"
89,31.2,49.8,30,31,"2026-03-18T07:41:07.229Z","real"
89,31.1,49.7,30,31,"2026-03-18T07:41:02.315Z","real"
89,31.2,49.8,30,31,"2026-03-18T07:40:57.193Z","real"
89,31.2,49.9,30,31,"2026-03-18T07:40:52.285Z","real"
89,31.2,49.9,30,31,"2026-03-18T07:40:47.160Z","real"
89,31.2,49.9,30,31,"2026-03-18T07:40:42.247Z","real"
87,31.2,49.8,29,29,"2026-03-18T07:40:37.127Z","real"
87,31.2,49.8,29,29,"2026-03-18T07:40:32.210Z","real"
87,31.2,49.8,29,29,"2026-03-18T07:40:27.495Z","real"
87,31.2,49.8,29,29,"2026-03-18T07:40:22.175Z","real"
87,31.2,49.8,29,29,"2026-03-18T07:40:17.244Z","real"
87,31.2,49.8,29,29,"2026-03-18T07:40:12.147Z","real"
87,31.2,48.5,29,29,"2026-03-18T07:40:07.227Z","real"
87,31.2,49.8,29,29,"2026-03-18T07:40:02.108Z","real"
87,31.2,49.8,29,29,"2026-03-18T07:39:57.426Z","real"
87,31.2,49.8,29,29,"2026-03-18T07:39:52.283Z","real"
87,31.2,49.9,29,29,"2026-03-18T07:39:47.168Z","real"
87,31.2,49.9,29,29,"2026-03-18T07:39:42.242Z","real"
87,31.2,49.8,29,29,"2026-03-18T07:39:37.119Z","real"
87,31.2,49.8,29,29,"2026-03-18T07:39:32.204Z","real"
87,31.3,49.9,29,29,"2026-03-18T07:39:27.373Z","real"
87,31.3,50,29,29,"2026-03-18T07:39:22.174Z","real"
87,31.3,49.9,29,29,"2026-03-18T07:39:17.457Z","real"
87,31.3,49.9,29,29,"2026-03-18T07:39:12.343Z","real"
87,31.2,49.8,29,29,"2026-03-18T07:39:07.220Z","real"
87,31.2,49.9,29,29,"2026-03-18T07:39:02.310Z","real"
87,31.3,49.9,29,29,"2026-03-18T07:38:57.184Z","real"
87,31.3,49.9,29,29,"2026-03-18T07:38:52.373Z","real"
87,31.2,49.8,29,29,"2026-03-18T07:38:47.150Z","real"
87,31.3,49.8,29,29,"2026-03-18T07:38:42.234Z","real"
87,31.3,49.8,29,29,"2026-03-18T07:38:37.207Z","real"
89,31.3,49.8,30,30,"2026-03-18T07:38:32.324Z","real"
89,31.3,49.8,30,30,"2026-03-18T07:38:27.487Z","real"
89,31.3,49.3,30,30,"2026-03-18T07:38:22.209Z","real"
89,31.3,49.8,30,30,"2026-03-18T07:38:17.239Z","real"
89,31.3,49.8,30,30,"2026-03-18T07:38:12.131Z","real"
89,31.3,48.7,30,30,"2026-03-18T07:38:07.280Z","real"
89,31.3,49.8,30,30,"2026-03-18T07:38:02.498Z","real"
89,31.3,49.8,30,30,"2026-03-18T07:37:57.179Z","real"
89,31.3,49.8,30,30,"2026-03-18T07:37:52.308Z","real"
89,31.3,49.8,30,30,"2026-03-18T07:37:47.143Z","real"
89,31.3,49.8,30,30,"2026-03-18T07:37:42.224Z","real"
89,31.3,49.8,30,30,"2026-03-18T07:37:37.383Z","real"
89,31.3,49.8,30,30,"2026-03-18T07:37:32.216Z","real"
89,31.3,49.8,30,30,"2026-03-18T07:37:27.281Z","real"
89,31.3,49.9,30,30,"2026-03-18T07:37:22.163Z","real"
89,31.3,50,30,30,"2026-03-18T07:37:17.264Z","real"
89,31.3,49.9,30,30,"2026-03-18T07:37:12.154Z","real"
89,31.3,49.9,30,30,"2026-03-18T07:37:07.408Z","real"
89,31.3,50,30,30,"2026-03-18T07:37:02.292Z","real"
89,31.3,50,30,30,"2026-03-18T07:36:57.171Z","real"
89,31.3,49.9,30,30,"2026-03-18T07:36:52.258Z","real"
89,31.3,50.1,30,30,"2026-03-18T07:36:47.176Z","real"
89,31.3,49.8,30,30,"2026-03-18T07:36:42.252Z","real"
89,31.3,49.8,30,30,"2026-03-18T07:36:37.313Z","real"
89,31.3,49.8,30,30,"2026-03-18T07:36:32.192Z","real"
89,31.3,49.7,30,30,"2026-03-18T07:36:27.473Z","real"
89,31.3,49.7,30,30,"2026-03-18T07:36:22.354Z","real"
89,31.3,49.8,30,30,"2026-03-18T07:36:17.245Z","real"
89,31.3,49.8,30,30,"2026-03-18T07:36:12.119Z","real"
89,31.3,49.9,30,30,"2026-03-18T07:36:07.201Z","real"
89,31.3,49.9,30,30,"2026-03-18T07:36:02.499Z","real"
84,31.3,50,28,28,"2026-03-18T07:35:57.367Z","real"
84,31.3,50.2,28,28,"2026-03-18T07:35:52.255Z","real"
84,31.3,50,28,28,"2026-03-18T07:35:47.139Z","real"
84,31.3,49.9,28,28,"2026-03-18T07:35:42.263Z","real"
84,31.3,49.9,28,28,"2026-03-18T07:35:37.516Z","real"
84,31.3,49.9,28,28,"2026-03-18T07:35:32.187Z","real"
84,31.3,49.9,28,28,"2026-03-18T07:35:27.287Z","real"
84,31.3,49.9,28,28,"2026-03-18T07:35:22.179Z","real"
84,31.3,49.9,28,28,"2026-03-18T07:35:17.261Z","real"
84,31.3,49.9,28,28,"2026-03-18T07:35:12.117Z","real"
84,31.3,49.9,28,28,"2026-03-18T07:35:07.204Z","real"
84,31.3,49.9,28,28,"2026-03-18T07:35:02.283Z","real"
84,31.3,49.9,28,28,"2026-03-18T07:34:57.173Z","real"
84,31.3,49.9,28,28,"2026-03-18T07:34:52.246Z","real"
84,31.3,49.9,28,28,"2026-03-18T07:34:47.127Z","real"
84,31.3,50,28,28,"2026-03-18T07:34:42.438Z","real"
84,31.3,50,28,28,"2026-03-18T07:34:37.336Z","real"
84,31.3,50,28,28,"2026-03-18T07:34:32.175Z","real"
84,31.3,50.2,28,28,"2026-03-18T07:34:27.463Z","real"
84,31.3,50.4,28,28,"2026-03-18T07:34:22.150Z","real"
84,31.3,50.3,28,28,"2026-03-18T07:34:17.277Z","real"
84,31.3,50,28,28,"2026-03-18T07:34:12.314Z","real"
84,31.3,50.1,28,28,"2026-03-18T07:34:07.199Z","real"
84,31.3,50.2,28,28,"2026-03-18T07:34:02.482Z","real"
84,31.3,50,28,28,"2026-03-18T07:33:57.192Z","real"
84,31.3,50,28,28,"2026-03-18T07:33:52.253Z","real"
84,31.3,50,28,28,"2026-03-18T07:33:47.121Z","real"
84,31.4,50.1,28,28,"2026-03-18T07:33:42.205Z","real"
84,31.4,50.2,28,28,"2026-03-18T07:33:37.493Z","real"
84,31.3,50.2,28,28,"2026-03-18T07:33:32.375Z","real"
84,31.3,50,28,28,"2026-03-18T07:33:27.263Z","real"
84,31.3,50,28,28,"2026-03-18T07:33:22.388Z","real"
84,31.3,50,28,28,"2026-03-18T07:33:17.265Z","real"
84,31.4,50,28,28,"2026-03-18T07:33:12.367Z","real"
84,31.3,49.9,28,28,"2026-03-18T07:33:07.249Z","real"
84,31.3,49.9,28,28,"2026-03-18T07:33:02.504Z","real"
84,31.4,50,28,28,"2026-03-18T07:32:57.158Z","real"
84,31.3,50,28,28,"2026-03-18T07:32:52.253Z","real"
84,31.4,50,28,28,"2026-03-18T07:32:47.360Z","real"
84,31.3,50.1,28,28,"2026-03-18T07:32:42.227Z","real"
84,31.3,50.5,28,28,"2026-03-18T07:32:37.307Z","real"
84,31.4,50.4,28,28,"2026-03-18T07:32:32.166Z","real"
84,31.3,50,28,28,"2026-03-18T07:32:27.457Z","real"
84,31.3,50,28,28,"2026-03-18T07:32:22.134Z","real"
84,31.3,50,28,28,"2026-03-18T07:32:17.216Z","real"
84,31.4,50.2,28,28,"2026-03-18T07:32:12.503Z","real"
84,31.4,50.3,28,28,"2026-03-18T07:32:07.209Z","real"
84,31.4,50.3,28,28,"2026-03-18T07:32:02.274Z","real"
82,31.3,50.1,27,28,"2026-03-18T07:31:57.147Z","real"
82,31.4,50.1,27,28,"2026-03-18T07:31:52.235Z","real"
82,31.4,50.2,27,28,"2026-03-18T07:31:47.111Z","real"
82,31.4,50,27,28,"2026-03-18T07:31:42.198Z","real"
82,31.4,50,27,28,"2026-03-18T07:31:37.285Z","real"
82,31.4,50,27,28,"2026-03-18T07:31:32.585Z","real"
82,31.4,50,27,28,"2026-03-18T07:31:27.254Z","real"
82,31.4,50,27,28,"2026-03-18T07:31:22.127Z","real"
82,31.4,49.9,27,28,"2026-03-18T07:31:17.218Z","real"
82,31.4,50.1,27,28,"2026-03-18T07:31:12.532Z","real"
82,31.4,50.1,27,28,"2026-03-18T07:31:07.187Z","real"
82,31.4,50.1,27,28,"2026-03-18T07:31:02.297Z","real"
82,31.4,50.4,27,28,"2026-03-18T07:30:57.146Z","real"
82,31.4,50,27,28,"2026-03-18T07:30:52.227Z","real"
82,31.4,50,27,28,"2026-03-18T07:30:47.324Z","real"
82,31.4,50,27,28,"2026-03-18T07:30:42.233Z","real"
82,31.4,50.2,27,28,"2026-03-18T07:30:37.281Z","real"
82,31.4,50.1,27,28,"2026-03-18T07:30:32.157Z","real"
82,31.4,50.2,27,28,"2026-03-18T07:30:27.249Z","real"
82,31.4,50.3,27,28,"2026-03-18T07:30:22.124Z","real"
82,31.4,50.1,27,28,"2026-03-18T07:30:17.240Z","real"
82,31.4,50.1,27,28,"2026-03-18T07:30:12.546Z","real"
82,31.4,50.2,27,28,"2026-03-18T07:30:07.167Z","real"
82,31.4,50.4,27,28,"2026-03-18T07:30:04.772Z","real"
82,31.4,50.2,27,28,"2026-03-18T07:30:02.256Z","real"
82,31.4,50.1,27,28,"2026-03-18T07:29:57.348Z","real"
82,31.3,50,27,28,"2026-03-18T07:29:52.418Z","real"
82,31.3,50,27,28,"2026-03-18T07:29:47.310Z","real"
82,31.4,50,27,28,"2026-03-18T07:29:42.185Z","real"
82,31.4,48.7,27,28,"2026-03-18T07:29:37.477Z","real"
82,31.4,50.1,27,28,"2026-03-18T07:29:32.361Z","real"
82,31.4,49.8,27,28,"2026-03-18T07:29:27.278Z","real"
82,31.4,50.1,27,28,"2026-03-18T07:29:17.204Z","real"
82,31.4,50.1,27,28,"2026-03-18T07:29:12.287Z","real"
82,31.4,50.1,27,28,"2026-03-18T07:29:07.169Z","real"
82,31.4,50.1,27,28,"2026-03-18T07:29:02.383Z","real"
82,31.4,50.1,27,28,"2026-03-18T07:28:57.339Z","real"
82,31.4,50,27,28,"2026-03-18T07:28:52.217Z","real"
82,31.4,50,27,28,"2026-03-18T07:28:47.308Z","real"
82,31.4,50,27,28,"2026-03-18T07:28:42.182Z","real"
82,31.5,50.1,27,28,"2026-03-18T07:28:37.268Z","real"
82,31.5,50.1,27,28,"2026-03-18T07:28:32.142Z","real"
82,31.5,50.1,27,28,"2026-03-18T07:28:27.235Z","real"
82,31.5,50,27,28,"2026-03-18T07:28:22.112Z","real"
82,31.5,50,27,28,"2026-03-18T07:28:17.251Z","real"
82,31.5,50,27,28,"2026-03-18T07:28:12.332Z","real"
82,31.5,50,27,28,"2026-03-18T07:28:07.164Z","real"
82,31.6,50,27,28,"2026-03-18T07:28:02.254Z","real"
82,31.6,50,27,28,"2026-03-18T07:27:57.126Z","real"
82,31.6,49.9,27,28,"2026-03-18T07:27:52.208Z","real"
82,31.6,49.9,27,28,"2026-03-18T07:27:47.293Z","real"
82,31.7,49.9,27,28,"2026-03-18T07:27:42.237Z","real"
82,31.7,49.9,27,28,"2026-03-18T07:27:37.257Z","real"
82,31.7,49.9,27,28,"2026-03-18T07:27:36.240Z","real"
82,31.7,50,27,28,"2026-03-18T07:27:32.178Z","real"
82,31.7,48.5,27,28,"2026-03-18T07:27:27.259Z","real"
82,31.7,49.8,27,28,"2026-03-18T07:27:24.256Z","real"
82,31.7,49.8,27,28,"2026-03-18T07:27:22.315Z","real"
82,31.8,50,27,28,"2026-03-18T07:27:17.196Z","real"
132,31.7,49.6,48,55,"2026-03-18T07:27:14.326Z","real"
132,31.7,49.6,48,55,"2026-03-18T07:27:13.918Z","real"
132,31.7,49.6,48,55,"2026-03-18T07:27:13.506Z","real"
132,31.7,49.6,48,55,"2026-03-18T07:27:13.097Z","real"
132,31.7,49.6,48,55,"2026-03-18T07:27:12.696Z","real"
132,31.7,49.6,48,55,"2026-03-18T07:27:12.162Z","real"
132,31.7,49.6,48,55,"2026-03-18T07:27:12.127Z","real"
132,31.8,49.7,48,55,"2026-03-18T07:27:11.660Z","real"
132,31.8,49.7,48,55,"2026-03-18T07:27:11.249Z","real"
132,31.8,49.7,48,55,"2026-03-18T07:27:10.849Z","real"
132,31.8,49.7,48,55,"2026-03-18T07:27:10.038Z","real"
132,31.8,49.6,48,55,"2026-03-18T07:27:08.385Z","real"
132,31.8,49.6,48,55,"2026-03-18T07:27:07.218Z","real"
132,31.8,49.6,48,55,"2026-03-18T07:27:07.168Z","real"
132,31.8,49.6,48,55,"2026-03-18T07:27:02.289Z","real"
132,31.8,49.5,48,55,"2026-03-18T07:26:57.347Z","real"
132,31.8,49.5,48,55,"2026-03-18T07:26:52.231Z","real"
132,31.8,49.6,48,55,"2026-03-18T07:26:47.319Z","real"
132,31.8,49.8,48,55,"2026-03-18T07:26:42.171Z","real"
132,31.9,50,48,55,"2026-03-18T07:26:37.278Z","real"
132,31.9,50,48,55,"2026-03-18T07:26:32.148Z","real"
132,32,49.3,48,55,"2026-03-18T07:26:27.220Z","real"
132,32,49.2,48,55,"2026-03-18T07:26:22.306Z","real"
132,32,49.1,48,55,"2026-03-18T07:26:17.184Z","real"
132,32.1,49.2,48,55,"2026-03-18T07:26:12.270Z","real"
132,32.1,49.2,48,55,"2026-03-18T07:26:07.166Z","real"
132,32.1,49.2,48,55,"2026-03-18T07:26:02.234Z","real"
139,32.1,49.2,51,58,"2026-03-18T07:25:57.118Z","real"
142,32.1,49.1,52,60,"2026-03-18T07:25:52.203Z","real"
80,32.1,49.1,26,28,"2026-03-18T07:25:47.290Z","real"
80,32.2,49.2,26,28,"2026-03-18T07:25:42.169Z","real"
80,32.5,48.2,26,28,"2026-03-18T07:25:38.810Z","real"
80,32.8,46.9,26,28,"2026-03-18T07:24:40.122Z","real"
80,33.3,42,26,28,"2026-03-18T07:23:40.154Z","real"
80,33.5,42.2,26,28,"2026-03-18T07:23:13.108Z","real"
80,33.6,40.6,26,28,"2026-03-18T07:23:08.411Z","real"
80,33.6,40.5,26,28,"2026-03-18T07:23:03.098Z","real"
80,33.7,40.3,26,28,"2026-03-18T07:22:58.138Z","real"
80,33.8,39.9,26,28,"2026-03-18T07:22:53.307Z","real"
80,34,39.6,26,28,"2026-03-18T07:22:48.103Z","real"
80,34,39.4,26,28,"2026-03-18T07:22:43.500Z","real"
80,34.2,39.2,26,28,"2026-03-18T07:22:38.081Z","real"
80,34.5,39.1,26,28,"2026-03-18T07:22:33.367Z","real"
80,34.5,39.1,26,28,"2026-03-18T07:22:28.041Z","real"
80,34.6,39.2,26,28,"2026-03-18T07:22:23.140Z","real"
80,34.8,39.3,26,28,"2026-03-18T07:22:18.195Z","real"
80,35,39.3,26,28,"2026-03-18T07:22:12.258Z","real"
80,35,39.9,26,28,"2026-03-18T07:22:07.159Z","real"
80,34.9,39.7,26,28,"2026-03-18T07:22:02.240Z","real"
80,34.7,41.6,26,28,"2026-03-18T07:21:57.536Z","real"
80,34.4,40.6,26,28,"2026-03-18T07:21:40.100Z","real"
80,34.2,40,26,28,"2026-03-18T07:21:28.027Z","real"
93,34.2,39.9,32,33,"2026-03-18T07:21:23.108Z","real"
93,34.3,40.1,32,33,"2026-03-18T07:21:18.200Z","real"
93,34.2,39.7,32,33,"2026-03-18T07:21:13.102Z","real"
93,34.5,39.9,32,33,"2026-03-18T07:21:08.151Z","real"
93,34.5,40,32,33,"2026-03-18T07:21:03.060Z","real"
93,34.9,40.8,32,33,"2026-03-18T07:20:58.128Z","real"
91,34.9,41.5,31,32,"2026-03-18T07:20:53.438Z","real"
91,34.8,42.4,31,31,"2026-03-18T07:20:48.103Z","real"
87,35,44.3,29,29,"2026-03-18T07:20:43.191Z","real"
87,34.5,45,29,29,"2026-03-18T07:20:38.072Z","real"
87,34.1,44.5,29,29,"2026-03-18T07:20:32.564Z","real"
87,33.5,44.1,29,29,"2026-03-18T07:20:27.218Z","real"
87,32.6,43.7,29,29,"2026-03-18T07:20:22.483Z","real"
87,32.4,42.9,29,29,"2026-03-18T07:20:17.612Z","real"
87,31.9,41.7,29,29,"2026-03-18T07:20:12.228Z","real"
87,31.9,41.7,29,29,"2026-03-18T07:20:11.235Z","real"
87,31.9,41.7,29,29,"2026-03-18T07:19:40.124Z","real"
89,32,42.4,30,30,"2026-03-18T07:19:28.235Z","real"
87,32,43.1,29,32,"2026-03-18T07:19:23.090Z","real"
87,32,43.8,29,32,"2026-03-18T07:19:18.221Z","real"
87,31.9,43.7,29,32,"2026-03-18T07:19:13.152Z","real"
87,31.9,43.7,29,32,"2026-03-18T07:19:08.175Z","real"
87,31.9,44.2,29,32,"2026-03-18T07:19:03.025Z","real"
87,31.9,46.6,29,32,"2026-03-18T07:18:58.110Z","real"
87,31.9,44.3,29,32,"2026-03-18T07:18:53.193Z","real"
87,31.9,44.1,29,32,"2026-03-18T07:18:48.576Z","real"
87,32,44.7,29,32,"2026-03-18T07:18:43.189Z","real"
87,32,44,29,32,"2026-03-18T07:18:38.035Z","real"
87,32,43.3,29,32,"2026-03-18T07:18:33.161Z","real"
87,32,42.8,29,32,"2026-03-18T07:18:27.467Z","real"
87,31.8,43.5,29,32,"2026-03-18T07:18:22.262Z","real"
87,31.8,43.5,29,32,"2026-03-18T07:18:21.662Z","real"
87,31.6,43.4,29,32,"2026-03-18T07:17:40.082Z","real"
87,31.4,46.8,29,32,"2026-03-18T07:16:40.158Z","real"
87,31.3,43,29,32,"2026-03-18T07:15:40.279Z","real"
87,31.3,44.3,29,32,"2026-03-18T07:14:40.063Z","real"
87,31.3,42.4,29,32,"2026-03-18T07:13:40.415Z","real"
87,31.4,44,29,32,"2026-03-18T07:13:33.897Z","real"
87,31.5,45,29,32,"2026-03-18T07:13:30.505Z","real"
87,31.6,47.9,29,32,"2026-03-18T07:13:23.064Z","real"
87,31.4,47,29,32,"2026-03-18T07:13:18.179Z","real"
87,31,43.1,29,32,"2026-03-18T07:13:13.478Z","real"
87,31,43.2,29,32,"2026-03-18T07:13:08.326Z","real"
87,31,44.2,29,32,"2026-03-18T07:13:03.191Z","real"
87,31,44.9,29,32,"2026-03-18T07:12:58.074Z","real"
87,31.1,45.2,29,32,"2026-03-18T07:12:53.410Z","real"
87,31.1,45.1,29,32,"2026-03-18T07:12:48.254Z","real"
87,31.1,44.2,29,32,"2026-03-18T07:12:43.030Z","real"
87,31.1,44.5,29,33,"2026-03-18T07:12:37.373Z","real"
82,31.1,44.5,27,28,"2026-03-18T07:12:32.671Z","real"
82,31.1,44.9,27,28,"2026-03-18T07:12:27.250Z","real"
82,31.1,45.6,27,28,"2026-03-18T07:12:22.252Z","real"
82,31,46.3,27,28,"2026-03-18T07:12:17.419Z","real"
82,31,45.8,27,28,"2026-03-18T07:12:12.399Z","real"
82,31,45.6,27,28,"2026-03-18T07:12:07.294Z","real"
82,31,44.5,27,28,"2026-03-18T07:12:02.813Z","real"
82,31,44.2,27,28,"2026-03-18T07:11:57.335Z","real"
82,30.9,44,27,28,"2026-03-18T07:11:52.134Z","real"
82,30.9,43.8,27,28,"2026-03-18T07:11:47.214Z","real"
82,30.9,43.7,27,28,"2026-03-18T07:11:42.512Z","real"
82,30.8,44.7,27,28,"2026-03-18T07:11:37.182Z","real"
82,30.9,46.6,27,28,"2026-03-18T07:11:32.265Z","real"
82,31,47.1,27,28,"2026-03-18T07:11:27.552Z","real"
82,31.1,46.6,27,28,"2026-03-18T07:11:22.431Z","real"
82,31.2,45.6,27,28,"2026-03-18T07:11:17.516Z","real"
82,31.2,46.3,27,28,"2026-03-18T07:11:12.189Z","real"
82,31.2,46.3,27,28,"2026-03-18T07:11:07.354Z","real"
82,31.2,45.9,27,28,"2026-03-18T07:11:02.186Z","real"
82,31.3,45.8,27,28,"2026-03-18T07:10:57.454Z","real"
82,31.3,46.3,27,28,"2026-03-18T07:10:52.326Z","real"
82,31.3,46.3,27,28,"2026-03-18T07:10:47.431Z","real"
87,31.3,45.2,29,30,"2026-03-18T07:10:43.315Z","real"
87,31.3,45,29,30,"2026-03-18T07:10:37.171Z","real"
87,31.3,45.6,29,30,"2026-03-18T07:10:32.418Z","real"
87,31.3,45.6,29,30,"2026-03-18T07:10:27.328Z","real"
87,31.4,45.3,29,30,"2026-03-18T07:10:22.224Z","real"
87,31.3,44.8,29,30,"2026-03-18T07:10:17.264Z","real"
87,31.3,44.5,29,30,"2026-03-18T07:10:12.848Z","real"
87,31.4,44.5,29,30,"2026-03-18T07:10:07.281Z","real"
87,31.4,44.3,29,30,"2026-03-18T07:10:02.155Z","real"
87,31.4,44.8,29,30,"2026-03-18T07:09:57.291Z","real"
87,31.4,44.8,29,30,"2026-03-18T07:09:52.414Z","real"
87,31.4,44.6,29,30,"2026-03-18T07:09:48.046Z","real"
87,31.4,44.4,29,30,"2026-03-18T07:09:43.100Z","real"
87,31.5,44.9,29,30,"2026-03-18T07:09:41.984Z","real"
87,31.5,44.9,29,30,"2026-03-18T07:09:41.952Z","real"
87,31.5,44.9,29,30,"2026-03-18T07:09:41.902Z","real"
87,31.5,44.9,29,30,"2026-03-18T07:09:40.437Z","real"
87,31.6,44.8,29,30,"2026-03-18T07:09:40.007Z","real"
87,31.8,44.4,29,30,"2026-03-18T07:09:30.086Z","real"
87,31.8,44.3,29,30,"2026-03-18T07:07:48.019Z","real"
87,31.9,44.4,29,30,"2026-03-18T07:07:43.437Z","real"
87,31.9,44.3,29,30,"2026-03-18T07:07:38.192Z","real"
87,31.9,43.8,29,30,"2026-03-18T07:07:33.119Z","real"
87,31.9,43.9,29,30,"2026-03-18T07:07:28.147Z","real"
87,31.9,43.9,29,30,"2026-03-18T07:07:22.225Z","real"
87,31.9,43.8,29,30,"2026-03-18T07:07:17.542Z","real"
87,31.9,43.8,29,30,"2026-03-18T07:07:12.218Z","real"
87,31.9,44,29,30,"2026-03-18T07:07:07.267Z","real"
87,31.9,44,29,30,"2026-03-18T07:07:02.269Z","real"
87,31.9,43.8,29,30,"2026-03-18T07:06:57.398Z","real"
87,31.9,43.8,29,30,"2026-03-18T07:06:52.507Z","real"
87,31.9,43.5,29,30,"2026-03-18T07:06:47.189Z","real"
93,31.9,43.6,32,32,"2026-03-18T07:06:42.287Z","real"
93,31.9,43.5,32,32,"2026-03-18T07:06:37.246Z","real"
93,31.9,43.5,32,32,"2026-03-18T07:06:32.436Z","real"
93,32,43.5,32,32,"2026-03-18T07:06:27.356Z","real"
93,31.9,43.9,32,32,"2026-03-18T07:06:22.403Z","real"
93,31.9,44.2,32,32,"2026-03-18T07:06:17.494Z","real"
93,31.8,43.7,32,32,"2026-03-18T07:06:12.172Z","real"
93,31.7,44.3,32,32,"2026-03-18T07:06:07.297Z","real"
93,31.7,44.8,32,32,"2026-03-18T07:06:02.556Z","real"
93,31.7,44.4,32,32,"2026-03-18T07:05:57.219Z","real"
93,31.7,44,32,32,"2026-03-18T07:05:52.411Z","real"
93,31.8,44,32,32,"2026-03-18T07:05:48.143Z","real"
93,31.8,44,32,32,"2026-03-18T07:05:42.730Z","real"
93,31.7,43.9,32,32,"2026-03-18T07:05:37.255Z","real"
93,31.8,44.3,32,32,"2026-03-18T07:05:32.249Z","real"
93,31.8,44.8,32,32,"2026-03-18T07:05:27.248Z","real"
93,31.7,44.6,32,32,"2026-03-18T07:05:23.011Z","real"
93,31.7,44.4,32,32,"2026-03-18T07:05:17.284Z","real"
93,31.7,44.9,32,32,"2026-03-18T07:05:12.213Z","real"
93,31.7,43.4,32,32,"2026-03-18T07:05:07.311Z","real"
93,31.7,44.7,32,32,"2026-03-18T07:05:02.130Z","real"
93,31.7,44.5,32,32,"2026-03-18T07:04:57.448Z","real"
93,31.7,44,32,32,"2026-03-18T07:04:52.387Z","real"
95,31.7,44,33,33,"2026-03-18T07:04:47.186Z","real"
95,31.7,44.5,33,33,"2026-03-18T07:04:42.277Z","real"
95,31.6,45.5,33,33,"2026-03-18T07:04:37.145Z","real"
95,31.5,45.5,33,33,"2026-03-18T07:04:32.259Z","real"
95,31.4,45.2,33,33,"2026-03-18T07:04:27.801Z","real"
95,31.4,46.9,33,33,"2026-03-18T07:04:22.211Z","real"
95,31.4,46.1,33,33,"2026-03-18T07:04:17.280Z","real"
95,31.4,46.4,33,33,"2026-03-18T07:04:12.354Z","real"
95,31.4,46.2,33,33,"2026-03-18T07:04:07.445Z","real"
95,31.4,46.6,33,33,"2026-03-18T07:04:02.129Z","real"
95,31.4,46,33,33,"2026-03-18T07:03:57.267Z","real"
95,31.4,45.8,33,33,"2026-03-18T07:03:52.531Z","real"
95,31.5,47.1,33,33,"2026-03-18T07:03:47.171Z","real"
95,31.5,46,33,33,"2026-03-18T07:03:42.255Z","real"
95,31.5,45,33,33,"2026-03-18T07:03:37.436Z","real"
95,31.5,45.1,33,33,"2026-03-18T07:03:32.289Z","real"
95,31.5,46.5,33,33,"2026-03-18T07:03:27.335Z","real"
95,31.5,47.5,33,33,"2026-03-18T07:03:22.397Z","real"
95,31.5,47.2,33,33,"2026-03-18T07:03:17.341Z","real"
95,31.6,46,33,33,"2026-03-18T07:03:12.373Z","real"
95,31.5,45.5,33,33,"2026-03-18T07:03:07.238Z","real"
95,31.5,45.9,33,33,"2026-03-18T07:03:02.335Z","real"
95,31.5,46.4,33,33,"2026-03-18T07:02:57.410Z","real"
95,31.5,46,33,33,"2026-03-18T07:02:52.309Z","real"
95,31.4,45.6,33,33,"2026-03-18T07:02:47.237Z","real"
95,31.4,44.5,33,33,"2026-03-18T07:02:42.268Z","real"
95,31.4,45.3,33,33,"2026-03-18T07:02:37.422Z","real"
95,31.4,45.8,33,33,"2026-03-18T07:02:32.248Z","real"
95,31.4,45.9,33,33,"2026-03-18T07:02:27.500Z","real"
95,31.4,45.8,33,33,"2026-03-18T07:02:22.253Z","real"
95,31.4,45.6,33,33,"2026-03-18T07:02:17.588Z","real"
95,31.4,45.6,33,33,"2026-03-18T07:02:12.394Z","real"
95,31.4,46.1,33,33,"2026-03-18T07:02:07.244Z","real"
95,31.4,47,33,33,"2026-03-18T07:02:02.412Z","real"
95,31.3,45.3,33,33,"2026-03-18T07:01:57.191Z","real"
95,31.3,46.9,33,33,"2026-03-18T07:01:52.295Z","real"
95,31.3,46.7,33,33,"2026-03-18T07:01:47.429Z","real"
95,31.3,47.3,33,33,"2026-03-18T07:01:42.309Z","real"
95,31.3,47.1,33,33,"2026-03-18T07:01:37.261Z","real"
95,31.3,46.7,33,33,"2026-03-18T07:01:32.332Z","real"
95,31.3,46.9,33,33,"2026-03-18T07:01:27.320Z","real"
95,31.3,46.8,33,33,"2026-03-18T07:01:22.216Z","real"
95,31.3,46.5,33,33,"2026-03-18T07:01:17.280Z","real"
95,31.3,46.9,33,33,"2026-03-18T07:01:12.138Z","real"
95,31.3,46.6,33,33,"2026-03-18T07:01:07.549Z","real"
95,31.3,44.2,33,33,"2026-03-18T07:01:02.542Z","real"
95,31.2,46.2,33,33,"2026-03-18T07:00:57.276Z","real"
95,31.3,46.8,33,33,"2026-03-18T07:00:52.284Z","real"
95,31.3,46.2,33,33,"2026-03-18T07:00:47.365Z","real"
95,31.2,46.2,33,33,"2026-03-18T07:00:42.306Z","real"
95,31.2,46.9,33,33,"2026-03-18T07:00:37.374Z","real"
95,31.3,47.8,33,33,"2026-03-18T07:00:32.478Z","real"
95,31.2,47.5,33,33,"2026-03-18T07:00:27.315Z","real"
95,31.3,47.2,33,33,"2026-03-18T07:00:22.170Z","real"
95,31.3,46.9,33,33,"2026-03-18T07:00:17.267Z","real"
95,31.3,47.5,33,33,"2026-03-18T07:00:12.349Z","real"
95,31.2,47.7,33,33,"2026-03-18T07:00:07.440Z","real"
95,31.3,47.7,33,33,"2026-03-18T07:00:02.316Z","real"
95,31.3,47,33,33,"2026-03-18T06:59:57.184Z","real"
95,31.3,47.4,33,33,"2026-03-18T06:59:52.533Z","real"
95,31.3,48.1,33,33,"2026-03-18T06:59:47.150Z","real"
95,31.2,48.2,33,33,"2026-03-18T06:59:42.232Z","real"
95,31.2,49,33,33,"2026-03-18T06:59:37.613Z","real"
95,31.2,49.1,33,33,"2026-03-18T06:59:32.446Z","real"
95,31.2,48.3,33,33,"2026-03-18T06:59:27.325Z","real"
95,31,49.7,33,33,"2026-03-18T06:59:22.203Z","real"
95,31.1,49.6,33,33,"2026-03-18T06:58:42.649Z","real"
97,31.1,49.5,34,34,"2026-03-18T06:58:35.149Z","real"
95,31.1,49,33,33,"2026-03-18T06:58:30.186Z","real"
95,31.1,48.9,33,33,"2026-03-18T06:58:25.026Z","real"
95,31,49.2,33,33,"2026-03-18T06:58:20.116Z","real"
95,31,50.7,33,33,"2026-03-18T06:58:15.694Z","real"
95,31,51,33,33,"2026-03-18T06:58:10.209Z","real"
95,31,51.2,33,33,"2026-03-18T06:58:04.765Z","real"
95,31,50.5,33,33,"2026-03-18T06:58:00.052Z","real"
95,31,50,33,33,"2026-03-18T06:57:54.919Z","real"
95,31,49.4,33,33,"2026-03-18T06:57:50.012Z","real"
95,31,49,33,33,"2026-03-18T06:57:44.962Z","real"
95,31,48.3,33,33,"2026-03-18T06:57:39.981Z","real"
95,31,47.8,33,33,"2026-03-18T06:57:34.851Z","real"
95,31,48.1,33,33,"2026-03-18T06:57:29.975Z","real"
95,31,48.8,33,33,"2026-03-18T06:57:25.017Z","real"
95,31.1,48.9,33,33,"2026-03-18T06:57:20.014Z","real"
95,31.1,49,33,33,"2026-03-18T06:57:14.786Z","real"
95,31.1,48.4,33,33,"2026-03-18T06:57:09.895Z","real"
95,31.1,47.9,33,33,"2026-03-18T06:57:05.176Z","real"
95,31.1,47.5,33,33,"2026-03-18T06:56:59.829Z","real"
95,31.1,48.1,33,33,"2026-03-18T06:56:54.937Z","real"
95,31.1,48.8,33,33,"2026-03-18T06:56:50.004Z","real"
95,31.1,49.5,33,33,"2026-03-18T06:56:45.083Z","real"
95,31.1,50,33,33,"2026-03-18T06:56:40.008Z","real"
95,31.1,50.6,33,33,"2026-03-18T06:56:34.838Z","real"
95,31.1,51.3,33,33,"2026-03-18T06:56:30.295Z","real"
95,31.1,51.3,33,33,"2026-03-18T06:56:25.056Z","real"
95,31.1,50.7,33,33,"2026-03-18T06:56:14.781Z","real"
95,31.1,49.8,33,34,"2026-03-18T06:56:10.062Z","real"
95,31.2,49.2,33,34,"2026-03-18T06:56:05.146Z","real"
97,31.1,49.3,34,35,"2026-03-18T06:55:59.825Z","real"
91,31.1,49.9,31,33,"2026-03-18T06:55:55.144Z","real"
91,31.1,49.9,31,33,"2026-03-18T06:55:50.107Z","real"
91,31.2,50.2,31,33,"2026-03-18T06:55:44.880Z","real"
91,31.2,50.4,31,33,"2026-03-18T06:55:39.755Z","real"
91,31.2,51,31,33,"2026-03-18T06:55:35.028Z","real"
91,31.2,50.6,31,33,"2026-03-18T06:55:29.934Z","real"
91,31.3,50.6,31,33,"2026-03-18T06:55:24.928Z","real"
91,31.3,50.3,31,33,"2026-03-18T06:55:19.897Z","real"
91,31.3,50.7,31,33,"2026-03-18T06:55:15.040Z","real"
91,31.3,50.1,31,33,"2026-03-18T06:55:09.853Z","real"
91,31.3,49.9,31,33,"2026-03-18T06:55:04.945Z","real"
91,31.3,50.6,31,33,"2026-03-18T06:54:59.932Z","real"
91,31.3,50.1,31,33,"2026-03-18T06:54:55.165Z","real"
91,31.3,49.4,31,33,"2026-03-18T06:54:49.789Z","real"
91,31.3,49.7,31,33,"2026-03-18T06:54:44.872Z","real"
91,31.3,50.8,31,33,"2026-03-18T06:54:40.171Z","real"
91,31.3,51,31,33,"2026-03-18T06:54:34.837Z","real"
91,31.4,49.7,31,33,"2026-03-18T06:54:29.923Z","real"
91,31.4,49.3,31,33,"2026-03-18T06:54:24.810Z","real"
91,31.4,50,31,33,"2026-03-18T06:54:19.951Z","real"
91,31.4,50.1,31,33,"2026-03-18T06:54:14.765Z","real"
89,31.4,50.6,30,31,"2026-03-18T06:54:09.851Z","real"
89,31.4,50.7,30,31,"2026-03-18T06:54:05.194Z","real"
89,31.4,50.9,30,31,"2026-03-18T06:54:00.047Z","real"
89,31.4,50.6,30,31,"2026-03-18T06:53:54.906Z","real"
89,31.4,50.3,30,31,"2026-03-18T06:53:49.783Z","real"
89,31.4,51.1,30,31,"2026-03-18T06:53:45.270Z","real"
89,31.4,51.1,30,31,"2026-03-18T06:53:39.951Z","real"
89,31.4,51.5,30,31,"2026-03-18T06:53:34.831Z","real"
89,31.4,50.8,30,31,"2026-03-18T06:53:30.372Z","real"
89,31.4,50.5,30,31,"2026-03-18T06:53:25.219Z","real"
89,31.4,50.9,30,31,"2026-03-18T06:53:19.887Z","real"
89,31.3,50.3,30,31,"2026-03-18T06:53:15.005Z","real"
89,31.3,49.7,30,31,"2026-03-18T06:53:10.070Z","real"
89,31.3,49.5,30,31,"2026-03-18T06:53:04.947Z","real"
89,31.3,49.7,30,31,"2026-03-18T06:52:59.814Z","real"
89,31.3,50.6,30,31,"2026-03-18T06:52:55.132Z","real"
89,31.3,50.8,30,31,"2026-03-18T06:52:50.214Z","real"
89,31.2,50.7,30,31,"2026-03-18T06:52:44.863Z","real"
89,31.2,50.2,30,31,"2026-03-18T06:52:39.956Z","real"
89,31.2,49.4,30,31,"2026-03-18T06:52:34.850Z","real"
89,31.2,49.1,30,31,"2026-03-18T06:52:29.920Z","real"
89,31.3,50.2,30,31,"2026-03-18T06:52:24.792Z","real"
89,31.3,50.1,30,31,"2026-03-18T06:52:19.900Z","real"
89,31.3,49.6,30,31,"2026-03-18T06:52:15.192Z","real"
89,31.2,49.3,30,31,"2026-03-18T06:52:09.841Z","real"
89,31.2,47.9,30,31,"2026-03-18T06:52:05.051Z","real"
89,31.2,49.5,30,31,"2026-03-18T06:52:00.216Z","real"
89,31.2,49.8,30,31,"2026-03-18T06:51:54.934Z","real"
89,31.2,49.2,30,31,"2026-03-18T06:51:49.775Z","real"
89,31.2,49.3,30,31,"2026-03-18T06:51:44.857Z","real"
89,31.2,49,30,31,"2026-03-18T06:51:39.971Z","real"
89,31.2,48.6,30,31,"2026-03-18T06:51:35.061Z","real"
89,31.2,48.6,30,31,"2026-03-18T06:51:29.908Z","real"
89,31.2,48.5,30,31,"2026-03-18T06:51:24.812Z","real"
89,31.2,49,30,31,"2026-03-18T06:51:20.093Z","real"
89,31.2,49,30,31,"2026-03-18T06:51:14.796Z","real"
89,31.3,48.9,30,31,"2026-03-18T06:51:09.836Z","real"
89,31.3,48.4,30,31,"2026-03-18T06:51:04.950Z","real"
89,31.3,48.6,30,31,"2026-03-18T06:51:00.217Z","real"
89,31.4,49,30,31,"2026-03-18T06:50:54.889Z","real"
89,31.4,49.1,30,31,"2026-03-18T06:50:49.973Z","real"
97,31.4,49,34,34,"2026-03-18T06:50:44.873Z","real"
97,31.4,49.1,34,34,"2026-03-18T06:50:39.934Z","real"
97,31.4,48.8,34,34,"2026-03-18T06:50:35.238Z","real"
97,31.4,48.9,34,34,"2026-03-18T06:50:30.207Z","real"
97,31.4,48.9,34,34,"2026-03-18T06:50:24.824Z","real"
97,31.4,48.7,34,34,"2026-03-18T06:50:19.890Z","real"
97,31.4,48.8,34,34,"2026-03-18T06:50:14.959Z","real"
97,31.5,48.7,34,34,"2026-03-18T06:50:10.126Z","real"
97,31.5,49,34,34,"2026-03-18T06:50:04.920Z","real"
97,31.5,49.3,34,34,"2026-03-18T06:49:59.799Z","real"
97,31.5,49.4,34,34,"2026-03-18T06:49:54.881Z","real"
97,31.5,49.5,34,34,"2026-03-18T06:49:50.195Z","real"
97,31.6,49.2,34,34,"2026-03-18T06:49:44.858Z","real"
97,31.6,48.9,34,34,"2026-03-18T06:49:39.939Z","real"
97,31.6,48.7,34,34,"2026-03-18T06:49:35.016Z","real"
97,31.7,48.9,34,34,"2026-03-18T06:49:29.997Z","real"
97,31.7,49.3,34,34,"2026-03-18T06:49:24.774Z","real"
97,31.8,49.8,34,34,"2026-03-18T06:49:19.900Z","real"
97,31.8,49.8,34,34,"2026-03-18T06:49:15.181Z","real"
97,31.8,49.5,34,34,"2026-03-18T06:49:09.899Z","real"
97,31.8,49.6,34,34,"2026-03-18T06:49:04.917Z","real"
97,31.8,49.5,34,34,"2026-03-18T06:48:59.791Z","real"
97,31.9,50,34,34,"2026-03-18T06:48:54.980Z","real"
97,32,50.6,34,34,"2026-03-18T06:48:49.755Z","real"
97,32,52,34,34,"2026-03-18T06:48:44.866Z","real"
97,32,52.6,34,34,"2026-03-18T06:48:39.989Z","real"
97,32,51.7,34,34,"2026-03-18T06:48:35.315Z","real"
97,32,50.7,34,34,"2026-03-18T06:48:29.906Z","real"
97,32.1,50.4,34,34,"2026-03-18T06:48:24.776Z","real"
97,32.1,51.7,34,34,"2026-03-18T06:48:20.051Z","real"
97,32.2,51.6,34,34,"2026-03-18T06:48:15.149Z","real"
97,32.2,52,34,34,"2026-03-18T06:48:09.836Z","real"
95,32.3,52.1,33,34,"2026-03-18T06:47:59.890Z","real"
89,32.3,51.8,30,31,"2026-03-18T06:47:54.874Z","real"
89,32.3,53,30,31,"2026-03-18T06:47:49.753Z","real"
89,32.3,52.7,30,31,"2026-03-18T06:47:44.857Z","real"
89,32.3,54.8,30,31,"2026-03-18T06:47:40.166Z","real"
89,32.3,55.1,30,31,"2026-03-18T06:47:34.799Z","real"
89,32.3,53.7,30,31,"2026-03-18T06:47:29.884Z","real"
89,32.4,53.4,30,31,"2026-03-18T06:47:25.063Z","real"
89,32.4,55.1,30,31,"2026-03-18T06:47:19.879Z","real"
89,32.4,52.5,30,31,"2026-03-18T06:47:14.940Z","real"
89,32.4,51,30,31,"2026-03-18T06:47:10.021Z","real"
89,32.4,48.7,30,31,"2026-03-18T06:47:05.174Z","real"
89,32.4,48.8,30,31,"2026-03-18T06:46:59.842Z","real"
89,32.5,49.9,30,31,"2026-03-18T06:46:54.861Z","real"
89,32.5,48.9,30,31,"2026-03-18T06:46:50.033Z","real"
89,32.5,49.7,30,31,"2026-03-18T06:46:40.115Z","real"
89,32.5,49.6,30,31,"2026-03-18T06:46:34.822Z","real"
89,32.6,50.6,30,31,"2026-03-18T06:46:30.117Z","real"
89,32.7,50.6,30,31,"2026-03-18T06:46:24.975Z","real"
89,32.6,50.9,30,31,"2026-03-18T06:46:19.846Z","real"
89,32.7,49.8,30,31,"2026-03-18T06:46:15.009Z","real"
89,32.7,50.5,30,31,"2026-03-18T06:46:10.324Z","real"
89,32.7,48.4,30,31,"2026-03-18T06:46:04.993Z","real"
89,32.8,49.1,30,31,"2026-03-18T06:45:59.781Z","real"
89,32.8,49.5,30,31,"2026-03-18T06:45:54.870Z","real"
89,32.8,48.3,30,31,"2026-03-18T06:45:50.021Z","real"
89,32.9,48.2,30,31,"2026-03-18T06:45:44.870Z","real"
89,32.9,48.8,30,31,"2026-03-18T06:45:39.939Z","real"
89,33,49.7,30,31,"2026-03-18T06:45:35.055Z","real"
89,33,50.4,30,31,"2026-03-18T06:45:30.073Z","real"
89,33.1,49.5,30,31,"2026-03-18T06:45:24.754Z","real"
89,33.1,51.4,30,31,"2026-03-18T06:45:19.841Z","real"
89,33.1,51.2,30,31,"2026-03-18T06:45:14.955Z","real"
89,33.2,51.5,30,31,"2026-03-18T06:45:09.805Z","real"
89,33.3,49.6,30,31,"2026-03-18T06:45:04.894Z","real"
89,33.4,48.5,30,31,"2026-03-18T06:45:00.174Z","real"
89,33.4,49.1,30,31,"2026-03-18T06:44:55.004Z","real"
89,33.4,50.4,30,31,"2026-03-18T06:44:49.849Z","real"
89,33.4,49.4,30,31,"2026-03-18T06:44:44.877Z","real"
89,33.4,51.1,30,31,"2026-03-18T06:44:40.137Z","real"
89,33.3,51.9,30,31,"2026-03-18T06:44:34.894Z","real"
89,33.3,51.9,30,31,"2026-03-18T06:44:29.873Z","real"
89,33.3,50.5,30,31,"2026-03-18T06:44:24.757Z","real"
89,33.3,50.3,30,31,"2026-03-18T06:44:19.836Z","real"
89,33.2,49.5,30,31,"2026-03-18T06:44:14.930Z","real"
89,33.2,50.9,30,31,"2026-03-18T06:44:09.819Z","real"
89,33.2,50.5,30,31,"2026-03-18T06:44:04.933Z","real"
89,33.2,49.4,30,31,"2026-03-18T06:44:00.188Z","real"
89,33.1,48.7,30,31,"2026-03-18T06:43:54.854Z","real"
89,33.1,49.7,30,31,"2026-03-18T06:43:49.944Z","real"
89,33.1,50.6,30,31,"2026-03-18T06:43:44.854Z","real"
89,33,50.8,30,31,"2026-03-18T06:43:39.905Z","real"
89,33.1,50.4,30,31,"2026-03-18T06:43:34.783Z","real"
89,33.1,50.4,30,31,"2026-03-18T06:43:29.907Z","real"
89,33.1,49.9,30,31,"2026-03-18T06:43:25.195Z","real"
89,33.2,50.6,30,31,"2026-03-18T06:43:19.832Z","real"
89,33.2,50.9,30,31,"2026-03-18T06:43:14.987Z","real"
89,33.2,50.8,30,31,"2026-03-18T06:43:09.888Z","real"
93,33.1,50.1,32,34,"2026-03-18T06:43:04.925Z","real"
93,33.1,50,32,34,"2026-03-18T06:42:59.760Z","real"
93,33.1,52.1,32,34,"2026-03-18T06:42:54.869Z","real"
93,33,53.3,32,34,"2026-03-18T06:42:50.156Z","real"
93,33,54.1,32,34,"2026-03-18T06:42:44.811Z","real"
93,33,55.2,32,34,"2026-03-18T06:42:40.090Z","real"
93,33,55.8,32,34,"2026-03-18T06:42:35.183Z","real"
93,33,54.8,32,34,"2026-03-18T06:42:30.077Z","real"
93,32.9,54.2,32,34,"2026-03-18T06:42:24.998Z","real"
93,32.9,55.4,32,34,"2026-03-18T06:42:19.831Z","real"
93,32.9,54.6,32,34,"2026-03-18T06:42:14.989Z","real"
93,32.9,54.9,32,34,"2026-03-18T06:42:10.003Z","real"
93,32.8,55.7,32,34,"2026-03-18T06:42:04.881Z","real"
93,32.8,54.8,32,34,"2026-03-18T06:41:59.748Z","real"
93,32.7,55.2,32,34,"2026-03-18T06:41:55.475Z","real"
93,32.7,54.8,32,34,"2026-03-18T06:41:49.933Z","real"
93,32.7,53.7,32,34,"2026-03-18T06:41:44.808Z","real"
93,32.7,52.5,32,34,"2026-03-18T06:41:40.119Z","real"
93,32.7,53.6,32,34,"2026-03-18T06:41:35.075Z","real"
93,32.6,54.8,32,34,"2026-03-18T06:41:29.884Z","real"
93,32.6,54.3,32,34,"2026-03-18T06:41:24.942Z","real"
93,32.5,55.2,32,34,"2026-03-18T06:41:19.888Z","real"
93,32.5,56.7,32,34,"2026-03-18T06:41:15.117Z","real"
93,32.5,57.1,32,34,"2026-03-18T06:41:09.889Z","real"
93,32.4,54.5,32,34,"2026-03-18T06:41:04.872Z","real"
93,32.3,53.8,32,34,"2026-03-18T06:41:00.088Z","real"
93,32.3,53,32,34,"2026-03-18T06:40:54.835Z","real"
93,32.2,52.8,32,34,"2026-03-18T06:40:49.928Z","real"
93,32.1,53.9,32,34,"2026-03-18T06:40:44.882Z","real"
93,32,53.6,32,34,"2026-03-18T06:40:39.990Z","real"
91,32,53.6,31,34,"2026-03-18T06:40:34.766Z","real"
91,32,50.5,31,34,"2026-03-18T06:40:29.862Z","real"
97,31.9,50.7,34,34,"2026-03-18T06:40:25.085Z","real"
97,31.9,50.2,34,34,"2026-03-18T06:40:20.033Z","real"
97,31.9,50.1,34,34,"2026-03-18T06:40:14.897Z","real"
97,32,50,34,34,"2026-03-18T06:40:09.777Z","real"
97,31.9,50.1,34,34,"2026-03-18T06:40:05.077Z","real"
97,32,50.2,34,34,"2026-03-18T06:39:59.946Z","real"
97,32,52,34,34,"2026-03-18T06:39:54.846Z","real"
102,31.5,50.1,36,36,"2026-03-18T06:39:15.591Z","real"
102,31.5,50.5,36,36,"2026-03-18T06:27:11.347Z","real"
102,31.5,51.3,36,36,"2026-03-18T06:27:06.443Z","real"
102,31.5,52,36,36,"2026-03-18T06:27:00.574Z","real"
102,31.5,51.7,36,36,"2026-03-18T06:26:55.174Z","real"
102,31.5,51.4,36,36,"2026-03-18T06:26:50.471Z","real"
102,31.5,51.8,36,36,"2026-03-18T06:26:45.151Z","real"
102,31.6,51.3,36,36,"2026-03-18T06:26:40.248Z","real"
102,31.6,51.1,36,36,"2026-03-18T06:26:35.123Z","real"
102,31.6,51.2,36,36,"2026-03-18T06:26:30.209Z","real"
102,31.6,52.3,36,36,"2026-03-18T06:26:25.510Z","real"
102,31.6,53.8,36,36,"2026-03-18T06:26:20.162Z","real"
102,31.6,53.5,36,36,"2026-03-18T06:26:10.341Z","real"
102,31.6,55.6,36,36,"2026-03-18T06:26:05.262Z","real"
102,31.6,54.2,36,36,"2026-03-18T06:26:00.307Z","real"
97,31.7,51.8,34,35,"2026-03-18T06:25:55.170Z","real"
97,31.6,51.8,34,35,"2026-03-18T06:25:50.338Z","real"
97,31.7,52.2,34,35,"2026-03-18T06:25:45.139Z","real"
97,31.7,52.2,34,35,"2026-03-18T06:25:40.288Z","real"
97,31.7,52.3,34,35,"2026-03-18T06:25:35.711Z","real"
97,31.7,52.5,34,35,"2026-03-18T06:25:30.387Z","real"
97,31.7,52.8,34,35,"2026-03-18T06:25:25.270Z","real"
97,31.7,53.3,34,35,"2026-03-18T06:25:20.151Z","real"
97,31.7,54.5,34,35,"2026-03-18T06:25:15.459Z","real"
97,31.6,57.4,34,35,"2026-03-18T06:25:10.121Z","real"
97,31.6,60.5,34,35,"2026-03-18T06:25:05.219Z","real"
97,31.5,61.1,34,35,"2026-03-18T06:25:00.130Z","real"
97,31.5,61.9,34,35,"2026-03-18T06:24:55.877Z","real"
97,31.4,62.2,34,35,"2026-03-18T06:24:50.251Z","real"
97,31.3,65,34,35,"2026-03-18T06:24:45.138Z","real"
97,31.2,62.9,34,35,"2026-03-18T06:24:40.239Z","real"
97,31.2,63.8,34,35,"2026-03-18T06:24:35.095Z","real"
97,31.1,64.4,34,35,"2026-03-18T06:24:30.175Z","real"
97,31,62.7,34,35,"2026-03-18T06:24:25.507Z","real"
97,31,61.7,34,35,"2026-03-18T06:24:20.158Z","real"
97,31,52.4,34,35,"2026-03-18T06:24:15.227Z","real"
97,30.9,52.6,34,35,"2026-03-18T06:24:10.109Z","real"
97,31,53.1,34,35,"2026-03-18T06:24:05.261Z","real"
97,31,52.9,34,35,"2026-03-18T06:24:00.478Z","real"
97,30.9,53.4,34,35,"2026-03-18T06:23:55.162Z","real"
97,31,53.6,34,35,"2026-03-18T06:23:50.251Z","real"
97,31,53.7,34,35,"2026-03-18T06:23:45.365Z","real"
97,30.9,54,34,35,"2026-03-18T06:23:40.409Z","real"
99,30.9,54.7,35,36,"2026-03-18T06:23:35.092Z","real"
99,30.9,53.3,35,36,"2026-03-18T06:23:30.424Z","real"
107,30.8,54.1,38,38,"2026-03-18T06:23:25.534Z","real"
107,30.8,54.4,38,38,"2026-03-18T06:23:20.139Z","real"
107,30.8,53.4,38,38,"2026-03-18T06:23:15.224Z","real"
107,30.8,53.5,38,38,"2026-03-18T06:23:10.308Z","real"
107,30.8,53.9,38,38,"2026-03-18T06:23:05.592Z","real"
107,30.8,54.2,38,38,"2026-03-18T06:23:00.277Z","real"
107,30.8,53.5,38,38,"2026-03-18T06:22:55.271Z","real"
107,30.8,54.3,38,38,"2026-03-18T06:22:50.385Z","real"
107,30.8,54.2,38,38,"2026-03-18T06:22:45.115Z","real"
107,30.8,53.9,38,38,"2026-03-18T06:22:40.211Z","real"
107,30.8,53.4,38,38,"2026-03-18T06:22:35.504Z","real"
107,30.8,53,38,38,"2026-03-18T06:22:33.806Z","real"
107,30.8,52.2,38,38,"2026-03-18T06:22:25.266Z","real"
107,30.8,52.8,38,38,"2026-03-18T06:22:20.132Z","real"
107,30.8,52.4,38,38,"2026-03-18T06:22:15.218Z","real"
107,30.9,52,38,38,"2026-03-18T06:22:10.410Z","real"
107,31,51.5,38,38,"2026-03-18T06:22:05.178Z","real"
107,31,52,38,38,"2026-03-18T06:22:00.272Z","real"
107,31.1,52.8,38,38,"2026-03-18T06:21:55.148Z","real"
107,31.1,53.6,38,38,"2026-03-18T06:21:50.334Z","real"
107,31.1,54.6,38,38,"2026-03-18T06:21:45.311Z","real"
107,31,54,38,38,"2026-03-18T06:21:40.226Z","real"
107,31,54,38,38,"2026-03-18T06:21:35.501Z","real"
102,31,54.3,36,39,"2026-03-18T06:21:30.158Z","real"
102,31,54.3,36,39,"2026-03-18T06:21:28.940Z","real"
102,31.1,55.2,36,39,"2026-03-18T06:21:26.906Z","real"
102,31.1,55.2,36,39,"2026-03-18T06:21:25.463Z","real"
102,31,54.5,36,39,"2026-03-18T06:21:20.432Z","real"
102,31,54.4,36,39,"2026-03-18T06:21:15.239Z","real"
102,31,54.4,36,39,"2026-03-18T06:21:10.094Z","real"
102,31,54.5,36,39,"2026-03-18T06:21:05.183Z","real"
102,31,54.8,36,39,"2026-03-18T06:21:00.324Z","real"
102,31,54.8,36,39,"2026-03-18T06:20:55.146Z","real"
102,30.9,53.4,36,39,"2026-03-18T06:20:52.891Z","real"
102,30.9,54.7,36,39,"2026-03-18T06:20:52.734Z","real"
102,30.9,54.9,36,39,"2026-03-18T06:20:40.299Z","real"
102,30.9,54.5,36,39,"2026-03-18T06:20:35.393Z","real"
102,30.9,54.1,36,39,"2026-03-18T06:20:30.163Z","real"
102,30.9,54,36,39,"2026-03-18T06:20:25.356Z","real"
102,30.8,54.2,36,39,"2026-03-18T06:20:20.613Z","real"
102,30.9,54,36,36,"2026-03-18T06:20:15.209Z","real"
102,30.9,52.9,36,36,"2026-03-18T06:20:10.085Z","real"
102,30.8,52.6,36,36,"2026-03-18T06:20:05.375Z","real"
102,30.9,53,36,36,"2026-03-18T06:20:00.259Z","real"
102,30.9,52.9,36,36,"2026-03-18T06:19:55.138Z","real"
102,30.9,53.7,36,36,"2026-03-18T06:19:50.312Z","real"
102,30.9,53.1,36,36,"2026-03-18T06:19:45.237Z","real"
102,30.9,52.7,36,36,"2026-03-18T06:19:40.414Z","real"
102,30.9,52.9,36,36,"2026-03-18T06:19:35.287Z","real"
102,31,54.1,36,36,"2026-03-18T06:19:30.665Z","real"
102,30.9,52.9,36,36,"2026-03-18T06:19:25.740Z","real"
102,31,53.7,36,36,"2026-03-18T06:19:20.124Z","real"
102,31,54.1,36,36,"2026-03-18T06:19:15.201Z","real"
102,31,52.5,36,36,"2026-03-18T06:19:10.454Z","real"
102,31,52.3,36,36,"2026-03-18T06:19:05.245Z","real"
102,31,53.5,36,36,"2026-03-18T06:19:00.290Z","real"
102,31.1,53.9,36,36,"2026-03-18T06:18:55.344Z","real"
102,31.1,54.9,36,36,"2026-03-18T06:18:50.242Z","real"
102,31.1,53.2,36,36,"2026-03-18T06:18:45.111Z","real"
102,31.1,52.3,36,36,"2026-03-18T06:18:40.181Z","real"
102,31.2,52.6,36,36,"2026-03-18T06:18:35.331Z","real"
102,31.2,52.1,36,36,"2026-03-18T06:18:30.249Z","real"
102,31.2,52.4,36,36,"2026-03-18T06:18:25.238Z","real"
102,31.3,52.9,36,36,"2026-03-18T06:18:20.209Z","real"
102,31.3,53.6,36,36,"2026-03-18T06:18:15.541Z","real"
102,31.3,53.8,36,36,"2026-03-18T06:18:10.287Z","real"
102,31.3,52.9,36,36,"2026-03-18T06:18:05.160Z","real"
102,31.3,53.1,36,36,"2026-03-18T06:18:00.497Z","real"
102,31.3,52.6,36,36,"2026-03-18T06:17:55.541Z","real"
102,31.2,53.2,36,36,"2026-03-18T06:17:50.213Z","real"
102,31.2,53.1,36,36,"2026-03-18T06:17:45.095Z","real"
97,31.2,53,34,36,"2026-03-18T06:17:40.406Z","real"
97,31.2,53,34,36,"2026-03-18T06:17:35.505Z","real"
97,31.3,54.2,34,36,"2026-03-18T06:17:30.149Z","real"
97,31.3,54.3,34,36,"2026-03-18T06:17:25.222Z","real"
97,31.3,54,34,36,"2026-03-18T06:17:20.398Z","real"
97,31.3,55.3,34,36,"2026-03-18T06:17:15.193Z","real"
97,31.2,56,34,36,"2026-03-18T06:17:10.313Z","real"
97,31.2,55.4,34,36,"2026-03-18T06:17:05.404Z","real"
97,31.2,55.2,34,36,"2026-03-18T06:17:00.615Z","real"
97,31.2,55.2,34,36,"2026-03-18T06:16:55.343Z","real"
97,31.2,54.9,34,36,"2026-03-18T06:16:50.207Z","real"
97,31.2,53.7,34,36,"2026-03-18T06:16:45.550Z","real"
97,31.2,55.2,34,36,"2026-03-18T06:16:40.273Z","real"
97,31.2,54.7,34,36,"2026-03-18T06:16:35.476Z","real"
97,31.2,53.7,34,36,"2026-03-18T06:16:30.336Z","real"
97,31.2,53.4,34,36,"2026-03-18T06:16:25.440Z","real"
97,31.2,53.5,34,36,"2026-03-18T06:16:20.308Z","real"
97,31.2,53.4,34,36,"2026-03-18T06:16:15.182Z","real"
97,31.2,53.9,34,36,"2026-03-18T06:16:10.469Z","real"
97,31.1,53,34,36,"2026-03-18T06:16:05.172Z","real"
97,31.1,53.7,34,36,"2026-03-18T06:16:00.436Z","real"
97,31.1,53.8,34,36,"2026-03-18T06:15:55.122Z","real"
97,31.1,53.9,34,36,"2026-03-18T06:15:50.244Z","real"
97,31.1,53.8,34,36,"2026-03-18T06:15:45.539Z","real"
97,31.1,53.2,34,36,"2026-03-18T06:15:40.169Z","real"
97,31.1,53.1,34,36,"2026-03-18T06:15:35.508Z","real"
97,31.1,53.1,34,36,"2026-03-18T06:15:30.438Z","real"
97,31.1,53.5,34,36,"2026-03-18T06:15:25.275Z","real"
97,31.1,54.6,34,36,"2026-03-18T06:15:20.098Z","real"
97,31.1,54.9,34,36,"2026-03-18T06:15:15.185Z","real"
97,31.1,55.3,34,37,"2026-03-18T06:15:10.534Z","real"
89,31,55.3,30,34,"2026-03-18T06:15:05.146Z","real"
89,31,55.6,30,34,"2026-03-18T06:15:00.247Z","real"
89,31,55.7,30,34,"2026-03-18T06:14:55.581Z","real"
89,31,55.5,30,34,"2026-03-18T06:14:50.415Z","real"
89,31,55.4,30,34,"2026-03-18T06:14:45.318Z","real"
89,31,56,30,34,"2026-03-18T06:14:40.164Z","real"
89,31,56.8,30,34,"2026-03-18T06:14:35.465Z","real"
89,30.9,55.9,30,34,"2026-03-18T06:14:32.737Z","real"
89,30.9,54.9,30,34,"2026-03-18T06:14:25.233Z","real"
89,30.9,54.9,30,34,"2026-03-18T06:14:20.096Z","real"
89,30.9,55.3,30,34,"2026-03-18T06:14:15.273Z","real"
89,30.9,54.7,30,34,"2026-03-18T06:14:10.275Z","real"
89,30.9,55.1,30,34,"2026-03-18T06:14:05.143Z","real"
89,30.8,54.7,30,34,"2026-03-18T06:14:00.456Z","real"
89,30.8,54.7,30,34,"2026-03-18T06:13:55.461Z","real"
89,30.8,54.7,30,34,"2026-03-18T06:13:50.194Z","real"
89,30.8,54.2,30,34,"2026-03-18T06:13:45.317Z","real"
89,30.8,53.7,30,34,"2026-03-18T06:13:40.220Z","real"
89,30.8,53.1,30,34,"2026-03-18T06:13:35.341Z","real"
89,30.8,53.2,30,34,"2026-03-18T06:13:30.128Z","real"
89,30.8,55,30,34,"2026-03-18T06:13:25.204Z","real"
89,30.7,55.7,30,34,"2026-03-18T06:13:20.516Z","real"
89,30.8,56.1,30,30,"2026-03-18T06:13:15.178Z","real"
89,30.7,56.1,30,30,"2026-03-18T06:13:10.261Z","real"
89,30.7,55.4,30,30,"2026-03-18T06:13:05.238Z","real"
89,30.7,54.4,30,30,"2026-03-18T06:13:00.453Z","real"
89,30.6,53.9,30,30,"2026-03-18T06:12:55.311Z","real"
89,30.6,53.7,30,30,"2026-03-18T06:12:50.189Z","real"
89,30.6,53.8,30,30,"2026-03-18T06:12:45.505Z","real"
89,30.6,54.3,30,30,"2026-03-18T06:12:40.191Z","real"
89,30.6,54.1,30,30,"2026-03-18T06:12:35.257Z","real"
89,30.6,53.8,30,30,"2026-03-18T06:12:30.116Z","real"
89,30.6,53.8,30,30,"2026-03-18T06:12:25.614Z","real"
89,30.6,54.2,30,30,"2026-03-18T06:12:20.288Z","real"
89,30.6,55.5,30,30,"2026-03-18T06:12:15.178Z","real"
89,30.5,55.1,30,30,"2026-03-18T06:12:10.500Z","real"
89,30.5,55.6,30,30,"2026-03-18T06:12:05.363Z","real"
89,30.5,55.3,30,30,"2026-03-18T06:12:00.224Z","real"
89,30.5,54,30,30,"2026-03-18T06:11:55.097Z","real"
89,30.5,53.4,30,30,"2026-03-18T06:11:50.295Z","real"
89,30.5,53.2,30,30,"2026-03-18T06:11:45.281Z","real"
89,30.5,53,30,30,"2026-03-18T06:11:40.148Z","real"
89,30.6,53.2,30,30,"2026-03-18T06:11:35.230Z","real"
89,30.6,53.3,30,30,"2026-03-18T06:11:30.337Z","real"
89,30.6,53.9,30,30,"2026-03-18T06:11:25.196Z","real"
89,30.6,54.2,30,30,"2026-03-18T06:11:20.287Z","real"
89,30.5,55.2,30,30,"2026-03-18T06:11:15.357Z","real"
89,30.6,54.6,30,30,"2026-03-18T06:11:10.298Z","real"
89,30.5,54,30,30,"2026-03-18T06:11:05.133Z","real"
89,30.5,53.3,30,30,"2026-03-18T06:11:00.217Z","real"
89,30.5,52.9,30,30,"2026-03-18T06:10:55.308Z","real"
87,30.5,52.4,29,29,"2026-03-18T06:10:50.181Z","real"
91,30.6,52.5,31,32,"2026-03-18T06:10:45.263Z","real"
91,30.6,52,31,32,"2026-03-18T06:10:40.196Z","real"
91,30.6,52.2,31,32,"2026-03-18T06:10:35.453Z","real"
91,30.6,51.8,31,32,"2026-03-18T06:10:30.107Z","real"
91,30.6,51.5,31,32,"2026-03-18T06:10:25.195Z","real"
91,30.7,51.5,31,32,"2026-03-18T06:10:20.553Z","real"
91,30.7,50.4,31,32,"2026-03-18T06:10:15.222Z","real"
91,30.8,52.5,31,32,"2026-03-18T06:10:10.249Z","real"
91,30.8,51.7,31,32,"2026-03-18T06:10:05.122Z","real"
91,30.9,51.6,31,32,"2026-03-18T06:10:00.274Z","real"
91,30.9,51.8,31,32,"2026-03-18T06:09:55.088Z","real"
91,30.9,51.8,31,32,"2026-03-18T06:09:50.185Z","real"
91,31,52.4,31,32,"2026-03-18T06:09:45.468Z","real"
91,31,52,31,32,"2026-03-18T06:09:40.177Z","real"
91,30.9,51.8,31,32,"2026-03-18T06:09:35.223Z","real"
91,31,52.1,31,32,"2026-03-18T06:09:30.101Z","real"
91,31,52.2,31,32,"2026-03-18T06:09:25.390Z","real"
91,31,52.2,31,32,"2026-03-18T06:09:20.278Z","real"
91,30.9,52.1,31,32,"2026-03-18T06:09:15.150Z","real"
91,30.9,52,31,32,"2026-03-18T06:09:10.436Z","real"
91,30.9,51.9,31,32,"2026-03-18T06:09:05.202Z","real"
91,30.9,51.8,31,32,"2026-03-18T06:09:00.245Z","real"
91,30.9,51.9,31,32,"2026-03-18T06:08:55.297Z","real"
91,30.9,51.8,31,32,"2026-03-18T06:08:50.383Z","real"
91,30.9,51.3,31,32,"2026-03-18T06:08:45.249Z","real"
91,31,51.4,31,32,"2026-03-18T06:08:40.133Z","real"
91,31,51.7,31,32,"2026-03-18T06:08:35.512Z","real"
91,31,52.5,31,32,"2026-03-18T06:08:30.378Z","real"
91,31,52.1,31,32,"2026-03-18T06:08:25.189Z","real"
93,31,52.2,32,32,"2026-03-18T06:08:20.270Z","real"
93,30.9,53.1,32,32,"2026-03-18T06:08:15.161Z","real"
93,31,53.5,32,32,"2026-03-18T06:08:10.331Z","real"
117,31,54.1,42,42,"2026-03-18T06:08:05.124Z","real"
117,31,54.3,42,42,"2026-03-18T06:08:00.418Z","real"
117,30.9,53.7,42,42,"2026-03-18T06:07:55.282Z","real"
117,31,53.4,42,42,"2026-03-18T06:07:50.168Z","real"
117,30.9,53.1,42,42,"2026-03-18T06:07:45.541Z","real"
117,31,53,42,42,"2026-03-18T06:07:40.361Z","real"
117,31,52.5,42,42,"2026-03-18T06:07:35.262Z","real"
117,31,52.8,42,42,"2026-03-18T06:07:30.089Z","real"
117,31,52.9,42,42,"2026-03-18T06:07:25.271Z","real"
117,31,52.6,42,42,"2026-03-18T06:07:20.262Z","real"
117,31,52.4,42,42,"2026-03-18T06:07:15.143Z","real"
117,30.9,52.5,42,42,"2026-03-18T06:07:10.242Z","real"
117,31,52.2,42,42,"2026-03-18T06:07:05.350Z","real"
117,31,50.7,42,42,"2026-03-18T06:07:00.190Z","real"
117,31,52.1,42,42,"2026-03-18T06:06:55.347Z","real"
117,31,52.4,42,42,"2026-03-18T06:06:50.359Z","real"
117,31,52.9,42,42,"2026-03-18T06:06:45.442Z","real"
117,31,52.8,42,42,"2026-03-18T06:06:40.128Z","real"
117,31,52.6,42,42,"2026-03-18T06:06:35.207Z","real"
117,31,52.3,42,42,"2026-03-18T06:06:30.382Z","real"
117,31.1,52,42,42,"2026-03-18T06:06:25.368Z","real"
117,31.1,51.7,42,42,"2026-03-18T06:06:20.269Z","real"
117,31.1,52,42,42,"2026-03-18T06:06:15.137Z","real"
117,31.1,52.2,42,42,"2026-03-18T06:06:10.450Z","real"
117,31.1,51.7,42,42,"2026-03-18T06:06:05.104Z","real"
117,31.1,51.3,42,42,"2026-03-18T06:06:00.188Z","real"
117,31.2,52.3,42,42,"2026-03-18T06:05:55.495Z","real"
117,31.2,52.2,42,42,"2026-03-18T06:05:50.209Z","real"
117,31.2,52.8,42,42,"2026-03-18T06:05:45.233Z","real"
117,31.2,53,42,42,"2026-03-18T06:05:40.116Z","real"
117,31.2,52.5,42,42,"2026-03-18T06:05:35.485Z","real"
117,31.3,52.7,42,42,"2026-03-18T06:05:30.373Z","real"
117,31.3,52.5,42,42,"2026-03-18T06:05:25.202Z","real"
117,31.3,52.9,42,42,"2026-03-18T06:05:20.410Z","real"
117,31.3,53,42,42,"2026-03-18T06:05:15.241Z","real"
117,31.3,53.5,42,42,"2026-03-18T06:05:10.247Z","real"
117,31.3,54.8,42,42,"2026-03-18T06:05:05.504Z","real"
117,31.2,55.6,42,42,"2026-03-18T06:05:00.181Z","real"
117,31.1,56.4,42,42,"2026-03-18T06:04:55.359Z","real"
117,31.1,53.9,42,42,"2026-03-18T06:04:50.151Z","real"
117,31,52.9,42,42,"2026-03-18T06:04:45.300Z","real"
117,30.9,53.6,42,42,"2026-03-18T06:04:40.334Z","real"
117,30.8,54.9,42,42,"2026-03-18T06:04:35.311Z","real"
117,30.8,54.8,42,42,"2026-03-18T06:04:30.293Z","real"
117,30.6,51.7,42,42,"2026-03-18T06:04:25.380Z","real"
117,30.6,53.9,42,42,"2026-03-18T06:04:20.401Z","real"
117,30.6,53.4,42,42,"2026-03-18T06:04:15.867Z","real"
117,30.6,53.6,42,42,"2026-03-18T06:04:10.215Z","real"
117,30.6,52.9,42,42,"2026-03-18T06:04:05.308Z","real"
117,30.6,52.9,42,42,"2026-03-18T06:04:00.376Z","real"
117,30.5,54.2,42,42,"2026-03-18T06:03:55.270Z","real"
117,30.6,52.8,42,42,"2026-03-18T06:03:50.168Z","real"
117,30.5,53.2,42,42,"2026-03-18T06:03:45.637Z","real"
117,30.5,53.3,42,42,"2026-03-18T06:03:40.121Z","real"
117,30.5,53.2,42,42,"2026-03-18T06:03:35.207Z","real"
117,30.5,53.9,42,42,"2026-03-18T06:03:33.228Z","real"
117,30.5,53.4,42,42,"2026-03-18T06:03:25.369Z","real"
117,30.5,54.7,42,42,"2026-03-18T06:03:20.441Z","real"
117,30.5,54,42,42,"2026-03-18T06:03:15.124Z","real"
117,30.5,54.4,42,42,"2026-03-18T06:03:12.353Z","real"
117,30.4,55,42,42,"2026-03-18T06:03:05.437Z","real"
117,30.4,53.6,42,42,"2026-03-18T06:03:00.175Z","real"
117,30.4,53.9,42,42,"2026-03-18T06:02:55.245Z","real"
117,30.4,53.7,42,42,"2026-03-18T06:02:52.489Z","real"
117,30.4,52.2,42,42,"2026-03-18T06:02:45.222Z","real"
117,30.3,52.2,42,42,"2026-03-18T06:02:40.105Z","real"
117,30.4,52.4,42,42,"2026-03-18T06:02:35.243Z","real"
117,30.3,52.5,42,42,"2026-03-18T06:02:30.343Z","real"
117,30.4,52.4,42,42,"2026-03-18T06:02:25.161Z","real"
117,30.3,52,42,42,"2026-03-18T06:02:20.283Z","real"
117,30.3,51.5,42,42,"2026-03-18T06:02:15.287Z","real"
117,30.3,51.1,42,42,"2026-03-18T06:02:10.243Z","real"
117,30.3,51.4,42,42,"2026-03-18T06:02:05.282Z","real"
117,30.3,52,42,42,"2026-03-18T06:02:00.172Z","real"
117,30.3,53,42,42,"2026-03-18T06:01:55.487Z","real"
117,30.4,52.4,42,42,"2026-03-18T06:01:50.173Z","real"
117,30.3,52.2,42,42,"2026-03-18T06:01:45.274Z","real"
117,30.4,50.6,42,42,"2026-03-18T06:01:40.308Z","real"
117,30.4,50.4,42,42,"2026-03-18T06:01:35.186Z","real"
117,30.4,49.8,42,42,"2026-03-18T06:01:30.320Z","real"
117,30.4,52.1,42,42,"2026-03-18T06:01:25.584Z","real"
117,30.4,53,42,42,"2026-03-18T06:01:20.441Z","real"
117,30.4,54.1,42,42,"2026-03-18T06:01:15.112Z","real"
117,30.4,54,42,42,"2026-03-18T06:01:10.317Z","real"
117,30.3,54.9,42,42,"2026-03-18T06:01:05.361Z","real"
117,30.4,54.2,42,42,"2026-03-18T06:01:00.250Z","real"
117,30.4,53,42,42,"2026-03-18T06:00:55.299Z","real"
117,30.4,52,42,42,"2026-03-18T06:00:50.330Z","real"
117,30.3,51.9,42,42,"2026-03-18T06:00:45.214Z","real"
117,30.3,52.1,42,42,"2026-03-18T06:00:40.090Z","real"
117,30.3,51.6,42,42,"2026-03-18T06:00:35.949Z","real"
117,30.3,50.8,42,42,"2026-03-18T06:00:30.470Z","real"
117,30.3,50.5,42,42,"2026-03-18T06:00:25.176Z","real"
117,30.3,49.8,42,42,"2026-03-18T06:00:20.438Z","real"
117,30.4,49.4,42,42,"2026-03-18T06:00:15.111Z","real"
117,30.4,48.3,42,42,"2026-03-18T06:00:10.193Z","real"
119,30.4,49.5,43,43,"2026-03-18T06:00:05.416Z","real"
115,30.3,49.6,41,41,"2026-03-18T06:00:00.162Z","real"
115,30.4,50.8,41,41,"2026-03-18T05:59:55.612Z","real"
115,30.4,50.2,41,41,"2026-03-18T05:59:50.362Z","real"
117,30.5,50.8,42,42,"2026-03-18T05:59:45.424Z","real"
117,30.5,50.7,42,42,"2026-03-18T05:59:40.491Z","real"
117,30.5,52,42,42,"2026-03-18T05:59:35.163Z","real"
117,30.6,52.4,42,42,"2026-03-18T05:59:30.517Z","real"
117,30.6,52.3,42,42,"2026-03-18T05:59:25.601Z","real"
117,30.6,55.2,42,42,"2026-03-18T05:59:25.442Z","real"
84,30.6,55.2,28,28,"2026-03-18T05:59:24.125Z","real"
95,30.6,55.2,33,38,"2026-03-18T05:59:23.934Z","real"
53,30.6,55.2,13,13,"2026-03-18T05:59:23.554Z","real"
33,30.3,50.1,8,8,"2026-03-18T05:59:05.668Z","real"
91,32.4,48.1,31,31,"2026-03-17T13:54:03.257Z","real"
91,32.4,48.2,31,31,"2026-03-17T13:53:58.128Z","real"
91,32.4,48.2,31,31,"2026-03-17T13:53:53.210Z","real"
91,32.4,48.2,31,31,"2026-03-17T13:53:48.392Z","real"
91,32.4,48.2,31,31,"2026-03-17T13:53:43.161Z","real"
91,32.4,48.2,31,31,"2026-03-17T13:53:38.466Z","real"
91,32.4,48.2,31,31,"2026-03-17T13:53:33.330Z","real"
91,32.4,48.2,31,31,"2026-03-17T13:53:28.225Z","real"
91,32.4,48.2,31,31,"2026-03-17T13:53:23.090Z","real"
91,32.4,48.2,31,31,"2026-03-17T13:53:18.207Z","real"
91,32.4,48.2,31,31,"2026-03-17T13:53:13.335Z","real"
91,32.4,48.2,31,31,"2026-03-17T13:53:08.141Z","real"
91,32.4,48.2,31,31,"2026-03-17T13:53:03.479Z","real"
91,32.4,48.2,31,31,"2026-03-17T13:52:58.106Z","real"
91,32.3,48.2,31,31,"2026-03-17T13:52:54.045Z","real"
91,32.4,48.2,31,31,"2026-03-17T13:52:48.271Z","real"
91,32.3,48.2,31,31,"2026-03-17T13:52:43.429Z","real"
91,32.4,48.3,31,31,"2026-03-17T13:52:38.295Z","real"
91,32.4,48.3,31,31,"2026-03-17T13:52:33.376Z","real"
91,32.4,48.3,31,31,"2026-03-17T13:52:28.272Z","real"
91,32.3,48.2,31,31,"2026-03-17T13:52:23.295Z","real"
91,32.4,48.3,31,31,"2026-03-17T13:52:18.800Z","real"
91,32.4,48.3,31,31,"2026-03-17T13:52:13.734Z","real"
91,32.4,48.3,31,31,"2026-03-17T13:52:08.153Z","real"
91,32.4,48.3,31,31,"2026-03-17T13:52:03.636Z","real"
91,32.4,48.3,31,31,"2026-03-17T13:51:58.330Z","real"
91,32.3,48.3,31,31,"2026-03-17T13:51:54.219Z","real"
91,32.4,47,31,31,"2026-03-17T13:51:51.602Z","real"
91,32.4,47,31,31,"2026-03-17T13:51:51.562Z","real"
93,32.4,47,32,32,"2026-03-17T13:51:51.496Z","real"
93,32.4,47,32,32,"2026-03-17T13:51:51.487Z","real"
87,32.4,47,29,29,"2026-03-17T13:51:51.400Z","real"
72,32.3,47,22,22,"2026-03-17T13:51:51.104Z","real"
55,32.3,47,14,19,"2026-03-17T13:51:48.522Z","real"
76,32.8,45.1,24,24,"2026-03-17T10:27:01.431Z","real"
76,32.8,44.8,24,24,"2026-03-17T10:26:56.632Z","real"
76,32.8,44.3,24,24,"2026-03-17T10:26:52.075Z","real"
76,32.8,43.8,24,24,"2026-03-17T10:26:46.539Z","real"
76,32.7,43.8,24,24,"2026-03-17T10:26:41.646Z","real"
76,32.7,43.9,24,24,"2026-03-17T10:26:36.449Z","real"
76,32.7,43.8,24,24,"2026-03-17T10:26:31.612Z","real"
74,32.7,43.9,23,24,"2026-03-17T10:26:26.409Z","real"
74,32.7,43.9,23,24,"2026-03-17T10:26:21.503Z","real"
74,32.7,43.9,23,23,"2026-03-17T10:26:16.497Z","real"
74,32.7,43.9,23,23,"2026-03-17T10:26:11.473Z","real"
70,32.7,43.8,21,23,"2026-03-17T10:26:06.675Z","real"
72,32.7,43.6,22,22,"2026-03-17T10:26:01.427Z","real"
72,32.7,43.5,22,22,"2026-03-17T10:25:56.535Z","real"
72,32.6,43.5,22,22,"2026-03-17T10:25:51.394Z","real"
72,32.6,43.5,22,22,"2026-03-17T10:25:46.557Z","real"
72,32.6,43.4,22,22,"2026-03-17T10:25:41.736Z","real"
72,32.6,43.6,22,22,"2026-03-17T10:25:36.472Z","real"
72,32.6,43.6,22,22,"2026-03-17T10:25:31.529Z","real"
72,32.6,43.4,22,22,"2026-03-17T10:25:26.638Z","real"
72,32.6,43.6,22,22,"2026-03-17T10:25:21.496Z","real"
72,32.6,43.6,22,22,"2026-03-17T10:25:16.598Z","real"
72,32.6,43.6,22,22,"2026-03-17T10:25:11.478Z","real"
72,32.6,43.5,22,22,"2026-03-17T10:25:06.608Z","real"
72,32.5,43.4,22,22,"2026-03-17T10:25:01.434Z","real"
72,32.5,43.3,22,22,"2026-03-17T10:24:56.522Z","real"
72,32.5,43.2,22,22,"2026-03-17T10:24:51.392Z","real"
72,32.5,43,22,22,"2026-03-17T10:24:46.713Z","real"
72,32.5,42.9,22,22,"2026-03-17T10:24:41.731Z","real"
72,32.5,42.9,22,22,"2026-03-17T10:24:36.474Z","real"
72,32.5,43,22,22,"2026-03-17T10:24:31.542Z","real"
72,32.5,43.2,22,22,"2026-03-17T10:24:26.810Z","real"
72,32.5,43.2,22,22,"2026-03-17T10:24:21.502Z","real"
72,32.5,43.4,22,22,"2026-03-17T10:24:16.664Z","real"
72,32.5,43.4,22,22,"2026-03-17T10:24:11.481Z","real"
72,32.5,43.4,22,22,"2026-03-17T10:24:06.791Z","real"
72,32.5,43.4,22,22,"2026-03-17T10:24:01.621Z","real"
72,32.4,43.2,22,22,"2026-03-17T10:23:56.513Z","real"
72,32.4,43.1,22,22,"2026-03-17T10:23:51.699Z","real"
72,32.4,43,22,22,"2026-03-17T10:23:46.780Z","real"
72,32.4,43.2,22,22,"2026-03-17T10:23:41.589Z","real"
72,32.4,41.9,22,22,"2026-03-17T10:23:36.435Z","real"
72,32.4,41.7,22,22,"2026-03-17T10:23:33.897Z","real"
68,32.4,41.7,20,23,"2026-03-17T10:23:33.894Z","real"
76,32.4,41.7,24,24,"2026-03-17T10:23:33.871Z","real"
50,32.4,41.7,12,12,"2026-03-17T10:23:33.703Z","real"
89,32.4,46.6,30,30,"2026-03-16T05:41:18.177Z","real"
89,32.5,46.7,30,30,"2026-03-16T05:41:12.995Z","real"
89,32.5,46.7,30,30,"2026-03-16T05:41:08.012Z","real"
112,32.4,46.9,40,40,"2026-03-16T05:41:03.180Z","real"
93,32.5,46.1,32,32,"2026-03-16T05:40:58.103Z","real"
70,32.4,45.5,21,27,"2026-03-16T05:40:52.972Z","real"
89,32.4,46.7,30,33,"2026-03-16T05:40:48.051Z","real"
89,32.4,46.7,30,33,"2026-03-16T05:40:42.900Z","real"
93,32.4,46.8,32,32,"2026-03-16T05:40:38.013Z","real"
82,32.5,45.5,27,27,"2026-03-16T05:40:33.067Z","real"
50,32.3,45.8,12,12,"2026-03-16T05:40:28.062Z","real"
87,31.3,53.8,29,30,"2026-03-15T05:30:50.315Z","real"
87,31.3,53.8,29,30,"2026-03-15T05:30:45.285Z","real"
87,31.3,53.8,29,30,"2026-03-15T05:30:40.146Z","real"
87,31.3,53.8,29,30,"2026-03-15T05:30:35.215Z","real"
87,31.3,53.8,29,30,"2026-03-15T05:30:30.502Z","real"
87,31.3,53.8,29,30,"2026-03-15T05:30:25.216Z","real"
87,31.3,53.8,29,30,"2026-03-15T05:30:20.471Z","real"
87,31.3,53.8,29,30,"2026-03-15T05:30:15.385Z","real"
87,31.3,53.9,29,30,"2026-03-15T05:30:10.245Z","real"
87,31.3,53.9,29,30,"2026-03-15T05:30:05.146Z","real"
87,31.3,53.9,29,30,"2026-03-15T05:30:00.395Z","real"
87,31.3,53.9,29,30,"2026-03-15T05:29:55.224Z","real"
87,31.3,53.9,29,30,"2026-03-15T05:29:50.336Z","real"
87,31.3,53.9,29,30,"2026-03-15T05:29:45.261Z","real"
87,31.3,54,29,30,"2026-03-15T05:29:40.166Z","real"
87,31.3,53.9,29,30,"2026-03-15T05:29:35.353Z","real"
87,31.3,54,29,30,"2026-03-15T05:29:30.302Z","real"
87,31.3,53.9,29,31,"2026-03-15T05:29:25.298Z","real"
87,31.3,53.9,29,31,"2026-03-15T05:29:20.291Z","real"
87,31.3,54,29,31,"2026-03-15T05:29:15.840Z","real"
87,31.3,54.1,29,31,"2026-03-15T05:29:10.328Z","real"
87,31.3,54.2,29,31,"2026-03-15T05:29:06.197Z","real"
87,31.2,54.2,29,31,"2026-03-15T05:29:01.446Z","real"
87,31.2,54.1,29,31,"2026-03-15T05:28:55.355Z","real"
87,31.2,54.1,29,31,"2026-03-15T05:28:51.196Z","real"
87,31.1,54,29,31,"2026-03-15T05:28:46.102Z","real"
87,31.2,52.9,29,31,"2026-03-15T05:28:40.259Z","real"
87,31.2,54,29,31,"2026-03-15T05:28:35.420Z","real"
87,31.2,54.1,29,31,"2026-03-15T05:28:30.289Z","real"
87,31.2,54.1,29,31,"2026-03-15T05:28:25.225Z","real"
87,31.2,54,29,31,"2026-03-15T05:28:20.268Z","real"
87,31.2,54,29,31,"2026-03-15T05:28:15.354Z","real"
87,31.2,54,29,31,"2026-03-15T05:28:10.220Z","real"
87,31.2,54.1,29,31,"2026-03-15T05:28:05.122Z","real"
87,31.2,54.1,29,31,"2026-03-15T05:28:01.292Z","real"
87,31.2,54.1,29,31,"2026-03-15T05:27:56.105Z","real"
87,31.2,54.1,29,31,"2026-03-15T05:27:51.196Z","real"
87,31.2,54,29,31,"2026-03-15T05:27:45.317Z","real"
87,31.2,54,29,31,"2026-03-15T05:27:40.252Z","real"
87,31.2,54,29,31,"2026-03-15T05:27:35.225Z","real"
87,31.1,54,29,31,"2026-03-15T05:27:30.283Z","real"
87,31.2,54.2,29,31,"2026-03-15T05:27:25.219Z","real"
87,31.1,54.2,29,31,"2026-03-15T05:27:20.275Z","real"
87,31.1,54.6,29,31,"2026-03-15T05:27:15.326Z","real"
87,31.1,56.1,29,31,"2026-03-15T05:27:10.427Z","real"
87,31.1,56.1,29,31,"2026-03-15T05:27:05.139Z","real"
87,31.1,54.1,29,31,"2026-03-15T05:27:00.185Z","real"
87,31.1,54.1,29,31,"2026-03-15T05:26:55.305Z","real"
84,31.1,54,28,30,"2026-03-15T05:26:50.146Z","real"
84,31.1,54,28,30,"2026-03-15T05:26:45.292Z","real"
82,31.1,54,27,29,"2026-03-15T05:26:40.115Z","real"
80,31.1,53.9,26,28,"2026-03-15T05:26:35.264Z","real"
74,31.1,53.9,23,23,"2026-03-15T05:26:30.322Z","real"
74,31.1,53.9,23,23,"2026-03-15T05:26:25.218Z","real"
74,31.1,54,23,23,"2026-03-15T05:26:20.272Z","real"
74,31.1,54,23,23,"2026-03-15T05:26:15.165Z","real"
74,31.1,54,23,23,"2026-03-15T05:26:10.206Z","real"
74,31.1,54.1,23,23,"2026-03-15T05:26:05.314Z","real"
74,31.1,54.1,23,23,"2026-03-15T05:26:00.186Z","real"
74,31.1,54.1,23,23,"2026-03-15T05:25:55.289Z","real"
74,31.1,54,23,23,"2026-03-15T05:25:50.161Z","real"
74,31.1,54,23,23,"2026-03-15T05:25:45.240Z","real"
74,31.1,54.1,23,23,"2026-03-15T05:25:40.124Z","real"
74,31.1,54,23,23,"2026-03-15T05:25:35.248Z","real"
74,31.1,54.1,23,23,"2026-03-15T05:25:30.564Z","real"
74,31.1,54.1,23,23,"2026-03-15T05:25:25.149Z","real"
74,31.1,54,23,23,"2026-03-15T05:25:20.902Z","real"
74,31.1,54,23,23,"2026-03-15T05:25:15.175Z","real"
74,31,54,23,23,"2026-03-15T05:25:10.230Z","real"
74,31,54,23,23,"2026-03-15T05:25:05.763Z","real"
74,31,54.2,23,23,"2026-03-15T05:25:00.399Z","real"
74,31.1,54.3,23,23,"2026-03-15T05:24:55.495Z","real"
74,31.1,54.3,23,23,"2026-03-15T05:24:50.137Z","real"
74,31,54.2,23,23,"2026-03-15T05:24:45.474Z","real"
74,31,54.3,23,23,"2026-03-15T05:24:40.317Z","real"
74,31,54.4,23,23,"2026-03-15T05:24:35.204Z","real"
74,31,54.3,23,23,"2026-03-15T05:24:30.286Z","real"
74,31,54.3,23,23,"2026-03-15T05:24:25.295Z","real"
74,31,54.4,23,23,"2026-03-15T05:24:20.239Z","real"
74,31,54.4,23,23,"2026-03-15T05:24:15.358Z","real"
74,31,54.4,23,23,"2026-03-15T05:24:10.422Z","real"
74,31,54.3,23,23,"2026-03-15T05:24:05.304Z","real"
74,31,53,23,23,"2026-03-15T05:24:00.186Z","real"
68,31,53.2,20,20,"2026-03-15T05:23:56.588Z","real"
97,31,53.2,34,34,"2026-03-15T05:23:56.573Z","real"
61,31,53.2,17,20,"2026-03-15T05:23:56.558Z","real"
127,32,50.3,46,52,"2026-03-14T05:30:45.320Z","real"
127,32,50.3,46,52,"2026-03-14T05:29:45.140Z","real"
127,32,50.4,46,52,"2026-03-14T05:28:45.127Z","real"
127,32,50.3,46,52,"2026-03-14T05:27:45.121Z","real"
127,32,50.3,46,52,"2026-03-14T05:26:45.112Z","real"
127,32,50.3,46,52,"2026-03-14T05:25:45.126Z","real"
127,32,50.3,46,52,"2026-03-14T05:24:45.219Z","real"
127,32,50.2,46,52,"2026-03-14T05:23:45.110Z","real"
127,32,50.2,46,52,"2026-03-14T05:22:45.095Z","real"
127,32,50,46,52,"2026-03-14T05:21:45.119Z","real"
127,31.9,49.8,46,52,"2026-03-14T05:20:45.098Z","real"
127,31.9,49.7,46,52,"2026-03-14T05:19:45.132Z","real"
127,31.9,50,46,52,"2026-03-14T05:18:45.111Z","real"
127,31.8,49.7,46,52,"2026-03-14T05:17:45.086Z","real"
127,31.9,49.6,46,52,"2026-03-14T05:16:45.098Z","real"
127,31.9,49.5,46,52,"2026-03-14T05:15:45.073Z","real"
127,31.8,49.4,46,52,"2026-03-14T05:14:45.044Z","real"
127,31.8,49.3,46,52,"2026-03-14T05:13:45.057Z","real"
127,31.8,49.3,46,52,"2026-03-14T05:13:16.199Z","real"
127,31.8,49.3,46,52,"2026-03-14T05:13:11.357Z","real"
127,31.8,49.2,46,52,"2026-03-14T05:13:05.632Z","real"
127,31.8,49.2,46,52,"2026-03-14T05:13:01.334Z","real"
127,31.8,49.2,46,52,"2026-03-14T05:12:55.587Z","real"
127,31.8,49.2,46,52,"2026-03-14T05:12:50.233Z","real"
127,31.8,49.2,46,52,"2026-03-14T05:12:45.032Z","real"
127,31.8,49.2,46,52,"2026-03-14T05:12:40.015Z","real"
132,31.8,49.3,48,52,"2026-03-14T05:12:35.011Z","real"
132,31.8,49.3,48,52,"2026-03-14T05:12:30.114Z","real"
132,31.8,49.2,48,52,"2026-03-14T05:12:25.169Z","real"
132,31.8,49.1,48,52,"2026-03-14T05:12:19.978Z","real"
132,31.8,49.2,48,52,"2026-03-14T05:12:14.528Z","real"
132,31.8,49.2,48,52,"2026-03-14T05:12:09.607Z","real"
132,31.8,49.2,48,52,"2026-03-14T05:12:07.605Z","real"
132,31.8,49,48,52,"2026-03-14T05:11:45.425Z","real"
132,31.7,48.9,48,52,"2026-03-14T05:10:45.331Z","real"
132,31.8,49,48,52,"2026-03-14T05:10:40.103Z","real"
132,31.8,49,48,52,"2026-03-14T05:10:35.195Z","real"
132,31.8,49,48,52,"2026-03-14T05:10:30.196Z","real"
132,31.7,48.9,48,52,"2026-03-14T05:10:25.974Z","real"
132,31.8,49,48,52,"2026-03-14T05:10:20.957Z","real"
132,31.7,48.9,48,52,"2026-03-14T05:10:15.195Z","real"
132,31.7,48.9,48,52,"2026-03-14T05:10:11.059Z","real"
132,31.7,48.8,48,52,"2026-03-14T05:10:05.505Z","real"
132,31.7,48.8,48,52,"2026-03-14T05:10:01.061Z","real"
132,31.7,48.7,48,52,"2026-03-14T05:09:55.042Z","real"
132,31.7,48.6,48,52,"2026-03-14T05:09:50.141Z","real"
132,31.7,48.6,48,52,"2026-03-14T05:09:44.642Z","real"
132,31.7,48.6,48,52,"2026-03-14T05:09:39.480Z","real"
132,31.7,48.6,48,52,"2026-03-14T05:09:34.594Z","real"
132,31.7,48.6,48,52,"2026-03-14T05:09:29.658Z","real"
132,31.7,48.6,48,52,"2026-03-14T05:09:24.753Z","real"
132,31.7,48.6,48,52,"2026-03-14T05:09:19.703Z","real"
132,31.7,48.6,48,52,"2026-03-14T05:09:14.498Z","real"
132,31.7,48.6,48,52,"2026-03-14T05:09:09.674Z","real"
132,31.7,48.6,48,52,"2026-03-14T05:09:04.514Z","real"
132,31.7,48.6,48,52,"2026-03-14T05:08:59.545Z","real"
132,31.7,48.6,48,52,"2026-03-14T05:08:54.745Z","real"
127,31.7,48.5,46,50,"2026-03-14T05:08:49.708Z","real"
127,31.6,48.4,46,49,"2026-03-14T05:08:44.599Z","real"
124,31.7,48.5,45,49,"2026-03-14T05:08:39.489Z","real"
127,31.7,48.5,46,49,"2026-03-14T05:08:34.449Z","real"
127,31.6,48.3,46,49,"2026-03-14T05:08:30.060Z","real"
124,31.7,48.4,45,49,"2026-03-14T05:08:24.531Z","real"
124,31.7,48.5,45,49,"2026-03-14T05:08:19.618Z","real"
124,31.6,48.4,45,49,"2026-03-14T05:08:14.500Z","real"
124,31.6,48.4,45,49,"2026-03-14T05:08:09.577Z","real"
124,31.6,48.3,45,49,"2026-03-14T05:08:04.474Z","real"
124,31.6,48.3,45,49,"2026-03-14T05:07:59.536Z","real"
124,31.6,48.3,45,49,"2026-03-14T05:07:54.670Z","real"
124,31.6,48.2,45,49,"2026-03-14T05:07:49.515Z","real"
124,31.6,48.2,45,49,"2026-03-14T05:07:44.603Z","real"
124,31.6,46.9,45,49,"2026-03-14T05:07:39.473Z","real"
124,31.6,48.2,45,49,"2026-03-14T05:07:34.592Z","real"
124,31.6,48.2,45,49,"2026-03-14T05:07:29.727Z","real"
124,31.6,48.2,45,49,"2026-03-14T05:07:24.522Z","real"
124,31.6,48.2,45,49,"2026-03-14T05:07:19.610Z","real"
124,31.6,48.2,45,49,"2026-03-14T05:07:14.532Z","real"
124,31.6,48.2,45,49,"2026-03-14T05:07:09.580Z","real"
124,31.6,48.1,45,49,"2026-03-14T05:07:04.649Z","real"
124,31.6,48.2,45,49,"2026-03-14T05:06:59.538Z","real"
124,31.6,48.1,45,49,"2026-03-14T05:06:54.623Z","real"
124,31.6,48.1,45,49,"2026-03-14T05:06:49.701Z","real"
124,31.6,48.1,45,49,"2026-03-14T05:06:45.615Z","real"
124,31.6,48.1,45,49,"2026-03-14T05:06:39.464Z","real"
124,31.6,48,45,49,"2026-03-14T05:06:34.561Z","real"
124,31.6,48,45,49,"2026-03-14T05:06:29.676Z","real"
124,31.5,48,45,49,"2026-03-14T05:06:24.546Z","real"
124,31.6,48,45,49,"2026-03-14T05:06:19.672Z","real"
124,31.6,48.1,45,49,"2026-03-14T05:06:14.497Z","real"
124,31.5,48,45,49,"2026-03-14T05:06:09.564Z","real"
124,31.6,48,45,49,"2026-03-14T05:06:04.656Z","real"
124,31.6,48,45,49,"2026-03-14T05:05:59.538Z","real"
124,31.6,48,45,49,"2026-03-14T05:05:54.620Z","real"
124,31.6,48,45,49,"2026-03-14T05:05:49.517Z","real"
124,31.6,46.7,45,49,"2026-03-14T05:05:45.641Z","real"
124,31.6,46.9,45,49,"2026-03-14T05:05:44.060Z","real"
124,31.6,46.9,45,49,"2026-03-14T05:05:44.044Z","real"
129,31.6,46.9,47,47,"2026-03-14T05:05:43.991Z","real"
102,31.6,46.9,36,36,"2026-03-14T05:05:43.962Z","real"
63,31.6,46.9,18,18,"2026-03-14T05:05:42.822Z","real"
0,32.4,46.8,0,9216,"2026-03-13T18:13:06.183Z","real"
0,32.3,46.7,0,9216,"2026-03-13T18:12:05.949Z","real"
0,32.3,46.7,0,9216,"2026-03-13T18:11:06.020Z","real"
0,32.3,46.7,0,9216,"2026-03-13T18:10:06.164Z","real"
0,32.3,46.7,0,9216,"2026-03-13T18:09:06.154Z","real"
0,32.3,46.7,0,9216,"2026-03-13T18:08:06.127Z","real"
0,32.2,46.6,0,9216,"2026-03-13T18:07:06.043Z","real"
0,32.2,46.6,0,9216,"2026-03-13T18:06:06.131Z","real"
0,32.2,46.6,0,9216,"2026-03-13T18:05:06.145Z","real"
0,32.2,46.6,0,9216,"2026-03-13T18:04:06.121Z","real"
0,32.2,46.6,0,9216,"2026-03-13T18:03:06.147Z","real"
0,32.2,46.5,0,9216,"2026-03-13T18:02:06.012Z","real"
0,32.2,46.4,0,9216,"2026-03-13T18:01:06.173Z","real"
0,32.2,46.4,0,9216,"2026-03-13T18:00:06.184Z","real"
0,32.2,46.4,0,9216,"2026-03-13T17:59:21.079Z","real"
0,32.2,46.4,0,9216,"2026-03-13T17:59:16.145Z","real"
0,32.2,46.4,0,9216,"2026-03-13T17:59:11.046Z","real"
0,32.2,46.3,0,9216,"2026-03-13T17:59:06.078Z","real"
0,32.2,46.3,0,9216,"2026-03-13T17:59:00.964Z","real"
0,32.2,46.3,0,9216,"2026-03-13T17:58:56.034Z","real"
0,32.2,46.3,0,9216,"2026-03-13T17:58:50.930Z","real"
0,32.2,46.3,0,9216,"2026-03-13T17:58:46.010Z","real"
0,32.2,46.3,0,9216,"2026-03-13T17:58:41.129Z","real"
0,32.2,46.4,0,9216,"2026-03-13T17:58:35.998Z","real"
0,32.2,46.3,0,9216,"2026-03-13T17:58:30.969Z","real"
0,32.2,46.4,0,9216,"2026-03-13T17:58:25.962Z","real"
0,32.2,46.4,0,9216,"2026-03-13T17:58:20.253Z","real"
0,32.2,46.4,0,9216,"2026-03-13T17:58:16.048Z","real"
0,32.2,46.4,0,9216,"2026-03-13T17:58:10.188Z","real"
0,32.2,46.4,0,9216,"2026-03-13T17:58:05.266Z","real"
91,32.2,46.4,31,32,"2026-03-13T17:58:00.179Z","real"
91,32.2,46.4,31,32,"2026-03-13T17:57:55.249Z","real"
91,32.2,46.4,31,32,"2026-03-13T17:57:50.130Z","real"
91,32.2,46.4,31,32,"2026-03-13T17:57:45.188Z","real"
91,32.2,46.4,31,32,"2026-03-13T17:57:40.305Z","real"
91,32.1,46.3,31,32,"2026-03-13T17:57:35.193Z","real"
91,32.2,46.4,31,32,"2026-03-13T17:57:30.245Z","real"
91,32.1,46.3,31,32,"2026-03-13T17:57:25.128Z","real"
91,32.2,46.3,31,32,"2026-03-13T17:57:20.191Z","real"
91,32.2,46.3,31,32,"2026-03-13T17:57:15.346Z","real"
91,32.2,46.3,31,32,"2026-03-13T17:57:10.209Z","real"
91,32.2,46.3,31,32,"2026-03-13T17:57:06.062Z","real"
91,32.2,46.3,31,32,"2026-03-13T17:57:00.946Z","real"
91,32.2,46.3,31,32,"2026-03-13T17:56:56.041Z","real"
91,32.2,46.3,31,32,"2026-03-13T17:56:51.135Z","real"
91,32.2,46.3,31,32,"2026-03-13T17:56:45.992Z","real"
91,32.2,46.3,31,32,"2026-03-13T17:56:40.274Z","real"
91,32.1,46.3,31,32,"2026-03-13T17:56:35.131Z","real"
91,32.1,46.3,31,32,"2026-03-13T17:56:30.278Z","real"
91,32.2,46.3,31,32,"2026-03-13T17:56:25.123Z","real"
91,32.1,46.3,31,32,"2026-03-13T17:56:20.191Z","real"
91,32.2,46.3,31,32,"2026-03-13T17:56:15.285Z","real"
91,32.2,46.3,31,32,"2026-03-13T17:56:10.183Z","real"
91,32.1,46.3,31,32,"2026-03-13T17:56:05.253Z","real"
91,32.1,46.3,31,32,"2026-03-13T17:56:00.115Z","real"
91,32.1,46.3,31,32,"2026-03-13T17:55:55.224Z","real"
91,32.1,46.3,31,32,"2026-03-13T17:55:50.304Z","real"
91,32.1,46.3,31,31,"2026-03-13T17:55:45.191Z","real"
91,32.1,46.3,31,31,"2026-03-13T17:55:40.274Z","real"
91,32.1,46.3,31,31,"2026-03-13T17:55:28.196Z","real"
76,32.1,46.3,24,33,"2026-03-13T17:55:23.316Z","real"
91,32.1,44.9,31,37,"2026-03-13T17:55:18.195Z","real"
61,32.2,45,17,17,"2026-03-13T17:55:13.342Z","real"
87,32,42.1,29,30,"2026-03-13T15:54:31.417Z","real"
87,32,42.1,29,30,"2026-03-13T15:54:26.281Z","real"
87,32,42.1,29,30,"2026-03-13T15:54:20.376Z","real"
87,32,42,29,30,"2026-03-13T15:54:15.418Z","real"
87,32,42,29,30,"2026-03-13T15:54:10.294Z","real"
84,32,42,28,30,"2026-03-13T15:54:05.412Z","real"
84,32,42,28,30,"2026-03-13T15:54:04.795Z","real"
84,32,42,28,30,"2026-03-13T15:53:56.527Z","real"
84,32,42,28,30,"2026-03-13T15:53:51.459Z","real"
84,32,42,28,30,"2026-03-13T15:53:46.331Z","real"
84,32,42,28,30,"2026-03-13T15:53:41.428Z","real"
84,32,42,28,30,"2026-03-13T15:53:36.306Z","real"
84,32,42,28,30,"2026-03-13T15:53:31.391Z","real"
84,32,42,28,30,"2026-03-13T15:53:26.483Z","real"
84,31.9,41.9,28,30,"2026-03-13T15:53:21.346Z","real"
84,32,42,28,30,"2026-03-13T15:53:16.549Z","real"
87,31.9,41.9,29,31,"2026-03-13T15:53:11.313Z","real"
87,32,42,29,30,"2026-03-13T15:53:06.436Z","real"
87,32,42,29,30,"2026-03-13T15:53:00.512Z","real"
89,31.9,41.9,30,31,"2026-03-13T15:52:55.345Z","real"
89,31.9,41.9,30,31,"2026-03-13T15:52:50.573Z","real"
89,32,41.9,30,31,"2026-03-13T15:52:45.313Z","real"
89,32,41.9,30,31,"2026-03-13T15:52:41.416Z","real"
89,32,41.9,30,31,"2026-03-13T15:52:36.510Z","real"
89,32,41.9,30,31,"2026-03-13T15:52:31.404Z","real"
89,32,41.9,30,31,"2026-03-13T15:52:26.513Z","real"
89,31.9,41.8,30,31,"2026-03-13T15:52:21.361Z","real"
89,31.9,41.8,30,31,"2026-03-13T15:52:16.439Z","real"
89,31.9,41.8,30,31,"2026-03-13T15:52:11.308Z","real"
87,31.9,41.8,29,30,"2026-03-13T15:52:06.427Z","real"
87,31.9,41.8,29,30,"2026-03-13T15:52:00.506Z","real"
82,31.9,41.8,27,27,"2026-03-13T15:52:00.462Z","real"
82,31.9,41.8,27,27,"2026-03-13T15:51:55.346Z","real"
82,31.9,41.8,27,27,"2026-03-13T15:51:49.625Z","real"
82,31.9,41.8,27,27,"2026-03-13T15:51:44.498Z","real"
82,31.9,41.8,27,27,"2026-03-13T15:51:39.557Z","real"
82,31.9,41.7,27,27,"2026-03-13T15:51:34.463Z","real"
82,31.9,41.7,27,27,"2026-03-13T15:51:29.548Z","real"
82,31.9,41.7,27,27,"2026-03-13T15:51:28.753Z","real"
82,31.9,41.5,27,27,"2026-03-13T15:50:46.393Z","real"
82,31.9,41.5,27,27,"2026-03-13T15:49:46.343Z","real"
82,31.8,41.2,27,27,"2026-03-13T15:48:46.313Z","real"
82,31.8,41.2,27,27,"2026-03-13T15:47:46.323Z","real"
82,31.8,41.2,27,27,"2026-03-13T15:46:46.307Z","real"
82,31.8,41.2,27,27,"2026-03-13T15:46:20.313Z","real"
87,31.8,41.2,29,29,"2026-03-13T15:46:15.365Z","real"
87,31.8,41.2,29,29,"2026-03-13T15:46:10.478Z","real"
87,31.8,41.2,29,29,"2026-03-13T15:46:05.353Z","real"
87,31.8,41.2,29,29,"2026-03-13T15:46:00.480Z","real"
87,31.8,41.2,29,29,"2026-03-13T15:45:55.320Z","real"
87,31.8,41.2,29,29,"2026-03-13T15:45:50.411Z","real"
87,31.8,41.1,29,29,"2026-03-13T15:45:45.282Z","real"
87,31.8,41.1,29,29,"2026-03-13T15:45:40.351Z","real"
87,31.8,41.1,29,29,"2026-03-13T15:45:35.467Z","real"
87,31.8,41.1,29,29,"2026-03-13T15:45:30.318Z","real"
87,31.8,41.1,29,29,"2026-03-13T15:45:25.455Z","real"
87,31.8,41.1,29,29,"2026-03-13T15:45:19.475Z","real"
87,31.8,41,29,29,"2026-03-13T15:45:15.170Z","real"
87,31.7,41,29,29,"2026-03-13T15:45:10.464Z","real"
87,31.7,41,29,29,"2026-03-13T15:45:04.519Z","real"
87,31.8,41,29,29,"2026-03-13T15:44:59.631Z","real"
87,31.8,41,29,29,"2026-03-13T15:44:55.346Z","real"
84,31.8,40.9,28,28,"2026-03-13T15:44:50.401Z","real"
84,31.7,40.9,28,28,"2026-03-13T15:44:45.469Z","real"
84,31.8,40.9,28,28,"2026-03-13T15:44:40.349Z","real"
84,31.7,40.9,28,28,"2026-03-13T15:44:35.649Z","real"
78,31.8,40.9,25,26,"2026-03-13T15:44:30.328Z","real"
78,31.8,40.9,25,26,"2026-03-13T15:44:24.592Z","real"
78,31.8,40.9,25,26,"2026-03-13T15:44:20.311Z","real"
78,31.7,40.8,25,26,"2026-03-13T15:44:15.374Z","real"
78,31.8,40.9,25,26,"2026-03-13T15:44:09.647Z","real"
78,31.8,40.9,25,26,"2026-03-13T15:44:04.545Z","real"
78,31.7,40.8,25,26,"2026-03-13T15:43:59.616Z","real"
78,31.8,40.8,25,26,"2026-03-13T15:43:54.731Z","real"
78,31.7,40.7,25,26,"2026-03-13T15:43:49.564Z","real"
78,31.7,40.7,25,26,"2026-03-13T15:43:44.682Z","real"
78,31.8,40.7,25,26,"2026-03-13T15:43:40.353Z","real"
78,31.7,40.6,25,26,"2026-03-13T15:43:34.823Z","real"
78,31.7,40.6,25,26,"2026-03-13T15:43:29.516Z","real"
78,31.7,40.7,25,26,"2026-03-13T15:43:24.614Z","real"
78,31.7,40.6,25,26,"2026-03-13T15:43:19.460Z","real"
78,31.7,40.6,25,26,"2026-03-13T15:43:14.543Z","real"
78,31.7,40.6,25,26,"2026-03-13T15:43:09.628Z","real"
78,31.7,40.6,25,26,"2026-03-13T15:43:04.528Z","real"
78,31.7,40.6,25,26,"2026-03-13T15:42:59.605Z","real"
78,31.7,40.6,25,26,"2026-03-13T15:42:54.482Z","real"
78,31.7,40.5,25,26,"2026-03-13T15:42:49.582Z","real"
78,31.7,40.4,25,26,"2026-03-13T15:42:19.860Z","real"
78,31.6,40.2,25,26,"2026-03-13T15:41:46.688Z","real"
78,31.6,40.2,25,26,"2026-03-13T15:40:46.485Z","real"
78,31.6,40.2,25,26,"2026-03-13T15:39:57.319Z","real"
78,31.6,40.2,25,26,"2026-03-13T15:39:52.426Z","real"
78,31.6,40.2,25,26,"2026-03-13T15:39:47.295Z","real"
78,31.6,40.2,25,26,"2026-03-13T15:39:42.376Z","real"
78,31.6,40.2,25,26,"2026-03-13T15:39:37.447Z","real"
78,31.6,40.2,25,26,"2026-03-13T15:39:32.350Z","real"
78,31.6,40.2,25,26,"2026-03-13T15:39:27.411Z","real"
78,31.6,40.2,25,26,"2026-03-13T15:39:22.311Z","real"
78,31.5,40.1,25,26,"2026-03-13T15:39:17.395Z","real"
78,31.6,40.2,25,26,"2026-03-13T15:39:12.492Z","real"
78,31.6,40.1,25,26,"2026-03-13T15:39:07.343Z","real"
78,31.6,40.2,25,26,"2026-03-13T15:39:02.426Z","real"
78,31.6,40.2,25,26,"2026-03-13T15:38:56.914Z","real"
78,31.6,40.2,25,26,"2026-03-13T15:38:51.789Z","real"
78,31.6,40.2,25,26,"2026-03-13T15:38:46.894Z","real"
78,31.5,39.9,25,26,"2026-03-13T15:38:41.793Z","real"
78,31.5,39.9,25,26,"2026-03-13T15:38:10.452Z","real"
78,31.5,39.9,25,26,"2026-03-13T15:38:08.775Z","real"
78,31.5,39.6,25,26,"2026-03-13T15:37:46.461Z","real"
78,31.4,39.5,25,26,"2026-03-13T15:36:46.379Z","real"
78,31.4,39.5,25,26,"2026-03-13T15:36:20.465Z","real"
78,31.4,39.4,25,26,"2026-03-13T15:36:15.356Z","real"
78,31.4,39.4,25,26,"2026-03-13T15:36:10.410Z","real"
78,31.4,39.4,25,26,"2026-03-13T15:36:05.384Z","real"
78,31.4,39.4,25,26,"2026-03-13T15:36:00.379Z","real"
78,31.4,39.4,25,26,"2026-03-13T15:35:55.476Z","real"
78,31.4,39.4,25,26,"2026-03-13T15:35:50.338Z","real"
78,31.4,39.4,25,26,"2026-03-13T15:35:45.457Z","real"
78,31.4,39.4,25,26,"2026-03-13T15:35:40.324Z","real"
78,31.4,39.4,25,26,"2026-03-13T15:35:35.390Z","real"
78,31.4,39.4,25,26,"2026-03-13T15:35:30.482Z","real"
78,31.4,39.4,25,26,"2026-03-13T15:35:25.352Z","real"
78,31.4,39.4,25,26,"2026-03-13T15:35:20.451Z","real"
78,31.4,39.4,25,26,"2026-03-13T15:35:15.333Z","real"
78,31.4,39.4,25,26,"2026-03-13T15:35:10.406Z","real"
78,31.4,39.4,25,26,"2026-03-13T15:35:05.297Z","real"
78,30.6,39.3,25,26,"2026-03-13T15:35:00.403Z","real"
78,30.5,39.2,25,26,"2026-03-13T15:28:23.374Z","real"
78,30.6,39.3,25,26,"2026-03-13T15:28:16.846Z","real"
78,30.6,39.3,25,26,"2026-03-13T15:28:10.994Z","real"
78,30.5,39.3,25,26,"2026-03-13T15:28:05.422Z","real"
78,30.5,39.3,25,26,"2026-03-13T15:28:03.516Z","real"
78,30.5,39.3,25,26,"2026-03-13T15:27:56.428Z","real"
78,30.5,39.3,25,26,"2026-03-13T15:27:50.165Z","real"
78,30.5,39.4,25,26,"2026-03-13T15:27:50.052Z","real"
78,30.3,39.3,25,26,"2026-03-13T15:27:42.664Z","real"
78,30.3,39.3,25,26,"2026-03-13T15:27:42.656Z","real"
78,30.3,39.4,25,26,"2026-03-13T15:27:16.636Z","real"
78,30.3,39.4,25,26,"2026-03-13T15:27:15.623Z","real"
78,30.3,39.4,25,26,"2026-03-13T15:27:06.047Z","real"
78,30.2,39.4,25,26,"2026-03-13T15:27:05.235Z","real"
78,30.2,39.4,25,26,"2026-03-13T15:26:59.235Z","real"
78,30.2,39.5,25,26,"2026-03-13T15:26:54.652Z","real"
78,30.2,39.5,25,26,"2026-03-13T15:26:48.832Z","real"
78,30.2,39.5,25,26,"2026-03-13T15:26:42.631Z","real"
78,30.2,39.6,25,26,"2026-03-13T15:26:38.205Z","real"
78,30.1,39.5,25,26,"2026-03-13T15:26:33.392Z","real"
78,30.1,39.5,25,26,"2026-03-13T15:26:24.891Z","real"
78,30.1,39.6,25,26,"2026-03-13T15:26:19.387Z","real"
78,30,39.6,25,26,"2026-03-13T15:26:19.372Z","real"
78,30,39.6,25,26,"2026-03-13T15:26:13.398Z","real"
78,30,39.6,25,26,"2026-03-13T15:26:04.877Z","real"
78,30,39.6,25,26,"2026-03-13T15:25:59.248Z","real"
78,29.9,39.6,25,26,"2026-03-13T15:25:53.780Z","real"
78,29.9,39.6,25,26,"2026-03-13T15:25:48.862Z","real"
78,29.9,39.7,25,26,"2026-03-13T15:25:44.000Z","real"
78,29.3,40,25,26,"2026-03-13T15:25:38.833Z","real"
78,29.3,40,25,26,"2026-03-13T15:21:47.514Z","real"
78,29.3,40,25,26,"2026-03-13T15:21:32.345Z","real"
78,29.3,40.1,25,26,"2026-03-13T15:21:32.332Z","real"
78,29.3,40.1,25,26,"2026-03-13T15:21:23.362Z","real"
78,29.3,40.2,25,26,"2026-03-13T15:21:22.001Z","real"
78,29.3,40.1,25,26,"2026-03-13T15:21:15.808Z","real"
78,29.3,40.1,25,26,"2026-03-13T15:21:09.290Z","real"
78,29.3,40.1,25,26,"2026-03-13T15:21:03.859Z","real"
78,29.3,40.2,25,26,"2026-03-13T15:20:59.529Z","real"
78,29.3,40.1,25,26,"2026-03-13T15:20:54.435Z","real"
78,29.3,40.1,25,26,"2026-03-13T15:20:49.794Z","real"
78,29.3,40.1,25,26,"2026-03-13T15:20:44.106Z","real"
78,29.3,40.2,25,26,"2026-03-13T15:20:40.229Z","real"
78,29.3,40.2,25,26,"2026-03-13T15:20:34.666Z","real"
78,29.3,40.2,25,26,"2026-03-13T15:20:29.525Z","real"
78,29.3,40.2,25,26,"2026-03-13T15:20:22.849Z","real"
78,29.3,40.1,25,26,"2026-03-13T15:20:18.003Z","real"
78,29.3,40.2,25,26,"2026-03-13T15:20:13.155Z","real"
78,29.3,40.2,25,26,"2026-03-13T15:20:08.533Z","real"
78,29.3,40.3,25,26,"2026-03-13T15:20:03.514Z","real"
78,29.3,40.2,25,26,"2026-03-13T15:19:56.967Z","real"
78,29.3,40.2,25,26,"2026-03-13T15:19:51.282Z","real"
78,29.3,40.2,25,26,"2026-03-13T15:19:46.376Z","real"
78,29.3,40.2,25,26,"2026-03-13T15:19:42.189Z","real"
78,29.3,40.1,25,26,"2026-03-13T15:19:37.076Z","real"
78,29.4,40.4,25,26,"2026-03-13T15:19:35.047Z","real"
78,29.3,40.4,25,26,"2026-03-13T15:19:00.096Z","real"
78,29.3,40.4,25,26,"2026-03-13T15:18:58.174Z","real"
78,29.4,40.5,25,26,"2026-03-13T15:18:50.213Z","real"
78,29.3,40.4,25,26,"2026-03-13T15:18:45.473Z","real"
78,29.3,40.4,25,26,"2026-03-13T15:18:39.746Z","real"
78,29.3,40.4,25,26,"2026-03-13T15:18:34.562Z","real"
78,29.4,40.4,25,26,"2026-03-13T15:18:30.584Z","real"
78,29.4,40.4,25,26,"2026-03-13T15:18:24.369Z","real"
78,29.4,40.4,25,26,"2026-03-13T15:18:20.304Z","real"
78,29.4,40.4,25,26,"2026-03-13T15:18:14.498Z","real"
76,29.4,40.4,24,24,"2026-03-13T15:18:09.686Z","real"
76,29.4,40.4,24,24,"2026-03-13T15:18:03.644Z","real"
76,29.4,40.5,24,24,"2026-03-13T15:17:59.449Z","real"
76,29.4,40.4,24,24,"2026-03-13T15:17:53.657Z","real"
76,29.4,40.4,24,24,"2026-03-13T15:17:46.406Z","real"
76,29.4,40.5,24,24,"2026-03-13T15:17:43.837Z","real"
76,29.4,40.6,24,24,"2026-03-13T15:17:41.005Z","real"
76,29.4,40.6,24,24,"2026-03-13T15:17:29.924Z","real"
76,29.4,40.6,24,24,"2026-03-13T15:17:27.278Z","real"
76,29.4,40.6,24,24,"2026-03-13T15:17:19.421Z","real"
76,29.4,40.6,24,24,"2026-03-13T15:17:17.825Z","real"
76,29.4,40.6,24,24,"2026-03-13T15:17:08.453Z","real"
76,29.4,40.7,24,24,"2026-03-13T15:17:06.655Z","real"
76,29.5,40.7,24,24,"2026-03-13T15:17:02.608Z","real"
76,29.4,40.6,24,24,"2026-03-13T15:16:53.056Z","real"
76,29.4,40.6,24,24,"2026-03-13T15:16:52.193Z","real"
76,29.4,40.7,24,24,"2026-03-13T15:16:43.020Z","real"
76,29.4,40.7,24,24,"2026-03-13T15:16:37.951Z","real"
76,29.4,40.6,24,24,"2026-03-13T15:16:32.677Z","real"
76,29.4,40.6,24,24,"2026-03-13T15:16:30.958Z","real"
76,29.4,40.8,24,24,"2026-03-13T15:16:23.423Z","real"
76,29.4,40.8,24,24,"2026-03-13T15:16:19.084Z","real"
76,29.4,40.7,24,24,"2026-03-13T15:16:13.360Z","real"
76,29.5,40.8,24,24,"2026-03-13T15:16:08.804Z","real"
76,29.4,40.7,24,24,"2026-03-13T15:16:01.934Z","real"
76,29.4,40.7,24,24,"2026-03-13T15:15:56.367Z","real"
76,29.5,40.8,24,24,"2026-03-13T15:15:51.060Z","real"
76,29.5,40.7,24,24,"2026-03-13T15:15:45.947Z","real"
76,29.6,41.4,24,24,"2026-03-13T15:15:40.928Z","real"
70,29.8,41.9,21,21,"2026-03-13T15:09:46.298Z","real"
70,29.7,41.9,21,21,"2026-03-13T15:09:20.973Z","real"
70,29.7,41.8,21,21,"2026-03-13T15:09:16.964Z","real"
70,29.7,41.8,21,21,"2026-03-13T15:09:11.395Z","real"
70,29.7,41.9,21,21,"2026-03-13T15:09:07.388Z","real"
70,29.7,42,21,21,"2026-03-13T15:09:01.123Z","real"
70,29.7,41.9,21,21,"2026-03-13T15:08:55.337Z","real"
70,29.7,41.8,21,21,"2026-03-13T15:08:51.376Z","real"
70,29.7,41.8,21,21,"2026-03-13T15:08:47.298Z","real"
70,29.7,41.9,21,21,"2026-03-13T15:08:42.749Z","real"
70,29.7,41.9,21,21,"2026-03-13T15:08:37.579Z","real"
70,29.7,42,21,21,"2026-03-13T15:08:30.495Z","real"
70,29.7,41.9,21,21,"2026-03-13T15:08:26.012Z","real"
70,29.7,41.9,21,21,"2026-03-13T15:08:21.405Z","real"
70,29.8,42.1,21,21,"2026-03-13T15:08:16.731Z","real"
70,29.8,42.1,21,21,"2026-03-13T15:08:10.480Z","real"
70,29.8,42.2,21,21,"2026-03-13T15:08:07.338Z","real"
70,29.8,42.2,21,21,"2026-03-13T15:07:59.813Z","real"
70,29.8,42.1,21,21,"2026-03-13T15:07:54.909Z","real"
70,29.8,42.2,21,21,"2026-03-13T15:07:50.008Z","real"
70,29.8,42.3,21,21,"2026-03-13T15:07:44.993Z","real"
70,29.8,42.2,21,21,"2026-03-13T15:07:39.944Z","real"
70,29.8,42.2,21,21,"2026-03-13T15:07:18.120Z","real"
70,29.8,42.2,21,21,"2026-03-13T15:07:14.412Z","real"
70,29.8,42.1,21,21,"2026-03-13T15:07:10.980Z","real"
70,29.8,42.2,21,21,"2026-03-13T15:07:02.701Z","real"
70,29.8,42.1,21,21,"2026-03-13T15:06:58.125Z","real"
70,29.8,42.2,21,21,"2026-03-13T15:06:53.950Z","real"
70,29.8,42.3,21,21,"2026-03-13T15:06:46.945Z","real"
70,29.9,42.4,21,21,"2026-03-13T15:06:41.777Z","real"
70,29.9,42.5,21,21,"2026-03-13T15:06:36.905Z","real"
70,29.9,42.5,21,21,"2026-03-13T15:06:32.110Z","real"
70,29.9,42.6,21,21,"2026-03-13T15:06:27.310Z","real"
68,29.8,42.5,20,20,"2026-03-13T15:06:22.011Z","real"
68,29.8,42.5,20,20,"2026-03-13T15:06:15.381Z","real"
68,29.9,42.5,20,20,"2026-03-13T15:06:09.637Z","real"
68,29.8,42.5,20,20,"2026-03-13T15:06:04.739Z","real"
89,29.9,42.6,30,30,"2026-03-13T15:05:59.697Z","real"
78,29.9,41.2,25,25,"2026-03-13T15:05:54.685Z","real"
38,29.9,41.3,9,9,"2026-03-13T15:05:49.725Z","real"
117,33.3,50.6,42,44,"2026-03-12T15:22:10.390Z","real"
117,33.3,50.6,42,44,"2026-03-12T15:22:04.044Z","real"
117,33.3,50.6,42,44,"2026-03-12T15:21:59.128Z","real"
117,33.3,50.6,42,44,"2026-03-12T15:21:54.422Z","real"
117,33.3,50.6,42,44,"2026-03-12T15:21:50.165Z","real"
117,33.3,50.7,42,44,"2026-03-12T15:21:43.996Z","real"
117,33.3,50.7,42,44,"2026-03-12T15:21:39.055Z","real"
117,33.3,50.7,42,44,"2026-03-12T15:21:35.171Z","real"
117,33.2,50.6,42,44,"2026-03-12T15:21:29.038Z","real"
117,33.3,50.6,42,44,"2026-03-12T15:21:24.150Z","real"
117,33.3,50.6,42,44,"2026-03-12T15:21:19.398Z","real"
117,33.2,50.6,42,44,"2026-03-12T15:21:14.073Z","real"
117,33.3,50.6,42,44,"2026-03-12T15:21:08.950Z","real"
117,33.3,50.6,42,44,"2026-03-12T15:21:05.064Z","real"
117,33.3,50.6,42,44,"2026-03-12T15:20:59.329Z","real"
117,33.3,50.6,42,44,"2026-03-12T15:20:54.010Z","real"
117,33.3,50.6,42,44,"2026-03-12T15:20:49.499Z","real"
117,33.2,50.5,42,44,"2026-03-12T15:20:43.966Z","real"
117,33.2,50.5,42,44,"2026-03-12T15:20:40.079Z","real"
117,33.3,50.6,42,44,"2026-03-12T15:20:33.324Z","real"
117,33.3,50.6,42,44,"2026-03-12T15:20:29.437Z","real"
117,33.3,50.6,42,44,"2026-03-12T15:20:24.100Z","real"
117,33.2,50.5,42,44,"2026-03-12T15:20:18.367Z","real"
117,33.3,50.6,42,44,"2026-03-12T15:20:14.338Z","real"
117,33.2,50.5,42,44,"2026-03-12T15:20:09.163Z","real"
117,33.2,50.5,42,44,"2026-03-12T15:20:04.455Z","real"
117,33.2,50.5,42,44,"2026-03-12T15:20:00.146Z","real"
117,33.2,50.5,42,44,"2026-03-12T15:19:54.037Z","real"
117,33.2,50.6,42,44,"2026-03-12T15:19:49.088Z","real"
117,33.2,50.5,42,44,"2026-03-12T15:19:44.374Z","real"
117,33.2,50.5,42,44,"2026-03-12T15:19:39.053Z","real"
117,33.2,49.1,42,44,"2026-03-12T15:19:34.140Z","real"
112,33.2,50.5,40,40,"2026-03-12T15:19:25.155Z","real"
112,33.2,50.5,40,40,"2026-03-12T15:19:18.990Z","real"
112,33.2,50.5,40,40,"2026-03-12T15:19:13.660Z","real"
112,33.2,50.6,40,40,"2026-03-12T15:19:09.356Z","real"
112,33.2,50.6,40,40,"2026-03-12T15:19:04.067Z","real"
112,33.2,50.6,40,40,"2026-03-12T15:18:59.115Z","real"
112,33.2,50.6,40,40,"2026-03-12T15:18:54.407Z","real"
112,33.2,50.6,40,40,"2026-03-12T15:18:49.081Z","real"
112,33.1,50.5,40,40,"2026-03-12T15:18:44.165Z","real"
112,33.1,50.5,40,40,"2026-03-12T15:18:39.446Z","real"
112,33.1,50.5,40,40,"2026-03-12T15:18:34.139Z","real"
112,33.1,50.5,40,40,"2026-03-12T15:18:29.026Z","real"
112,33.1,50.5,40,40,"2026-03-12T15:18:23.672Z","real"
112,33.1,50.5,40,40,"2026-03-12T15:18:19.390Z","real"
112,33.1,50.5,40,40,"2026-03-12T15:18:13.446Z","real"
112,33.1,50.5,40,40,"2026-03-12T15:18:08.740Z","real"
112,33.1,50.5,40,40,"2026-03-12T15:18:03.394Z","real"
112,33.1,50.4,40,40,"2026-03-12T15:17:58.722Z","real"
112,33.1,50.4,40,40,"2026-03-12T15:16:43.836Z","real"
112,33.1,50.4,40,40,"2026-03-12T15:16:20.015Z","real"
112,33.1,50.4,40,40,"2026-03-12T15:16:15.069Z","real"
112,33.1,50.5,40,40,"2026-03-12T15:16:10.367Z","real"
112,33.1,50.5,40,40,"2026-03-12T15:16:05.296Z","real"
112,33.1,50.5,40,40,"2026-03-12T15:16:00.148Z","real"
112,33.1,50.5,40,40,"2026-03-12T15:15:55.830Z","real"
112,33.1,50.5,40,40,"2026-03-12T15:15:51.596Z","real"
112,33.1,50.5,40,40,"2026-03-12T15:15:46.246Z","real"
112,33.1,50.5,40,40,"2026-03-12T15:15:42.591Z","real"
112,33.1,50.5,40,40,"2026-03-12T15:15:36.074Z","real"
112,33.1,49.2,40,40,"2026-03-12T15:15:30.209Z","real"
112,33.1,49.2,40,40,"2026-03-12T15:15:26.235Z","real"
112,33.1,49.2,40,40,"2026-03-12T15:15:26.213Z","real"
95,33.1,49.2,33,33,"2026-03-12T15:15:26.166Z","real"
105,33.1,49.2,37,37,"2026-03-12T15:15:26.156Z","real"
42,33.1,49.2,10,10,"2026-03-12T15:15:26.119Z","real"
119,33.1,49.7,43,44,"2026-03-12T15:08:43.532Z","real"
119,33.1,49.6,43,44,"2026-03-12T15:07:43.076Z","real"
119,33.1,49.7,43,44,"2026-03-12T15:06:50.282Z","real"
119,33.1,49.6,43,44,"2026-03-12T15:06:45.119Z","real"
119,33,49.6,43,44,"2026-03-12T15:06:40.414Z","real"
119,33.1,49.6,43,44,"2026-03-12T15:06:35.081Z","real"
119,33.1,49.6,43,44,"2026-03-12T15:06:30.995Z","real"
119,33.1,49.6,43,44,"2026-03-12T15:06:25.063Z","real"
119,33.1,49.6,43,44,"2026-03-12T15:06:20.397Z","real"
119,33.1,49.6,43,44,"2026-03-12T15:06:15.030Z","real"
119,33.1,49.6,43,44,"2026-03-12T15:06:11.139Z","real"
119,33.1,49.6,43,44,"2026-03-12T15:06:05.000Z","real"
119,33.1,49.6,43,44,"2026-03-12T15:06:00.672Z","real"
119,33.1,49.6,43,44,"2026-03-12T15:05:55.183Z","real"
119,33.1,49.6,43,44,"2026-03-12T15:05:49.621Z","real"
119,33.1,49.6,43,44,"2026-03-12T15:05:44.295Z","real"
119,33.1,49.6,43,44,"2026-03-12T15:05:39.587Z","real"
119,33,49.5,43,44,"2026-03-12T15:05:34.260Z","real"
119,33.1,49.6,43,44,"2026-03-12T15:05:29.563Z","real"
119,33.1,49.6,43,44,"2026-03-12T15:05:27.720Z","real"
119,33.1,49.6,43,44,"2026-03-12T15:05:24.222Z","real"
119,33,49.5,43,44,"2026-03-12T15:05:19.512Z","real"
119,33.1,49.6,43,44,"2026-03-12T15:05:14.185Z","real"
119,33.1,49.6,43,44,"2026-03-12T15:05:09.279Z","real"
119,33.1,49.5,43,44,"2026-03-12T15:05:05.381Z","real"
119,33.1,49.5,43,44,"2026-03-12T15:05:00.469Z","real"
119,33.1,49.5,43,44,"2026-03-12T15:04:54.172Z","real"
119,33.1,49.5,43,44,"2026-03-12T15:04:49.612Z","real"
119,33.1,49.5,43,44,"2026-03-12T15:04:44.307Z","real"
119,33.1,49.5,43,44,"2026-03-12T15:04:39.794Z","real"
119,33,49.4,43,44,"2026-03-12T15:04:34.268Z","real"
122,33.1,49.5,44,44,"2026-03-12T15:04:29.339Z","real"
122,33,49.4,44,44,"2026-03-12T15:04:24.633Z","real"
122,33,49.3,44,44,"2026-03-12T15:04:19.526Z","real"
122,33,49.3,44,44,"2026-03-12T15:04:18.702Z","real"
122,33,49.3,44,44,"2026-03-12T15:04:10.297Z","real"
122,33,49.3,44,44,"2026-03-12T15:04:04.969Z","real"
122,33,49.3,44,44,"2026-03-12T15:04:00.060Z","real"
122,33.1,49.3,44,44,"2026-03-12T15:03:55.971Z","real"
122,33,49.3,44,44,"2026-03-12T15:03:50.016Z","real"
122,33,49.3,44,44,"2026-03-12T15:03:45.209Z","real"
122,33,49.3,44,44,"2026-03-12T15:03:40.386Z","real"
122,33.1,49.3,44,44,"2026-03-12T15:03:35.074Z","real"
122,33,49.3,44,44,"2026-03-12T15:03:30.378Z","real"
122,33,49.2,44,44,"2026-03-12T15:03:25.030Z","real"
122,33,49.2,44,44,"2026-03-12T15:03:20.332Z","real"
122,33,49.2,44,44,"2026-03-12T15:03:15.006Z","real"
122,33,49.2,44,44,"2026-03-12T15:03:09.379Z","real"
122,33,49.2,44,44,"2026-03-12T15:03:04.466Z","real"
122,33,49.2,44,44,"2026-03-12T15:02:59.632Z","real"
122,33,49.2,44,44,"2026-03-12T15:02:55.244Z","real"
122,33,49.2,44,44,"2026-03-12T15:02:49.214Z","real"
122,33.1,49.2,44,44,"2026-03-12T15:02:44.487Z","real"
288,33,49.2,238,21,"2026-03-12T15:02:39.429Z","real"
288,33,49.2,238,21,"2026-03-12T15:02:34.684Z","real"
288,33,49.2,238,21,"2026-03-12T15:02:34.652Z","real"
288,33,49.2,238,21,"2026-03-12T15:02:04.954Z","real"
288,33,49.2,238,21,"2026-03-12T15:02:01.104Z","real"
288,33,49.1,238,21,"2026-03-12T15:01:55.130Z","real"
288,33,49.2,238,21,"2026-03-12T15:01:50.411Z","real"
288,33,49.2,238,21,"2026-03-12T15:01:45.131Z","real"
288,33,49.1,238,21,"2026-03-12T15:01:40.393Z","real"
288,33,49.1,238,21,"2026-03-12T15:01:35.068Z","real"
288,33,49.1,238,21,"2026-03-12T15:01:30.147Z","real"
288,33,49.2,238,21,"2026-03-12T15:01:26.044Z","real"
288,33,49.1,238,21,"2026-03-12T15:01:21.127Z","real"
112,33,49.1,40,41,"2026-03-12T15:01:14.985Z","real"
112,33,49.1,40,41,"2026-03-12T15:01:10.077Z","real"
112,33.1,49.2,40,41,"2026-03-12T15:01:04.340Z","real"
112,33,49.1,40,41,"2026-03-12T15:00:59.220Z","real"
112,33,49.1,40,41,"2026-03-12T15:00:54.541Z","real"
112,33,49.1,40,41,"2026-03-12T15:00:49.182Z","real"
112,33,49.1,40,41,"2026-03-12T15:00:45.310Z","real"
112,33.1,49.2,40,41,"2026-03-12T15:00:39.369Z","real"
112,33,49.1,40,41,"2026-03-12T15:00:34.235Z","real"
112,33,49.1,40,41,"2026-03-12T15:00:29.321Z","real"
112,33,49,40,41,"2026-03-12T14:59:59.830Z","real"
112,33,49,40,41,"2026-03-12T14:59:59.238Z","real"
112,33,49,40,41,"2026-03-12T14:59:43.358Z","real"
112,33,48.9,40,41,"2026-03-12T14:58:43.041Z","real"
112,33,48.9,40,41,"2026-03-12T14:58:15.413Z","real"
112,33,48.9,40,41,"2026-03-12T14:58:10.086Z","real"
112,33,48.9,40,41,"2026-03-12T14:58:05.354Z","real"
112,33,48.9,40,41,"2026-03-12T14:58:00.025Z","real"
112,33,48.8,40,41,"2026-03-12T14:57:56.126Z","real"
112,33,48.8,40,41,"2026-03-12T14:57:50.000Z","real"
112,33,48.8,40,41,"2026-03-12T14:57:45.099Z","real"
112,33,48.8,40,41,"2026-03-12T14:57:40.361Z","real"
112,33.1,48.9,40,41,"2026-03-12T14:57:35.052Z","real"
112,33,48.8,40,41,"2026-03-12T14:57:30.360Z","real"
112,33,48.8,40,41,"2026-03-12T14:57:26.023Z","real"
112,33,48.8,40,41,"2026-03-12T14:57:20.142Z","real"
112,33,48.8,40,41,"2026-03-12T14:57:14.769Z","real"
119,33.1,48.9,43,44,"2026-03-12T14:57:10.055Z","real"
119,33,48.8,43,44,"2026-03-12T14:57:04.729Z","real"
119,33.1,48.9,43,44,"2026-03-12T14:56:59.812Z","real"
119,33,48.7,43,44,"2026-03-12T14:56:55.739Z","real"
119,33.1,48.8,43,44,"2026-03-12T14:54:48.150Z","real"
119,33,48.7,43,44,"2026-03-12T14:54:43.038Z","real"
119,33,48.7,43,44,"2026-03-12T14:53:48.355Z","real"
119,33,48.7,43,44,"2026-03-12T14:53:43.008Z","real"
119,33,48.7,43,44,"2026-03-12T14:53:38.094Z","real"
119,33,48.7,43,44,"2026-03-12T14:53:33.380Z","real"
119,33,48.7,43,44,"2026-03-12T14:53:28.061Z","real"
119,33,48.7,43,44,"2026-03-12T14:53:23.175Z","real"
119,33,48.7,43,44,"2026-03-12T14:53:18.021Z","real"
119,33,48.7,43,44,"2026-03-12T14:53:13.121Z","real"
119,33,48.7,43,44,"2026-03-12T14:53:08.402Z","real"
119,33,48.7,43,44,"2026-03-12T14:53:03.075Z","real"
119,33,48.7,43,44,"2026-03-12T14:52:57.955Z","real"
119,33,48.7,43,44,"2026-03-12T14:52:54.063Z","real"
119,33,48.7,43,44,"2026-03-12T14:52:51.414Z","real"
119,33.1,48.7,43,44,"2026-03-12T14:52:43.408Z","real"
119,33,48.6,43,44,"2026-03-12T14:51:43.622Z","real"
119,33,48.6,43,44,"2026-03-12T14:50:43.408Z","real"
119,33.1,48.7,43,44,"2026-03-12T14:50:38.073Z","real"
119,33,48.6,43,44,"2026-03-12T14:50:33.003Z","real"
119,33.1,48.7,43,44,"2026-03-12T14:50:28.041Z","real"
119,33,48.6,43,44,"2026-03-12T14:50:23.133Z","real"
119,33,48.6,43,44,"2026-03-12T14:50:18.004Z","real"
119,33,48.7,43,44,"2026-03-12T14:50:13.294Z","real"
119,33,48.7,43,44,"2026-03-12T14:50:07.975Z","real"
119,33,48.6,43,44,"2026-03-12T14:50:03.158Z","real"
119,33,48.6,43,44,"2026-03-12T14:49:58.964Z","real"
119,33,48.7,43,44,"2026-03-12T14:49:53.030Z","real"
119,33,48.7,43,44,"2026-03-12T14:49:48.103Z","real"
119,33,48.7,43,44,"2026-03-12T14:49:43.000Z","real"
119,33,48.7,43,44,"2026-03-12T14:49:38.075Z","real"
119,33,48.7,43,44,"2026-03-12T14:49:32.955Z","real"
119,33,48.7,43,44,"2026-03-12T14:49:28.858Z","real"
119,33,48.7,43,44,"2026-03-12T14:49:23.938Z","real"
119,33,48.7,43,44,"2026-03-12T14:49:17.795Z","real"
119,33,48.7,43,44,"2026-03-12T14:49:12.905Z","real"
119,33,48.7,43,44,"2026-03-12T14:49:11.455Z","real"
119,33,48.6,43,44,"2026-03-12T14:48:43.404Z","real"
119,33,48.6,43,44,"2026-03-12T14:47:43.383Z","real"
119,33,48.6,43,44,"2026-03-12T14:47:23.113Z","real"
117,33,48.6,42,43,"2026-03-12T14:47:17.991Z","real"
115,33,48.6,41,43,"2026-03-12T14:47:13.287Z","real"
115,33,48.6,41,43,"2026-03-12T14:47:07.974Z","real"
117,33,48.7,42,44,"2026-03-12T14:47:03.046Z","real"
117,33,48.6,42,44,"2026-03-12T14:46:58.334Z","real"
117,33,48.7,42,44,"2026-03-12T14:46:53.008Z","real"
78,33,48.7,25,25,"2026-03-12T14:46:48.080Z","real"
78,33,48.6,25,25,"2026-03-12T14:46:43.383Z","real"
78,33,48.6,25,25,"2026-03-12T14:46:38.054Z","real"
78,33,48.6,25,25,"2026-03-12T14:46:33.174Z","real"
78,33,48.7,25,25,"2026-03-12T14:46:27.833Z","real"
78,33,48.7,25,25,"2026-03-12T14:46:22.910Z","real"
78,33,48.7,25,25,"2026-03-12T14:46:17.985Z","real"
78,33,48.7,25,25,"2026-03-12T14:46:13.171Z","real"
78,33,48.7,25,25,"2026-03-12T14:46:08.354Z","real"
78,33,48.7,25,25,"2026-03-12T14:46:03.063Z","real"
78,33,48.7,25,25,"2026-03-12T14:45:58.120Z","real"
78,33,48.7,25,25,"2026-03-12T14:45:53.206Z","real"
78,33,48.7,25,25,"2026-03-12T14:45:47.911Z","real"
78,33,48.7,25,25,"2026-03-12T14:45:43.176Z","real"
78,33,48.7,25,25,"2026-03-12T14:45:37.855Z","real"
78,33,48.7,25,25,"2026-03-12T14:45:32.935Z","real"
78,33,48.7,25,25,"2026-03-12T14:45:28.219Z","real"
78,33,48.7,25,25,"2026-03-12T14:45:22.897Z","real"
78,33,48.7,25,25,"2026-03-12T14:45:17.776Z","real"
78,33,47.5,25,25,"2026-03-12T14:45:13.887Z","real"
78,33,47.5,25,25,"2026-03-12T14:45:09.265Z","real"
78,33,47.5,25,25,"2026-03-12T14:45:09.226Z","real"
78,33,47.5,25,25,"2026-03-12T14:45:09.106Z","real"
78,33,47.5,25,25,"2026-03-12T14:45:09.101Z","real"
82,33,47.5,27,27,"2026-03-12T14:45:09.049Z","real"
82,33,47.5,27,35,"2026-03-12T14:45:09.045Z","real"
38,33,47.5,9,9,"2026-03-12T14:45:09.021Z","real"
122,40.7,34.2,44,47,"2026-03-12T08:20:20.977Z","real"
122,40.7,34.1,44,47,"2026-03-12T08:20:16.063Z","real"
122,40.9,34.1,44,47,"2026-03-12T08:20:11.146Z","real"
122,41.2,33.9,44,47,"2026-03-12T08:20:06.283Z","real"
122,41,34.5,44,47,"2026-03-12T08:19:56.193Z","real"
122,40.8,33.5,44,47,"2026-03-12T08:19:51.475Z","real"
122,40.5,34.4,44,47,"2026-03-12T08:19:46.733Z","real"
124,40.7,34.5,45,47,"2026-03-12T08:19:41.041Z","real"
124,41.1,34.7,45,47,"2026-03-12T08:19:35.921Z","real"
124,41.4,35.3,45,47,"2026-03-12T08:19:30.796Z","real"
153,41.3,34.9,59,62,"2026-03-12T08:19:26.130Z","real"
153,41.2,35,60,63,"2026-03-12T08:19:21.175Z","real"
158,41,35.3,69,74,"2026-03-12T08:19:16.284Z","real"
158,40.6,34.8,69,74,"2026-03-12T08:19:11.143Z","real"
158,40.3,34.7,69,74,"2026-03-12T08:19:05.855Z","real"
158,40.4,34.7,69,74,"2026-03-12T08:19:00.915Z","real"
158,40.5,34.9,69,74,"2026-03-12T08:18:56.180Z","real"
158,40.7,35.3,69,74,"2026-03-12T08:18:51.383Z","real"
158,40.5,35.1,69,74,"2026-03-12T08:18:45.971Z","real"
158,40.3,35.1,69,74,"2026-03-12T08:18:41.435Z","real"
158,40,35,69,74,"2026-03-12T08:18:36.325Z","real"
158,39.7,34.9,69,74,"2026-03-12T08:18:31.241Z","real"
158,39.2,35,69,74,"2026-03-12T08:18:26.094Z","real"
158,39.3,34.9,69,74,"2026-03-12T08:18:21.175Z","real"
158,39.4,35,69,74,"2026-03-12T08:18:16.270Z","real"
158,39.7,35.3,69,74,"2026-03-12T08:18:11.999Z","real"
158,40,35.4,69,74,"2026-03-12T08:18:06.227Z","real"
158,40.1,35.8,69,74,"2026-03-12T08:18:01.089Z","real"
158,39.9,35.4,69,74,"2026-03-12T08:17:59.377Z","real"
158,39.8,36.1,69,74,"2026-03-12T08:17:51.069Z","real"
158,39.7,36,69,74,"2026-03-12T08:17:45.963Z","real"
158,39.5,35.2,69,74,"2026-03-12T08:17:40.837Z","real"
158,39.5,35.1,69,74,"2026-03-12T08:17:35.911Z","real"
158,39.4,35.1,69,74,"2026-03-12T08:17:30.997Z","real"
158,39.2,35.1,69,74,"2026-03-12T08:17:25.874Z","real"
158,38.7,35.2,69,74,"2026-03-12T08:17:20.962Z","real"
158,38.5,35.1,69,74,"2026-03-12T08:17:15.836Z","real"
158,38.6,35.3,69,74,"2026-03-12T08:17:10.924Z","real"
158,38.4,35.8,69,74,"2026-03-12T08:17:05.804Z","real"
158,38.6,35.8,69,74,"2026-03-12T08:17:00.897Z","real"
158,38.7,36.1,69,74,"2026-03-12T08:16:55.985Z","real"
158,38.6,36.2,69,74,"2026-03-12T08:16:50.862Z","real"
157,38.6,37.2,68,73,"2026-03-12T08:16:45.950Z","real"
156,38.2,36.1,66,71,"2026-03-12T08:16:40.822Z","real"
501,37.8,35.8,15616,16896,"2026-03-12T08:16:35.807Z","real"
501,37.7,35.5,15616,16896,"2026-03-12T08:16:30.991Z","real"
501,38,35.8,15616,16896,"2026-03-12T08:16:25.880Z","real"
501,38.2,36.8,15616,16896,"2026-03-12T08:16:20.952Z","real"
501,38.4,36,15616,16896,"2026-03-12T08:16:15.854Z","real"
501,38.2,37.6,15616,16896,"2026-03-12T08:16:10.934Z","real"
501,37.9,37.9,15616,16896,"2026-03-12T08:16:06.035Z","real"
501,37.6,38.1,15616,16896,"2026-03-12T08:16:01.081Z","real"
501,37.4,38,15616,16896,"2026-03-12T08:15:55.973Z","real"
501,37.1,37.8,15616,16896,"2026-03-12T08:15:50.952Z","real"
501,36.6,37.4,15616,16896,"2026-03-12T08:15:46.025Z","real"
501,36.8,37.8,15616,16896,"2026-03-12T08:15:41.035Z","real"
501,37,37.9,15616,16896,"2026-03-12T08:15:35.906Z","real"
501,37.1,38.1,15616,16896,"2026-03-12T08:15:30.992Z","real"
501,36.8,38.1,15616,16896,"2026-03-12T08:15:25.875Z","real"
501,36.7,38.7,15616,16896,"2026-03-12T08:15:20.981Z","real"
501,36.4,38.6,15616,16896,"2026-03-12T08:15:15.846Z","real"
501,36,38.8,15616,16896,"2026-03-12T08:15:10.914Z","real"
501,35.9,39.9,15616,16896,"2026-03-12T08:15:06.026Z","real"
501,35.9,40.9,15616,16896,"2026-03-12T08:15:00.992Z","real"
501,35.9,39.7,15616,16896,"2026-03-12T08:14:56.161Z","real"
501,35.9,41.6,15616,16896,"2026-03-12T08:14:51.044Z","real"
501,35.9,41.6,15616,16896,"2026-03-12T08:14:45.948Z","real"
501,35.9,41.6,15616,16896,"2026-03-12T08:14:40.819Z","real"
501,35.8,40.7,15616,16896,"2026-03-12T08:14:35.902Z","real"
501,35.8,39.5,15616,16896,"2026-03-12T08:14:31.020Z","real"
501,35.8,39.3,15616,16896,"2026-03-12T08:14:25.857Z","real"
501,35.8,39.8,15616,16896,"2026-03-12T08:14:21.148Z","real"
501,35.8,41.6,15616,16896,"2026-03-12T08:14:15.830Z","real"
501,35.9,41.8,15616,16896,"2026-03-12T08:14:10.914Z","real"
501,35.8,39.4,15616,16896,"2026-03-12T08:14:06.004Z","real"
501,35.8,39,15616,16896,"2026-03-12T08:14:00.867Z","real"
107,35.7,38.4,38,43,"2026-03-12T08:13:56.168Z","real"
107,35.8,38.4,38,43,"2026-03-12T08:13:51.043Z","real"
107,35.9,38.5,38,43,"2026-03-12T08:13:46.135Z","real"
107,36,38.8,38,43,"2026-03-12T08:13:41.618Z","real"
107,36.1,39.8,38,43,"2026-03-12T08:13:36.096Z","real"
107,36.1,39.5,38,43,"2026-03-12T08:13:31.010Z","real"
107,36.2,39.2,38,43,"2026-03-12T08:13:26.054Z","real"
107,36.3,39.9,38,43,"2026-03-12T08:13:20.944Z","real"
107,36.4,39.4,38,43,"2026-03-12T08:13:15.822Z","real"
107,36.4,38.5,38,43,"2026-03-12T08:13:10.907Z","real"
107,36.4,40.5,38,43,"2026-03-12T08:13:06.188Z","real"
107,36.4,41.1,38,43,"2026-03-12T08:13:00.870Z","real"
107,36.4,40.7,38,43,"2026-03-12T08:12:55.953Z","real"
107,36.4,41.1,38,43,"2026-03-12T08:12:50.833Z","real"
107,36.4,42.6,38,43,"2026-03-12T08:12:45.929Z","real"
107,36.4,41.9,38,43,"2026-03-12T08:12:40.799Z","real"
107,36.4,42.8,38,43,"2026-03-12T08:12:35.884Z","real"
107,36.4,44.6,38,43,"2026-03-12T08:12:30.966Z","real"
107,36.4,44.9,38,43,"2026-03-12T08:12:25.860Z","real"
107,36.4,45,38,43,"2026-03-12T08:12:20.934Z","real"
107,36.4,48.2,38,43,"2026-03-12T08:12:15.811Z","real"
107,36.4,44.7,38,43,"2026-03-12T08:12:10.900Z","real"
107,36.4,46,38,43,"2026-03-12T08:12:06.043Z","real"
107,36.4,45.2,38,43,"2026-03-12T08:12:00.858Z","real"
107,36.4,47.1,38,43,"2026-03-12T08:11:55.958Z","real"
107,36.3,44.7,38,43,"2026-03-12T08:11:50.838Z","real"
107,36.3,44,38,43,"2026-03-12T08:11:45.963Z","real"
107,36.4,42.7,38,43,"2026-03-12T08:11:41.131Z","real"
107,36.4,41,38,43,"2026-03-12T08:11:35.963Z","real"
107,36.4,40.9,38,43,"2026-03-12T08:11:31.087Z","real"
107,36.4,40.7,38,43,"2026-03-12T08:11:25.845Z","real"
105,36.4,40.5,37,42,"2026-03-12T08:11:21.125Z","real"
102,36.4,40.4,36,41,"2026-03-12T08:11:16.012Z","real"
99,36.5,40.4,35,39,"2026-03-12T08:11:10.888Z","real"
95,36.6,40.5,33,38,"2026-03-12T08:11:05.989Z","real"
93,36.6,40.5,32,36,"2026-03-12T08:11:00.863Z","real"
91,36.7,40.9,31,35,"2026-03-12T08:10:56.155Z","real"
91,36.7,42.1,31,35,"2026-03-12T08:10:50.845Z","real"
107,36.7,41.5,38,42,"2026-03-12T08:10:45.953Z","real"
112,36.8,39.3,40,40,"2026-03-12T08:10:40.984Z","real"
63,36.8,38.6,18,18,"2026-03-12T08:10:36.114Z","real"
63,36.8,38.6,18,18,"2026-03-12T08:10:36.079Z","real"
139,37.2,39.7,51,54,"2026-03-12T08:07:10.867Z","real"
139,37.2,39.4,51,54,"2026-03-12T08:07:05.958Z","real"
139,37.1,39.2,51,54,"2026-03-12T08:07:00.833Z","real"
139,37.1,39,51,54,"2026-03-12T08:06:55.915Z","real"
139,37.1,38.9,51,54,"2026-03-12T08:06:50.803Z","real"
139,37.1,38.9,51,54,"2026-03-12T08:06:45.881Z","real"
139,37.2,38.8,51,54,"2026-03-12T08:06:41.017Z","real"
139,37.2,38.8,51,54,"2026-03-12T08:06:35.852Z","real"
139,37.2,38.6,51,54,"2026-03-12T08:06:30.944Z","real"
139,37.2,38.9,51,54,"2026-03-12T08:06:25.912Z","real"
139,37.2,39.2,51,54,"2026-03-12T08:06:21.003Z","real"
139,37.2,39,51,54,"2026-03-12T08:06:15.987Z","real"
139,37.3,39,51,54,"2026-03-12T08:06:10.882Z","real"
139,37.2,39.3,51,54,"2026-03-12T08:06:05.951Z","real"
139,37.3,39.4,51,54,"2026-03-12T08:06:00.834Z","real"
107,37.2,39.3,38,40,"2026-03-12T08:05:55.943Z","real"
107,37.3,39.4,38,40,"2026-03-12T08:05:50.996Z","real"
107,37.3,39,38,40,"2026-03-12T08:05:45.949Z","real"
107,37.3,39.5,38,40,"2026-03-12T08:05:40.971Z","real"
107,37.2,39.8,38,40,"2026-03-12T08:05:35.864Z","real"
107,37.2,39.6,38,40,"2026-03-12T08:05:31.051Z","real"
107,37.2,39.8,38,40,"2026-03-12T08:05:25.812Z","real"
107,37.2,41,38,40,"2026-03-12T08:05:20.904Z","real"
107,37.2,43.4,38,40,"2026-03-12T08:05:15.985Z","real"
107,37.2,39.9,38,40,"2026-03-12T08:05:10.861Z","real"
107,37.2,39.9,38,40,"2026-03-12T08:05:05.950Z","real"
107,37.2,39.7,38,40,"2026-03-12T08:05:00.834Z","real"
107,37.2,39.6,38,40,"2026-03-12T08:04:55.911Z","real"
107,37.2,39.2,38,40,"2026-03-12T08:04:51.025Z","real"
107,37.2,39.5,38,40,"2026-03-12T08:04:45.878Z","real"
107,37.1,39.7,38,40,"2026-03-12T08:04:40.976Z","real"
107,37.1,40.6,38,40,"2026-03-12T08:04:35.858Z","real"
107,37.1,40.6,38,40,"2026-03-12T08:04:30.929Z","real"
107,37,40.4,38,40,"2026-03-12T08:04:25.820Z","real"
99,37,40.4,35,38,"2026-03-12T08:04:20.909Z","real"
99,37,39.7,35,38,"2026-03-12T08:04:15.976Z","real"
99,37,39.5,35,38,"2026-03-12T08:04:10.856Z","real"
99,37,39.4,35,38,"2026-03-12T08:04:05.935Z","real"
99,37,39.6,35,38,"2026-03-12T08:04:01.037Z","real"
99,37,39.7,35,38,"2026-03-12T08:03:55.907Z","real"
99,37,39.9,35,38,"2026-03-12T08:03:50.989Z","real"
99,37,39.4,35,38,"2026-03-12T08:03:45.873Z","real"
99,37.1,39.7,35,38,"2026-03-12T08:03:40.852Z","real"
99,37.1,40.1,35,38,"2026-03-12T08:03:35.885Z","real"
99,37.1,40,35,38,"2026-03-12T08:03:30.922Z","real"
99,37.1,40,35,38,"2026-03-12T08:03:26.012Z","real"
99,37.1,40.2,35,38,"2026-03-12T08:03:20.885Z","real"
99,37.1,41,35,38,"2026-03-12T08:03:15.976Z","real"
99,37,40.6,35,38,"2026-03-12T08:03:10.846Z","real"
99,37,40.4,35,38,"2026-03-12T08:03:05.936Z","real"
99,37,40.2,35,38,"2026-03-12T08:03:00.820Z","real"
99,37,40.5,35,38,"2026-03-12T08:02:55.897Z","real"
99,37,40.5,35,38,"2026-03-12T08:02:51.002Z","real"
99,37,40.8,35,38,"2026-03-12T08:02:45.865Z","real"
99,37,40.5,35,38,"2026-03-12T08:02:40.958Z","real"
99,37,40.1,35,38,"2026-03-12T08:02:35.858Z","real"
99,37,40.1,35,38,"2026-03-12T08:02:30.922Z","real"
99,37,39.7,35,38,"2026-03-12T08:02:25.866Z","real"
99,37,39.9,35,38,"2026-03-12T08:02:20.877Z","real"
99,36.9,40.5,35,38,"2026-03-12T08:02:15.968Z","real"
99,37,41.1,35,38,"2026-03-12T08:02:10.839Z","real"
99,37,41.4,35,38,"2026-03-12T08:02:05.936Z","real"
99,37,41.4,35,38,"2026-03-12T08:02:00.811Z","real"
99,37,40.6,35,37,"2026-03-12T08:01:55.893Z","real"
95,37.1,41.8,33,35,"2026-03-12T08:01:50.980Z","real"
95,37,40.6,33,35,"2026-03-12T08:01:45.855Z","real"
95,37,41.2,33,35,"2026-03-12T08:01:40.948Z","real"
95,37,41.5,33,35,"2026-03-12T08:01:35.819Z","real"
95,37,41.6,33,35,"2026-03-12T08:01:30.916Z","real"
95,37,40.9,33,35,"2026-03-12T08:01:25.996Z","real"
95,37,39.1,33,35,"2026-03-12T08:01:20.880Z","real"
95,37.2,37.4,33,35,"2026-03-12T08:01:15.966Z","real"
95,37.3,37.3,33,35,"2026-03-12T08:01:10.840Z","real"
95,37.5,37.5,33,35,"2026-03-12T08:01:06.132Z","real"
95,38.2,37.7,33,35,"2026-03-12T08:01:00.820Z","real"
95,38,38,33,35,"2026-03-12T08:00:55.910Z","real"
95,38.1,39.1,33,35,"2026-03-12T08:00:51.184Z","real"
95,38.1,39.7,33,35,"2026-03-12T08:00:45.856Z","real"
95,38.1,43.3,33,35,"2026-03-12T08:00:40.967Z","real"
95,38.1,40.7,33,35,"2026-03-12T08:00:35.829Z","real"
95,38.3,41.3,33,35,"2026-03-12T08:00:30.906Z","real"
95,38.4,42.7,33,35,"2026-03-12T08:00:26.002Z","real"
95,38.5,42.1,33,35,"2026-03-12T08:00:20.874Z","real"
95,38.6,40.3,33,35,"2026-03-12T08:00:15.953Z","real"
95,38.7,38.3,33,35,"2026-03-12T08:00:10.837Z","real"
95,38.9,37.3,33,35,"2026-03-12T08:00:05.922Z","real"
95,39.1,38,33,35,"2026-03-12T08:00:01.003Z","real"
95,39.2,38.9,33,35,"2026-03-12T07:59:56.114Z","real"
95,39.3,39.1,33,35,"2026-03-12T07:59:50.979Z","real"
95,39.3,39.8,33,35,"2026-03-12T07:59:45.851Z","real"
95,39.4,39.7,33,35,"2026-03-12T07:59:40.936Z","real"
95,39.5,39.8,33,35,"2026-03-12T07:59:35.821Z","real"
95,39.7,39.6,33,35,"2026-03-12T07:59:30.948Z","real"
95,39.7,39.6,33,35,"2026-03-12T07:59:25.982Z","real"
97,39.7,40.6,34,36,"2026-03-12T07:59:20.864Z","real"
97,39.9,40.8,34,36,"2026-03-12T07:59:15.955Z","real"
97,39.9,40.5,34,34,"2026-03-12T07:59:10.835Z","real"
97,39.8,40.6,34,34,"2026-03-12T07:59:05.915Z","real"
97,39.8,41.4,34,34,"2026-03-12T07:59:01.005Z","real"
97,39.8,41.9,34,34,"2026-03-12T07:58:55.887Z","real"
97,39.7,42.1,34,34,"2026-03-12T07:58:50.969Z","real"
97,39.5,42.3,34,34,"2026-03-12T07:58:45.846Z","real"
97,39.4,42.2,34,34,"2026-03-12T07:58:40.931Z","real"
97,39.3,43,34,34,"2026-03-12T07:58:36.016Z","real"
97,39.3,43.5,34,34,"2026-03-12T07:58:30.895Z","real"
97,39.3,43.8,34,34,"2026-03-12T07:58:25.982Z","real"
97,39.2,44.8,34,34,"2026-03-12T07:58:20.867Z","real"
97,39.2,44.9,34,34,"2026-03-12T07:58:15.952Z","real"
97,39.2,45.6,34,34,"2026-03-12T07:58:10.834Z","real"
97,39.1,46.8,34,34,"2026-03-12T07:58:05.908Z","real"
97,39,48.1,34,34,"2026-03-12T07:58:01.034Z","real"
97,38.9,48.7,34,34,"2026-03-12T07:57:55.867Z","real"
97,38.9,49.5,34,34,"2026-03-12T07:57:50.965Z","real"
97,38.7,47.1,34,34,"2026-03-12T07:57:45.840Z","real"
97,38.8,42.3,34,34,"2026-03-12T07:57:40.928Z","real"
97,38.9,40.6,34,34,"2026-03-12T07:57:35.807Z","real"
97,39.2,39.3,34,34,"2026-03-12T07:57:30.995Z","real"
97,39.3,40.3,34,34,"2026-03-12T07:57:25.978Z","real"
97,39.5,40.1,34,34,"2026-03-12T07:57:20.856Z","real"
97,39.3,38.7,34,34,"2026-03-12T07:57:15.940Z","real"
97,39.1,37.6,34,34,"2026-03-12T07:57:10.815Z","real"
97,38.9,39.9,34,34,"2026-03-12T07:57:06.032Z","real"
97,38.7,40.7,34,34,"2026-03-12T07:57:00.989Z","real"
97,38.8,40.7,34,34,"2026-03-12T07:56:55.874Z","real"
97,38.6,39.3,34,34,"2026-03-12T07:56:50.969Z","real"
97,38.4,39.2,34,34,"2026-03-12T07:56:45.830Z","real"
97,38,39.3,34,34,"2026-03-12T07:56:40.915Z","real"
97,37.6,39.5,34,34,"2026-03-12T07:56:36.061Z","real"
97,37.7,39.4,34,34,"2026-03-12T07:56:30.884Z","real"
97,38,39.8,34,34,"2026-03-12T07:56:25.967Z","real"
97,38.1,40.2,34,34,"2026-03-12T07:56:20.849Z","real"
97,38.1,41,34,34,"2026-03-12T07:56:15.939Z","real"
97,37.9,41.3,34,34,"2026-03-12T07:56:10.821Z","real"
97,38.2,41.4,34,34,"2026-03-12T07:56:05.906Z","real"
97,38.3,41.7,34,34,"2026-03-12T07:56:01.022Z","real"
97,38.3,42.3,34,34,"2026-03-12T07:55:55.897Z","real"
97,38,41.1,34,34,"2026-03-12T07:55:50.956Z","real"
97,37.8,40.9,34,34,"2026-03-12T07:55:45.865Z","real"
97,37.5,41.2,34,34,"2026-03-12T07:55:40.913Z","real"
97,37.1,41.3,34,34,"2026-03-12T07:55:36.030Z","real"
97,37.4,41.4,34,34,"2026-03-12T07:55:30.881Z","real"
97,37.4,41.6,34,34,"2026-03-12T07:55:26.079Z","real"
97,37.1,42,34,34,"2026-03-12T07:55:20.841Z","real"
97,37,42.1,34,34,"2026-03-12T07:55:15.930Z","real"
97,37,42.2,34,34,"2026-03-12T07:55:10.820Z","real"
97,36.9,42.1,34,34,"2026-03-12T07:55:05.888Z","real"
97,36.9,42.6,34,34,"2026-03-12T07:55:00.985Z","real"
97,36.7,43,34,34,"2026-03-12T07:54:55.862Z","real"
97,36.5,43,34,34,"2026-03-12T07:54:50.978Z","real"
97,36.3,43,34,34,"2026-03-12T07:54:45.838Z","real"
97,36,42.9,34,34,"2026-03-12T07:54:40.907Z","real"
97,36,43.4,34,34,"2026-03-12T07:54:35.996Z","real"
97,35.8,43.8,34,34,"2026-03-12T07:54:30.885Z","real"
97,35.5,44.7,34,34,"2026-03-12T07:54:26.007Z","real"
97,35.4,43.6,34,34,"2026-03-12T07:54:20.848Z","real"
97,35.4,43.1,34,34,"2026-03-12T07:54:15.942Z","real"
97,35.5,43.8,34,34,"2026-03-12T07:54:10.824Z","real"
97,35.7,43.6,34,34,"2026-03-12T07:54:05.893Z","real"
97,35.4,43.1,34,34,"2026-03-12T07:54:01.013Z","real"
97,35.3,42.9,34,34,"2026-03-12T07:53:55.866Z","real"
97,35.3,42.8,34,34,"2026-03-12T07:53:50.953Z","real"
97,35.3,42.3,34,34,"2026-03-12T07:53:45.842Z","real"
97,35.3,42.2,34,34,"2026-03-12T07:53:40.969Z","real"
97,35.4,42,34,34,"2026-03-12T07:53:35.990Z","real"
97,35.4,42.2,34,34,"2026-03-12T07:53:30.865Z","real"
97,35.5,42.4,34,34,"2026-03-12T07:53:25.954Z","real"
97,35.5,42.1,34,34,"2026-03-12T07:53:20.841Z","real"
97,35.5,41.9,34,34,"2026-03-12T07:53:15.919Z","real"
97,35.5,41.8,34,34,"2026-03-12T07:53:10.802Z","real"
97,35.5,41.7,34,34,"2026-03-12T07:53:05.900Z","real"
97,35.5,41.7,34,34,"2026-03-12T07:53:00.960Z","real"
97,35.5,41.9,34,34,"2026-03-12T07:52:56.058Z","real"
97,35.5,41.9,34,34,"2026-03-12T07:52:50.949Z","real"
97,35.5,41.7,34,34,"2026-03-12T07:52:45.822Z","real"
97,35.4,41.7,34,34,"2026-03-12T07:52:40.904Z","real"
97,35.4,41.5,34,34,"2026-03-12T07:52:36.016Z","real"
97,35.4,40.1,34,34,"2026-03-12T07:52:30.867Z","real"
97,35.4,41.6,34,34,"2026-03-12T07:52:26.158Z","real"
97,35.3,41.6,34,34,"2026-03-12T07:52:20.839Z","real"
97,35.3,42.1,34,34,"2026-03-12T07:52:15.924Z","real"
97,35.3,42.9,34,34,"2026-03-12T07:52:10.997Z","real"
97,35.3,42.7,34,34,"2026-03-12T07:52:05.884Z","real"
97,35.2,42.5,34,34,"2026-03-12T07:52:00.974Z","real"
97,35.1,42.7,34,34,"2026-03-12T07:51:55.838Z","real"
97,35.1,42.8,34,34,"2026-03-12T07:51:50.929Z","real"
97,35.1,42.6,34,34,"2026-03-12T07:51:45.807Z","real"
97,35.1,42.2,34,34,"2026-03-12T07:51:40.891Z","real"
97,35.1,42,34,34,"2026-03-12T07:51:36.039Z","real"
97,35,41.9,34,34,"2026-03-12T07:51:30.913Z","real"
97,35,41.8,34,34,"2026-03-12T07:51:25.958Z","real"
97,35,41.8,34,34,"2026-03-12T07:51:20.913Z","real"
97,35,41.9,34,34,"2026-03-12T07:51:15.908Z","real"
97,34.9,41.9,34,34,"2026-03-12T07:51:11.014Z","real"
97,34.8,41.6,34,34,"2026-03-12T07:51:05.883Z","real"
97,34.8,41.6,34,34,"2026-03-12T07:51:00.959Z","real"
97,34.8,41.6,34,34,"2026-03-12T07:50:55.832Z","real"
97,34.8,41.5,34,34,"2026-03-12T07:50:50.936Z","real"
97,34.8,41.6,34,34,"2026-03-12T07:50:46.041Z","real"
97,34.8,41.9,34,34,"2026-03-12T07:50:40.882Z","real"
97,34.8,41.9,34,34,"2026-03-12T07:50:35.981Z","real"
97,34.8,42.1,34,34,"2026-03-12T07:50:30.847Z","real"
97,35,42.5,34,34,"2026-03-12T07:50:25.979Z","real"
97,35.1,42.3,34,34,"2026-03-12T07:50:20.823Z","real"
97,35.2,42.2,34,34,"2026-03-12T07:50:15.903Z","real"
97,35.2,42.2,34,34,"2026-03-12T07:50:10.985Z","real"
97,35.3,42,34,34,"2026-03-12T07:50:05.862Z","real"
97,35.3,41.7,34,34,"2026-03-12T07:50:00.952Z","real"
97,35.4,41.7,34,34,"2026-03-12T07:49:55.837Z","real"
97,35.4,41.8,34,34,"2026-03-12T07:49:50.960Z","real"
97,35.4,41.8,34,34,"2026-03-12T07:49:45.802Z","real"
97,35.5,41.9,34,34,"2026-03-12T07:49:41.118Z","real"
97,35.5,42,34,34,"2026-03-12T07:49:35.974Z","real"
97,35.5,41.9,34,34,"2026-03-12T07:49:30.949Z","real"
97,35.5,41.9,34,34,"2026-03-12T07:49:26.053Z","real"
97,35.5,41.7,34,34,"2026-03-12T07:49:20.914Z","real"
97,35.6,41.8,34,34,"2026-03-12T07:49:15.911Z","real"
97,35.8,41.6,34,34,"2026-03-12T07:49:10.989Z","real"
97,35.8,41.5,34,34,"2026-03-12T07:49:05.869Z","real"
97,35.9,41.5,34,34,"2026-03-12T07:49:00.948Z","real"
97,36,41.6,34,34,"2026-03-12T07:48:55.886Z","real"
97,36,41.3,34,34,"2026-03-12T07:48:50.916Z","real"
99,35.9,41.2,35,35,"2026-03-12T07:48:46.004Z","real"
99,35.9,41.2,35,35,"2026-03-12T07:48:40.886Z","real"
99,35.8,41.4,35,35,"2026-03-12T07:48:35.978Z","real"
97,35.8,41.7,34,34,"2026-03-12T07:48:30.867Z","real"
97,35.7,41.8,34,34,"2026-03-12T07:48:25.928Z","real"
97,35.6,41.4,34,34,"2026-03-12T07:48:20.800Z","real"
95,35.6,41.5,33,33,"2026-03-12T07:48:15.895Z","real"
95,35.5,41.4,33,33,"2026-03-12T07:48:10.976Z","real"
95,35.5,41.3,33,33,"2026-03-12T07:48:05.850Z","real"
124,35.5,41.5,45,45,"2026-03-12T07:48:01.142Z","real"
119,35.4,40.6,43,43,"2026-03-12T07:47:55.871Z","real"
63,35.4,40.7,18,18,"2026-03-12T07:47:52.198Z","real"
63,35.4,40.7,18,18,"2026-03-12T07:47:52.178Z","real"
63,35.4,40.7,18,18,"2026-03-12T07:47:52.122Z","real"
0,35.4,40.7,0,0,"2026-03-12T07:47:51.982Z","real"
0,35.4,40.7,0,0,"2026-03-12T07:47:51.967Z","real"
0,35.4,40.7,0,0,"2026-03-12T07:47:51.947Z","real"
80,35.5,42.2,26,26,"2026-03-12T07:45:11.005Z","real"
80,35.5,42.1,26,26,"2026-03-12T07:45:05.847Z","real"
80,35.5,42,26,26,"2026-03-12T07:45:00.943Z","real"
80,35.5,42.3,26,26,"2026-03-12T07:44:56.034Z","real"
80,35.5,42.6,26,26,"2026-03-12T07:44:50.916Z","real"
80,35.5,42.1,26,26,"2026-03-12T07:44:46.024Z","real"
80,35.5,42.1,26,26,"2026-03-12T07:44:40.867Z","real"
80,35.6,42.3,26,26,"2026-03-12T07:44:35.970Z","real"
80,35.7,42.7,26,26,"2026-03-12T07:44:30.914Z","real"
80,35.7,42.3,26,26,"2026-03-12T07:44:26.114Z","real"
80,35.8,41.7,26,26,"2026-03-12T07:44:20.993Z","real"
80,36,41.8,26,26,"2026-03-12T07:44:15.916Z","real"
80,36.3,42.5,26,26,"2026-03-12T07:44:10.962Z","real"
80,36.2,42.6,26,26,"2026-03-12T07:44:05.851Z","real"
80,35.8,42.8,26,26,"2026-03-12T07:44:00.975Z","real"
80,35.7,42.3,26,26,"2026-03-12T07:43:55.818Z","real"
80,35.9,42.4,26,26,"2026-03-12T07:43:50.916Z","real"
80,36.2,42.9,26,26,"2026-03-12T07:43:45.983Z","real"
80,36,42.1,26,26,"2026-03-12T07:43:40.865Z","real"
80,36,43.3,26,26,"2026-03-12T07:43:36.132Z","real"
80,35.9,43.6,26,26,"2026-03-12T07:43:30.824Z","real"
80,35.9,44,26,26,"2026-03-12T07:43:25.908Z","real"
80,35.5,43.8,26,26,"2026-03-12T07:43:21.035Z","real"
80,35.4,44.1,26,26,"2026-03-12T07:43:15.920Z","real"
80,35.1,44.3,26,26,"2026-03-12T07:43:10.975Z","real"
80,34.6,44.5,26,26,"2026-03-12T07:43:05.846Z","real"
80,34.4,45.3,26,26,"2026-03-12T07:43:00.996Z","real"
80,34.1,45.5,26,26,"2026-03-12T07:42:56.061Z","real"
80,34,45.2,26,26,"2026-03-12T07:42:50.934Z","real"
80,33.9,45.5,26,26,"2026-03-12T07:42:46.337Z","real"
80,33.7,46.3,26,26,"2026-03-12T07:42:40.846Z","real"
80,33.6,47.4,26,26,"2026-03-12T07:42:35.946Z","real"
80,33.6,47.9,26,26,"2026-03-12T07:42:30.826Z","real"
80,33.4,48.9,26,26,"2026-03-12T07:42:25.915Z","real"
80,33,48.7,26,26,"2026-03-12T07:42:20.995Z","real"
80,32.6,48.7,26,26,"2026-03-12T07:42:16.070Z","real"
80,32.7,48.1,26,26,"2026-03-12T07:42:10.963Z","real"
80,32.1,47.5,26,26,"2026-03-12T07:42:05.834Z","real"
80,31.5,47.8,26,26,"2026-03-12T07:42:00.912Z","real"
80,31.4,48.8,26,26,"2026-03-12T07:41:56.018Z","real"
80,31.4,48.7,26,26,"2026-03-12T07:41:50.874Z","real"
80,31.3,48.2,26,26,"2026-03-12T07:41:45.981Z","real"
80,31.3,48.3,26,26,"2026-03-12T07:41:40.857Z","real"
78,31.4,49.5,25,25,"2026-03-12T07:41:35.932Z","real"
78,31.4,51.4,25,25,"2026-03-12T07:41:31.121Z","real"
76,31.4,51.1,24,24,"2026-03-12T07:41:26.010Z","real"
76,31.4,51.2,24,24,"2026-03-12T07:41:20.996Z","real"
76,31.4,50.5,24,24,"2026-03-12T07:41:16.016Z","real"
74,31.5,50.5,23,23,"2026-03-12T07:41:10.960Z","real"
74,31.4,50.5,23,23,"2026-03-12T07:41:06.022Z","real"
74,31.5,50.4,23,23,"2026-03-12T07:41:00.913Z","real"
91,31.5,50.4,31,34,"2026-03-12T07:40:56.195Z","real"
84,31.5,50.4,28,28,"2026-03-12T07:40:50.905Z","real"
68,31.5,49.1,20,20,"2026-03-12T07:40:45.974Z","real"
0,31.5,49.1,0,0,"2026-03-12T07:40:43.590Z","real"
0,31.5,49.1,0,0,"2026-03-12T07:40:43.549Z","real"
0,31.5,49.1,0,0,"2026-03-12T07:40:43.519Z","real"
99,31.5,50.3,35,39,"2026-03-12T07:40:20.977Z","real"
97,31.6,50.4,34,34,"2026-03-12T07:40:15.848Z","real"
84,31.6,49,28,28,"2026-03-12T07:40:10.937Z","real"
70,31.6,49,21,26,"2026-03-12T07:40:05.884Z","real"
165,22,71,45,64,"2026-03-12T07:24:23.149Z","mock"
239,31,49,59,34,"2026-03-12T07:16:00.262Z","mock"
153,33,55,26,27,"2026-03-12T07:14:40.958Z","mock"
167,32,45,31,51,"2026-03-12T07:08:39.459Z","mock"
203,20,74,35,68,"2026-03-12T07:08:34.428Z","mock"
217,25,47,38,41,"2026-03-12T07:08:29.436Z","mock"
85,26,57,21,20,"2026-03-12T07:08:24.431Z","mock"
120,20,48,19,43,"2026-03-12T07:08:19.445Z","mock"
97,20,71,29,24,"2026-03-12T07:08:14.435Z","mock"
216,21,50,10,23,"2026-03-12T07:08:09.426Z","mock"
93,33,46,39,23,"2026-03-12T07:08:04.435Z","mock"
132,29,70,57,31,"2026-03-12T07:07:59.431Z","mock"
152,22,65,45,89,"2026-03-12T07:07:54.434Z","mock"
166,20,76,39,55,"2026-03-12T07:07:49.434Z","mock"
152,28,59,35,83,"2026-03-12T07:07:44.428Z","mock"
190,20,65,40,28,"2026-03-12T07:07:39.429Z","mock"
237,34,69,27,45,"2026-03-12T07:07:34.445Z","mock"
192,20,55,24,30,"2026-03-12T07:07:29.432Z","mock"
94,20,51,43,64,"2026-03-12T07:07:24.426Z","mock"
109,23,68,43,79,"2026-03-12T07:07:19.436Z","mock"
85,28,48,15,56,"2026-03-12T07:07:14.436Z","mock"
158,33,76,17,48,"2026-03-12T07:07:09.436Z","mock"
220,20,77,56,42,"2026-03-12T07:07:04.432Z","mock"
53,34,77,24,84,"2026-03-12T07:06:59.428Z","mock"
130,31,64,24,63,"2026-03-12T07:06:54.432Z","mock"
210,28,74,10,30,"2026-03-12T07:06:49.428Z","mock"
88,20,71,39,56,"2026-03-12T07:06:44.436Z","mock"
56,20,44,44,78,"2026-03-12T07:06:39.440Z","mock"
246,30,53,19,68,"2026-03-12T07:06:34.440Z","mock"
249,23,78,57,21,"2026-03-12T07:06:29.429Z","mock"
194,30,40,49,36,"2026-03-12T07:06:24.426Z","mock"
136,30,48,30,57,"2026-03-12T07:06:19.438Z","mock"
111,34,69,52,26,"2026-03-12T07:06:14.426Z","mock"
120,34,79,16,84,"2026-03-12T07:06:09.440Z","mock"
232,22,40,20,90,"2026-03-12T07:06:04.430Z","mock"
219,24,59,48,51,"2026-03-12T07:05:59.434Z","mock"
216,23,74,56,58,"2026-03-12T07:05:54.434Z","mock"
198,27,76,36,65,"2026-03-12T07:05:49.443Z","mock"
65,31,77,37,76,"2026-03-12T07:05:44.437Z","mock"
79,32,79,32,91,"2026-03-12T07:05:39.441Z","mock"
201,29,40,23,79,"2026-03-12T07:05:34.432Z","mock"
146,25,70,42,97,"2026-03-12T07:05:29.442Z","mock"
171,22,78,52,53,"2026-03-12T07:05:24.429Z","mock"
183,32,58,57,42,"2026-03-12T07:05:19.439Z","mock"
64,21,78,12,38,"2026-03-12T07:05:14.428Z","mock"
208,20,61,55,82,"2026-03-12T07:05:09.434Z","mock"
81,26,55,15,29,"2026-03-12T07:05:04.429Z","mock"
65,26,77,34,61,"2026-03-12T07:04:59.433Z","mock"
89,31,60,18,85,"2026-03-12T07:04:54.437Z","mock"
186,20,45,32,91,"2026-03-12T07:04:49.430Z","mock"
149,34,49,40,77,"2026-03-12T07:04:44.439Z","mock"
212,25,49,36,26,"2026-03-12T07:04:39.427Z","mock"
242,32,54,54,31,"2026-03-12T07:04:34.443Z","mock"
185,27,56,27,27,"2026-03-12T07:04:29.430Z","mock"
201,25,53,14,43,"2026-03-12T07:04:24.439Z","mock"
174,25,72,32,90,"2026-03-12T07:04:19.432Z","mock"
131,31,66,36,60,"2026-03-12T07:04:14.435Z","mock"
66,23,59,33,30,"2026-03-12T07:04:09.443Z","mock"
211,24,64,54,73,"2026-03-12T07:04:04.440Z","mock"
124,29,45,20,74,"2026-03-12T07:03:59.432Z","mock"
153,31,53,26,99,"2026-03-12T07:03:54.443Z","mock"
185,23,74,54,34,"2026-03-12T07:03:49.430Z","mock"
142,33,73,44,82,"2026-03-12T07:03:44.428Z","mock"
125,32,40,31,83,"2026-03-12T07:03:39.438Z","mock"
215,25,41,47,85,"2026-03-12T07:03:34.430Z","mock"
206,24,75,19,94,"2026-03-12T07:03:29.440Z","mock"
233,28,77,26,49,"2026-03-12T07:03:24.440Z","mock"
214,21,66,58,99,"2026-03-12T07:03:19.436Z","mock"
116,26,64,47,80,"2026-03-12T07:03:14.438Z","mock"
65,34,46,45,58,"2026-03-12T07:03:09.428Z","mock"
112,29,79,55,65,"2026-03-12T07:03:04.442Z","mock"
236,22,68,52,81,"2026-03-12T07:02:59.439Z","mock"
223,30,63,42,79,"2026-03-12T07:02:54.432Z","mock"
61,23,52,23,88,"2026-03-12T07:02:49.443Z","mock"
93,28,74,19,31,"2026-03-12T07:02:44.436Z","mock"
138,26,73,49,89,"2026-03-12T07:02:39.433Z","mock"
145,22,50,47,86,"2026-03-12T07:02:34.440Z","mock"
81,27,68,43,26,"2026-03-12T07:02:29.430Z","mock"
56,22,59,11,36,"2026-03-12T07:02:24.432Z","mock"
224,32,46,50,76,"2026-03-12T07:02:19.430Z","mock"
143,26,79,45,75,"2026-03-12T07:02:14.440Z","mock"
203,25,59,48,73,"2026-03-12T07:02:09.429Z","mock"
134,21,74,36,77,"2026-03-12T07:02:04.434Z","mock"
247,23,76,32,42,"2026-03-12T07:01:59.442Z","mock"
157,32,63,50,41,"2026-03-12T07:01:54.432Z","mock"
181,29,61,19,51,"2026-03-12T07:01:49.438Z","mock"
75,34,74,50,20,"2026-03-12T07:01:44.438Z","mock"
121,29,68,26,79,"2026-03-12T07:01:39.430Z","mock"
95,24,65,47,23,"2026-03-12T07:01:34.443Z","mock"
226,24,67,58,92,"2026-03-12T07:01:29.427Z","mock"
125,27,46,54,68,"2026-03-12T07:01:24.428Z","mock"
124,26,55,33,33,"2026-03-12T07:01:19.439Z","mock"
114,22,62,39,89,"2026-03-12T07:01:14.432Z","mock"
166,28,63,20,20,"2026-03-12T07:01:09.442Z","mock"
186,32,55,19,79,"2026-03-12T07:01:04.435Z","mock"
77,26,72,48,97,"2026-03-12T07:00:59.438Z","mock"
124,28,76,12,83,"2026-03-12T07:00:54.438Z","mock"
105,34,68,17,45,"2026-03-12T07:00:49.431Z","mock"
56,25,42,34,72,"2026-03-12T07:00:44.428Z","mock"
74,25,57,16,82,"2026-03-12T07:00:39.440Z","mock"
151,25,52,24,68,"2026-03-12T07:00:34.437Z","mock"
153,23,60,58,90,"2026-03-12T07:00:29.442Z","mock"
183,25,77,53,86,"2026-03-12T07:00:24.436Z","mock"
109,34,53,35,93,"2026-03-12T07:00:19.435Z","mock"
110,32,58,21,58,"2026-03-12T07:00:14.445Z","mock"
112,30,42,13,88,"2026-03-12T07:00:09.433Z","mock"
81,23,56,39,82,"2026-03-12T07:00:04.428Z","mock"
249,34,60,43,66,"2026-03-12T06:59:59.429Z","mock"
151,30,40,18,88,"2026-03-12T06:59:54.433Z","mock"
171,32,68,55,97,"2026-03-12T06:59:49.443Z","mock"
84,22,57,35,98,"2026-03-12T06:59:44.433Z","mock"
115,20,67,48,45,"2026-03-12T06:59:39.433Z","mock"
103,28,59,43,23,"2026-03-12T06:59:34.435Z","mock"
155,34,51,59,32,"2026-03-12T06:59:29.429Z","mock"
91,24,68,18,63,"2026-03-12T06:59:24.430Z","mock"
162,32,47,55,79,"2026-03-12T06:59:19.432Z","mock"
162,20,48,37,86,"2026-03-12T06:59:14.438Z","mock"
203,32,78,19,21,"2026-03-12T06:59:09.428Z","mock"
167,31,59,32,28,"2026-03-12T06:59:04.433Z","mock"
247,29,62,11,35,"2026-03-12T06:58:59.436Z","mock"
60,33,48,32,40,"2026-03-12T06:58:54.442Z","mock"
216,22,60,37,89,"2026-03-12T06:58:49.436Z","mock"
220,34,74,42,48,"2026-03-12T06:58:44.436Z","mock"
121,24,73,20,74,"2026-03-12T06:58:39.433Z","mock"
161,26,71,23,84,"2026-03-12T06:58:34.428Z","mock"
142,21,53,30,52,"2026-03-12T06:58:29.436Z","mock"
236,32,44,18,91,"2026-03-12T06:58:24.438Z","mock"
131,24,44,30,23,"2026-03-12T06:58:19.438Z","mock"
188,23,56,40,95,"2026-03-12T06:58:14.439Z","mock"
56,20,73,25,45,"2026-03-12T06:58:09.431Z","mock"
156,33,61,36,62,"2026-03-12T06:58:04.433Z","mock"
161,30,59,59,49,"2026-03-12T06:57:59.443Z","mock"
58,32,43,51,51,"2026-03-12T06:57:54.432Z","mock"
237,28,69,31,85,"2026-03-12T06:57:49.444Z","mock"
203,24,67,17,50,"2026-03-12T06:57:44.439Z","mock"
95,28,63,14,91,"2026-03-12T06:57:39.433Z","mock"
102,24,59,20,74,"2026-03-12T06:57:34.436Z","mock"
230,34,49,14,60,"2026-03-12T06:57:29.431Z","mock"
226,27,47,39,44,"2026-03-12T06:57:24.440Z","mock"
220,27,40,31,58,"2026-03-12T06:57:19.442Z","mock"
165,32,71,43,82,"2026-03-12T06:57:14.427Z","mock"
182,22,72,20,36,"2026-03-12T06:57:09.442Z","mock"
224,30,72,17,64,"2026-03-12T06:57:04.437Z","mock"
217,30,46,36,77,"2026-03-12T06:56:59.435Z","mock"
227,24,40,25,47,"2026-03-12T06:56:54.437Z","mock"
169,26,67,20,97,"2026-03-12T06:56:49.431Z","mock"
78,30,63,29,45,"2026-03-12T06:56:44.428Z","mock"
141,33,66,44,48,"2026-03-12T06:56:39.440Z","mock"
98,26,57,39,41,"2026-03-12T06:56:34.428Z","mock"
143,33,45,54,43,"2026-03-12T06:56:29.442Z","mock"
247,22,43,41,78,"2026-03-12T06:56:24.430Z","mock"
143,23,52,29,69,"2026-03-12T06:56:19.432Z","mock"
229,25,62,56,73,"2026-03-12T06:56:14.440Z","mock"
157,27,52,45,24,"2026-03-12T06:56:09.436Z","mock"
216,32,41,20,43,"2026-03-12T06:56:04.438Z","mock"
195,20,68,32,76,"2026-03-12T06:55:59.433Z","mock"
128,21,65,35,32,"2026-03-12T06:55:54.429Z","mock"
200,27,54,39,73,"2026-03-12T06:55:49.438Z","mock"
88,25,67,17,61,"2026-03-12T06:55:44.431Z","mock"
121,24,56,32,77,"2026-03-12T06:55:39.429Z","mock"
83,23,42,35,60,"2026-03-12T06:55:34.439Z","mock"
212,33,47,27,78,"2026-03-12T06:55:29.438Z","mock"
222,24,76,24,83,"2026-03-12T06:55:24.440Z","mock"
99,24,58,39,32,"2026-03-12T06:55:19.435Z","mock"
169,25,54,15,40,"2026-03-12T06:55:14.442Z","mock"
234,21,51,21,59,"2026-03-12T06:55:09.437Z","mock"
72,20,74,28,88,"2026-03-12T06:55:04.430Z","mock"
114,25,61,26,47,"2026-03-12T06:54:59.427Z","mock"
169,34,73,23,50,"2026-03-12T06:54:54.441Z","mock"
203,28,79,49,55,"2026-03-12T06:54:49.434Z","mock"
214,21,64,53,28,"2026-03-12T06:54:44.438Z","mock"
220,22,72,13,33,"2026-03-12T06:54:39.433Z","mock"
96,23,60,22,61,"2026-03-12T06:54:34.436Z","mock"
234,28,55,13,31,"2026-03-12T06:54:29.428Z","mock"
62,33,61,50,66,"2026-03-12T06:54:24.445Z","mock"
229,31,71,42,22,"2026-03-12T06:54:19.432Z","mock"
140,23,79,14,55,"2026-03-12T06:54:14.445Z","mock"
214,24,54,56,94,"2026-03-12T06:54:09.436Z","mock"
187,29,59,32,98,"2026-03-12T06:54:04.438Z","mock"
75,22,68,45,80,"2026-03-12T06:53:59.428Z","mock"
110,34,54,58,35,"2026-03-12T06:53:54.432Z","mock"
76,20,60,56,31,"2026-03-12T06:53:49.431Z","mock"
82,31,55,19,75,"2026-03-12T06:53:44.436Z","mock"
217,32,57,16,67,"2026-03-12T06:53:39.437Z","mock"
236,25,66,21,91,"2026-03-12T06:53:34.438Z","mock"
208,30,75,32,37,"2026-03-12T06:53:29.434Z","mock"
74,32,62,58,41,"2026-03-12T06:53:24.432Z","mock"
93,27,68,21,87,"2026-03-12T06:53:19.431Z","mock"
79,29,55,55,90,"2026-03-12T06:53:14.431Z","mock"
230,28,68,52,41,"2026-03-12T06:53:09.433Z","mock"
113,30,43,31,20,"2026-03-12T06:53:04.427Z","mock"
158,23,47,13,72,"2026-03-12T06:52:59.438Z","mock"
85,25,48,15,98,"2026-03-12T06:52:54.429Z","mock"
199,29,47,20,92,"2026-03-12T06:52:49.442Z","mock"
89,20,66,59,60,"2026-03-12T06:52:44.430Z","mock"
228,22,41,42,21,"2026-03-12T06:52:39.434Z","mock"
229,32,65,17,48,"2026-03-12T06:52:34.435Z","mock"
56,25,52,54,83,"2026-03-12T06:52:29.440Z","mock"
242,25,74,55,33,"2026-03-12T06:52:24.435Z","mock"
160,34,51,32,73,"2026-03-12T06:52:19.431Z","mock"
98,27,73,40,82,"2026-03-12T06:52:14.442Z","mock"
105,29,51,10,77,"2026-03-12T06:52:09.433Z","mock"
144,26,43,15,91,"2026-03-12T06:52:04.425Z","mock"
206,24,44,31,82,"2026-03-12T06:51:59.436Z","mock"