aqi,temperature,humidity,pm2_5,pm10,timestamp,dataSource,_id,location,__v,location.latitude,location.longitude
98,29.1,54.8,29,30,2025-09-14 19:40:05+00:00,synthetic,synth_00000,,0.0,28.6139,77.209
104,28.1,55.5,48,49,2025-09-14 20:40:05+00:00,synthetic,synth_00001,,0.0,28.6139,77.209
101,25.6,56.9,5,5,2025-09-14 21:40:05+00:00,synthetic,synth_00002,,0.0,28.6139,77.209
95,28.6,52.3,6,6,2025-09-14 22:40:05+00:00,synthetic,synth_00003,,0.0,28.6139,77.209
91,27.4,56.2,30,31,2025-09-14 23:40:05+00:00,synthetic,synth_00004,,0.0,28.6139,77.209
91,29.7,50.3,72,72,2025-09-15 00:40:05+00:00,synthetic,synth_00005,,0.0,28.6139,77.209
93,27.6,54.2,5,5,2025-09-15 01:40:05+00:00,synthetic,synth_00006,,0.0,28.6139,77.209
93,29.2,50.5,24,28,2025-09-15 02:40:05+00:00,synthetic,synth_00007,,0.0,28.6139,77.209
95,31.0,46.7,5,5,2025-09-15 03:40:05+00:00,synthetic,synth_00008,,0.0,28.6139,77.209
100,32.3,45.7,54,59,2025-09-15 04:40:05+00:00,synthetic,synth_00009,,0.0,28.6139,77.209
98,32.6,42.9,35,40,2025-09-15 05:40:05+00:00,synthetic,synth_00010,,0.0,28.6139,77.209
99,35.3,39.4,56,63,2025-09-15 06:40:05+00:00,synthetic,synth_00011,,0.0,28.6139,77.209
102,33.7,45.0,65,67,2025-09-15 07:40:05+00:00,synthetic,synth_00012,,0.0,28.6139,77.209
106,34.6,40.7,6,6,2025-09-15 08:40:05+00:00,synthetic,synth_00013,,0.0,28.6139,77.209
104,36.5,37.9,24,26,2025-09-15 09:40:05+00:00,synthetic,synth_00014,,0.0,28.6139,77.209
104,35.7,38.9,53,53,2025-09-15 10:40:05+00:00,synthetic,synth_00015,,0.0,28.6139,77.209
103,35.7,38.8,34,35,2025-09-15 11:40:05+00:00,synthetic,synth_00016,,0.0,28.6139,77.209
98,34.5,41.7,28,28,2025-09-15 12:40:05+00:00,synthetic,synth_00017,,0.0,28.6139,77.209
97,32.5,45.0,32,40,2025-09-15 13:40:05+00:00,synthetic,synth_00018,,0.0,28.6139,77.209
95,33.4,41.8,45,49,2025-09-15 14:40:05+00:00,synthetic,synth_00019,,0.0,28.6139,77.209
99,33.0,41.6,21,27,2025-09-15 15:40:05+00:00,synthetic,synth_00020,,0.0,28.6139,77.209
96,31.0,47.1,15,16,2025-09-15 16:40:05+00:00,synthetic,synth_00021,,0.0,28.6139,77.209
95,29.7,53.9,37,38,2025-09-15 17:40:05+00:00,synthetic,synth_00022,,0.0,28.6139,77.209
102,29.0,54.0,5,5,2025-09-15 18:40:05+00:00,synthetic,synth_00023,,0.0,28.6139,77.209
105,27.9,52.5,54,58,2025-09-15 19:40:05+00:00,synthetic,synth_00024,,0.0,28.6139,77.209
106,27.7,55.4,45,45,2025-09-15 20:40:05+00:00,synthetic,synth_00025,,0.0,28.6139,77.209
113,27.1,57.4,43,47,2025-09-15 21:40:05+00:00,synthetic,synth_00026,,0.0,28.6139,77.209
114,28.4,53.9,28,34,2025-09-15 22:40:05+00:00,synthetic,synth_00027,,0.0,28.6139,77.209
109,27.2,54.1,23,25,2025-09-15 23:40:05+00:00,synthetic,synth_00028,,0.0,28.6139,77.209
106,29.2,54.9,51,60,2025-09-16 00:40:05+00:00,synthetic,synth_00029,,0.0,28.6139,77.209
106,28.3,53.9,19,21,2025-09-16 01:40:05+00:00,synthetic,synth_00030,,0.0,28.6139,77.209
105,29.8,48.1,33,37,2025-09-16 02:40:05+00:00,synthetic,synth_00031,,0.0,28.6139,77.209
103,31.1,48.1,7,8,2025-09-16 03:40:05+00:00,synthetic,synth_00032,,0.0,28.6139,77.209
101,32.4,46.0,18,21,2025-09-16 04:40:05+00:00,synthetic,synth_00033,,0.0,28.6139,77.209
95,33.6,43.6,17,28,2025-09-16 05:40:05+00:00,synthetic,synth_00034,,0.0,28.6139,77.209
100,35.8,40.7,55,60,2025-09-16 06:40:05+00:00,synthetic,synth_00035,,0.0,28.6139,77.209
100,34.7,41.0,41,41,2025-09-16 07:40:05+00:00,synthetic,synth_00036,,0.0,28.6139,77.209
107,34.5,42.2,6,6,2025-09-16 08:40:05+00:00,synthetic,synth_00037,,0.0,28.6139,77.209
105,35.6,39.9,49,50,2025-09-16 09:40:05+00:00,synthetic,synth_00038,,0.0,28.6139,77.209
113,34.4,42.0,48,52,2025-09-16 10:40:05+00:00,synthetic,synth_00039,,0.0,28.6139,77.209
105,35.9,40.1,28,28,2025-09-16 11:40:05+00:00,synthetic,synth_00040,,0.0,28.6139,77.209
99,36.2,38.6,16,19,2025-09-16 12:40:05+00:00,synthetic,synth_00041,,0.0,28.6139,77.209
105,33.4,43.2,63,63,2025-09-16 13:40:05+00:00,synthetic,synth_00042,,0.0,28.6139,77.209
103,32.9,44.9,35,35,2025-09-16 14:40:05+00:00,synthetic,synth_00043,,0.0,28.6139,77.209
100,33.1,41.3,9,10,2025-09-16 15:40:05+00:00,synthetic,synth_00044,,0.0,28.6139,77.209
106,31.6,46.6,5,6,2025-09-16 16:40:05+00:00,synthetic,synth_00045,,0.0,28.6139,77.209
107,30.0,49.4,26,29,2025-09-16 17:40:05+00:00,synthetic,synth_00046,,0.0,28.6139,77.209
114,30.6,45.5,16,19,2025-09-16 18:40:05+00:00,synthetic,synth_00047,,0.0,28.6139,77.209
114,28.2,52.8,25,28,2025-09-16 19:40:05+00:00,synthetic,synth_00048,,0.0,28.6139,77.209
113,28.6,53.5,30,32,2025-09-16 20:40:05+00:00,synthetic,synth_00049,,0.0,28.6139,77.209
106,28.3,54.6,26,27,2025-09-16 21:40:05+00:00,synthetic,synth_00050,,0.0,28.6139,77.209
110,28.2,53.5,26,30,2025-09-16 22:40:05+00:00,synthetic,synth_00051,,0.0,28.6139,77.209
110,29.8,51.6,57,59,2025-09-16 23:40:05+00:00,synthetic,synth_00052,,0.0,28.6139,77.209
108,28.9,53.6,31,38,2025-09-17 00:40:05+00:00,synthetic,synth_00053,,0.0,28.6139,77.209
100,30.1,51.1,14,16,2025-09-17 01:40:05+00:00,synthetic,synth_00054,,0.0,28.6139,77.209
99,30.2,48.3,22,22,2025-09-17 02:40:05+00:00,synthetic,synth_00055,,0.0,28.6139,77.209
94,31.8,45.8,23,25,2025-09-17 03:40:05+00:00,synthetic,synth_00056,,0.0,28.6139,77.209
96,32.0,46.5,16,16,2025-09-17 04:40:05+00:00,synthetic,synth_00057,,0.0,28.6139,77.209
94,33.8,45.3,32,32,2025-09-17 05:40:05+00:00,synthetic,synth_00058,,0.0,28.6139,77.209
97,34.0,41.3,16,16,2025-09-17 06:40:05+00:00,synthetic,synth_00059,,0.0,28.6139,77.209
103,35.8,40.4,68,70,2025-09-17 07:40:05+00:00,synthetic,synth_00060,,0.0,28.6139,77.209
107,35.8,37.6,38,41,2025-09-17 08:40:05+00:00,synthetic,synth_00061,,0.0,28.6139,77.209
114,38.2,33.6,63,66,2025-09-17 09:40:05+00:00,synthetic,synth_00062,,0.0,28.6139,77.209
120,34.8,39.2,16,16,2025-09-17 10:40:05+00:00,synthetic,synth_00063,,0.0,28.6139,77.209
109,35.9,42.0,44,44,2025-09-17 11:40:05+00:00,synthetic,synth_00064,,0.0,28.6139,77.209
100,34.1,45.5,49,49,2025-09-17 12:40:05+00:00,synthetic,synth_00065,,0.0,28.6139,77.209
91,34.7,43.8,49,50,2025-09-17 13:40:05+00:00,synthetic,synth_00066,,0.0,28.6139,77.209
91,32.9,45.6,27,28,2025-09-17 14:40:05+00:00,synthetic,synth_00067,,0.0,28.6139,77.209
94,33.1,42.7,36,41,2025-09-17 15:40:05+00:00,synthetic,synth_00068,,0.0,28.6139,77.209
97,32.2,46.0,25,26,2025-09-17 16:40:05+00:00,synthetic,synth_00069,,0.0,28.6139,77.209
108,30.8,51.4,74,81,2025-09-17 17:40:05+00:00,synthetic,synth_00070,,0.0,28.6139,77.209
105,30.6,46.8,45,45,2025-09-17 18:40:05+00:00,synthetic,synth_00071,,0.0,28.6139,77.209
105,30.2,50.7,58,58,2025-09-17 19:40:05+00:00,synthetic,synth_00072,,0.0,28.6139,77.209
98,28.5,53.5,23,24,2025-09-17 20:40:05+00:00,synthetic,synth_00073,,0.0,28.6139,77.209
94,28.6,52.1,43,43,2025-09-17 21:40:05+00:00,synthetic,synth_00074,,0.0,28.6139,77.209
96,27.6,56.5,49,49,2025-09-17 22:40:05+00:00,synthetic,synth_00075,,0.0,28.6139,77.209
97,27.3,53.0,24,24,2025-09-17 23:40:05+00:00,synthetic,synth_00076,,0.0,28.6139,77.209
94,28.9,52.4,40,43,2025-09-18 00:40:05+00:00,synthetic,synth_00077,,0.0,28.6139,77.209
93,29.1,47.8,15,20,2025-09-18 01:40:05+00:00,synthetic,synth_00078,,0.0,28.6139,77.209
100,30.9,49.0,45,49,2025-09-18 02:40:05+00:00,synthetic,synth_00079,,0.0,28.6139,77.209
98,29.8,50.4,11,11,2025-09-18 03:40:05+00:00,synthetic,synth_00080,,0.0,28.6139,77.209
95,33.6,44.4,12,16,2025-09-18 04:40:05+00:00,synthetic,synth_00081,,0.0,28.6139,77.209
97,34.5,42.0,12,12,2025-09-18 05:40:05+00:00,synthetic,synth_00082,,0.0,28.6139,77.209
95,34.6,43.7,5,5,2025-09-18 06:40:05+00:00,synthetic,synth_00083,,0.0,28.6139,77.209
97,34.5,39.6,25,25,2025-09-18 07:40:05+00:00,synthetic,synth_00084,,0.0,28.6139,77.209
103,35.5,37.9,32,36,2025-09-18 08:40:05+00:00,synthetic,synth_00085,,0.0,28.6139,77.209
108,35.5,40.1,10,12,2025-09-18 09:40:05+00:00,synthetic,synth_00086,,0.0,28.6139,77.209
104,35.5,36.6,40,42,2025-09-18 10:40:05+00:00,synthetic,synth_00087,,0.0,28.6139,77.209
102,35.7,35.8,19,19,2025-09-18 11:40:05+00:00,synthetic,synth_00088,,0.0,28.6139,77.209
96,34.3,41.1,39,39,2025-09-18 12:40:05+00:00,synthetic,synth_00089,,0.0,28.6139,77.209
98,34.1,44.0,5,5,2025-09-18 13:40:05+00:00,synthetic,synth_00090,,0.0,28.6139,77.209
99,33.5,42.3,31,32,2025-09-18 14:40:05+00:00,synthetic,synth_00091,,0.0,28.6139,77.209
103,32.7,44.6,38,39,2025-09-18 15:40:05+00:00,synthetic,synth_00092,,0.0,28.6139,77.209
104,31.3,51.2,31,31,2025-09-18 16:40:05+00:00,synthetic,synth_00093,,0.0,28.6139,77.209
110,28.3,51.5,21,21,2025-09-18 17:40:05+00:00,synthetic,synth_00094,,0.0,28.6139,77.209
110,30.4,50.3,75,75,2025-09-18 18:40:05+00:00,synthetic,synth_00095,,0.0,28.6139,77.209
110,27.7,57.1,54,55,2025-09-18 19:40:05+00:00,synthetic,synth_00096,,0.0,28.6139,77.209
112,29.4,53.5,80,82,2025-09-18 20:40:05+00:00,synthetic,synth_00097,,0.0,28.6139,77.209
112,27.6,53.9,25,26,2025-09-18 21:40:05+00:00,synthetic,synth_00098,,0.0,28.6139,77.209
113,27.5,53.4,28,30,2025-09-18 22:40:05+00:00,synthetic,synth_00099,,0.0,28.6139,77.209
112,28.6,55.1,23,28,2025-09-18 23:40:05+00:00,synthetic,synth_00100,,0.0,28.6139,77.209
105,26.8,58.5,15,15,2025-09-19 00:40:05+00:00,synthetic,synth_00101,,0.0,28.6139,77.209
103,31.2,48.0,15,17,2025-09-19 01:40:05+00:00,synthetic,synth_00102,,0.0,28.6139,77.209
103,30.0,51.3,49,54,2025-09-19 02:40:05+00:00,synthetic,synth_00103,,0.0,28.6139,77.209
107,30.5,48.8,27,31,2025-09-19 03:40:05+00:00,synthetic,synth_00104,,0.0,28.6139,77.209
97,33.2,44.2,58,58,2025-09-19 04:40:05+00:00,synthetic,synth_00105,,0.0,28.6139,77.209
101,32.5,43.0,35,41,2025-09-19 05:40:05+00:00,synthetic,synth_00106,,0.0,28.6139,77.209
101,33.6,41.8,5,5,2025-09-19 06:40:05+00:00,synthetic,synth_00107,,0.0,28.6139,77.209
103,37.1,38.9,48,48,2025-09-19 07:40:05+00:00,synthetic,synth_00108,,0.0,28.6139,77.209
116,35.7,39.0,42,44,2025-09-19 08:40:05+00:00,synthetic,synth_00109,,0.0,28.6139,77.209
112,35.6,37.9,25,26,2025-09-19 09:40:05+00:00,synthetic,synth_00110,,0.0,28.6139,77.209
109,34.3,44.2,72,72,2025-09-19 10:40:05+00:00,synthetic,synth_00111,,0.0,28.6139,77.209
103,34.2,40.3,23,29,2025-09-19 11:40:05+00:00,synthetic,synth_00112,,0.0,28.6139,77.209
103,36.2,37.0,58,63,2025-09-19 12:40:05+00:00,synthetic,synth_00113,,0.0,28.6139,77.209
95,34.3,41.5,50,54,2025-09-19 13:40:05+00:00,synthetic,synth_00114,,0.0,28.6139,77.209
93,32.9,46.2,57,58,2025-09-19 14:40:05+00:00,synthetic,synth_00115,,0.0,28.6139,77.209
95,32.5,44.5,6,9,2025-09-19 15:40:05+00:00,synthetic,synth_00116,,0.0,28.6139,77.209
94,29.3,51.9,5,5,2025-09-19 16:40:05+00:00,synthetic,synth_00117,,0.0,28.6139,77.209
90,31.2,48.9,61,66,2025-09-19 17:40:05+00:00,synthetic,synth_00118,,0.0,28.6139,77.209
95,29.9,51.4,52,55,2025-09-19 18:40:05+00:00,synthetic,synth_00119,,0.0,28.6139,77.209
101,26.7,57.1,5,5,2025-09-19 19:40:05+00:00,synthetic,synth_00120,,0.0,28.6139,77.209
102,27.9,53.5,43,43,2025-09-19 20:40:05+00:00,synthetic,synth_00121,,0.0,28.6139,77.209
104,28.0,54.3,5,7,2025-09-19 21:40:05+00:00,synthetic,synth_00122,,0.0,28.6139,77.209
110,26.9,54.8,55,58,2025-09-19 22:40:05+00:00,synthetic,synth_00123,,0.0,28.6139,77.209
109,28.1,52.5,21,21,2025-09-19 23:40:05+00:00,synthetic,synth_00124,,0.0,28.6139,77.209
99,27.4,56.5,5,10,2025-09-20 00:40:05+00:00,synthetic,synth_00125,,0.0,28.6139,77.209
97,29.0,53.6,34,36,2025-09-20 01:40:05+00:00,synthetic,synth_00126,,0.0,28.6139,77.209
104,31.5,46.3,35,41,2025-09-20 02:40:05+00:00,synthetic,synth_00127,,0.0,28.6139,77.209
96,33.0,44.6,72,78,2025-09-20 03:40:05+00:00,synthetic,synth_00128,,0.0,28.6139,77.209
96,31.3,46.4,5,5,2025-09-20 04:40:05+00:00,synthetic,synth_00129,,0.0,28.6139,77.209
94,33.3,44.1,9,12,2025-09-20 05:40:05+00:00,synthetic,synth_00130,,0.0,28.6139,77.209
98,34.6,38.5,46,48,2025-09-20 06:40:05+00:00,synthetic,synth_00131,,0.0,28.6139,77.209
99,33.7,43.9,9,10,2025-09-20 07:40:05+00:00,synthetic,synth_00132,,0.0,28.6139,77.209
101,36.5,36.7,36,37,2025-09-20 08:40:05+00:00,synthetic,synth_00133,,0.0,28.6139,77.209
99,36.0,37.5,35,35,2025-09-20 09:40:05+00:00,synthetic,synth_00134,,0.0,28.6139,77.209
97,36.9,36.9,30,30,2025-09-20 10:40:05+00:00,synthetic,synth_00135,,0.0,28.6139,77.209
94,36.0,40.7,47,53,2025-09-20 11:40:05+00:00,synthetic,synth_00136,,0.0,28.6139,77.209
100,34.4,43.8,35,35,2025-09-20 12:40:05+00:00,synthetic,synth_00137,,0.0,28.6139,77.209
92,32.9,42.6,22,22,2025-09-20 13:40:05+00:00,synthetic,synth_00138,,0.0,28.6139,77.209
89,34.7,39.6,41,42,2025-09-20 14:40:05+00:00,synthetic,synth_00139,,0.0,28.6139,77.209
88,31.6,48.1,44,47,2025-09-20 15:40:05+00:00,synthetic,synth_00140,,0.0,28.6139,77.209
90,31.8,47.2,76,78,2025-09-20 16:40:05+00:00,synthetic,synth_00141,,0.0,28.6139,77.209
90,32.0,46.4,50,55,2025-09-20 17:40:05+00:00,synthetic,synth_00142,,0.0,28.6139,77.209
90,29.8,48.6,52,59,2025-09-20 18:40:05+00:00,synthetic,synth_00143,,0.0,28.6139,77.209
91,28.7,53.4,27,33,2025-09-20 19:40:05+00:00,synthetic,synth_00144,,0.0,28.6139,77.209
91,26.6,55.2,16,21,2025-09-20 20:40:05+00:00,synthetic,synth_00145,,0.0,28.6139,77.209
90,28.0,56.5,47,47,2025-09-20 21:40:05+00:00,synthetic,synth_00146,,0.0,28.6139,77.209
88,29.0,56.2,53,54,2025-09-20 22:40:05+00:00,synthetic,synth_00147,,0.0,28.6139,77.209
91,29.5,53.1,58,64,2025-09-20 23:40:05+00:00,synthetic,synth_00148,,0.0,28.6139,77.209
96,29.0,53.0,52,52,2025-09-21 00:40:05+00:00,synthetic,synth_00149,,0.0,28.6139,77.209
94,29.5,53.4,25,26,2025-09-21 01:40:05+00:00,synthetic,synth_00150,,0.0,28.6139,77.209
86,31.4,51.8,42,44,2025-09-21 02:40:05+00:00,synthetic,synth_00151,,0.0,28.6139,77.209
87,32.2,47.4,63,67,2025-09-21 03:40:05+00:00,synthetic,synth_00152,,0.0,28.6139,77.209
85,33.6,41.7,35,35,2025-09-21 04:40:05+00:00,synthetic,synth_00153,,0.0,28.6139,77.209
91,32.4,45.2,10,10,2025-09-21 05:40:05+00:00,synthetic,synth_00154,,0.0,28.6139,77.209
90,34.1,39.3,70,73,2025-09-21 06:40:05+00:00,synthetic,synth_00155,,0.0,28.6139,77.209
89,35.7,38.4,38,43,2025-09-21 07:40:05+00:00,synthetic,synth_00156,,0.0,28.6139,77.209
96,37.2,34.4,25,25,2025-09-21 08:40:05+00:00,synthetic,synth_00157,,0.0,28.6139,77.209
97,35.8,39.5,32,38,2025-09-21 09:40:05+00:00,synthetic,synth_00158,,0.0,28.6139,77.209
96,36.7,38.6,57,61,2025-09-21 10:40:05+00:00,synthetic,synth_00159,,0.0,28.6139,77.209
95,36.3,39.8,58,64,2025-09-21 11:40:05+00:00,synthetic,synth_00160,,0.0,28.6139,77.209
88,35.8,37.5,67,68,2025-09-21 12:40:05+00:00,synthetic,synth_00161,,0.0,28.6139,77.209
89,33.5,39.7,17,17,2025-09-21 13:40:05+00:00,synthetic,synth_00162,,0.0,28.6139,77.209
81,34.3,43.1,38,40,2025-09-21 14:40:05+00:00,synthetic,synth_00163,,0.0,28.6139,77.209
83,33.0,45.4,5,5,2025-09-21 15:40:05+00:00,synthetic,synth_00164,,0.0,28.6139,77.209
86,30.1,47.9,5,5,2025-09-21 16:40:05+00:00,synthetic,synth_00165,,0.0,28.6139,77.209
96,30.0,51.6,52,56,2025-09-21 17:40:05+00:00,synthetic,synth_00166,,0.0,28.6139,77.209
98,29.6,51.5,26,28,2025-09-21 18:40:05+00:00,synthetic,synth_00167,,0.0,28.6139,77.209
102,29.5,51.6,35,35,2025-09-21 19:40:05+00:00,synthetic,synth_00168,,0.0,28.6139,77.209
107,27.7,54.2,39,42,2025-09-21 20:40:05+00:00,synthetic,synth_00169,,0.0,28.6139,77.209
105,27.7,58.4,33,34,2025-09-21 21:40:05+00:00,synthetic,synth_00170,,0.0,28.6139,77.209
101,28.6,51.7,37,37,2025-09-21 22:40:05+00:00,synthetic,synth_00171,,0.0,28.6139,77.209
99,28.2,57.1,40,40,2025-09-21 23:40:05+00:00,synthetic,synth_00172,,0.0,28.6139,77.209
100,30.8,49.0,61,63,2025-09-22 00:40:05+00:00,synthetic,synth_00173,,0.0,28.6139,77.209
98,30.6,47.2,59,66,2025-09-22 01:40:05+00:00,synthetic,synth_00174,,0.0,28.6139,77.209
95,31.2,48.9,38,38,2025-09-22 02:40:05+00:00,synthetic,synth_00175,,0.0,28.6139,77.209
95,32.6,45.4,60,60,2025-09-22 03:40:05+00:00,synthetic,synth_00176,,0.0,28.6139,77.209
100,31.5,44.4,5,5,2025-09-22 04:40:05+00:00,synthetic,synth_00177,,0.0,28.6139,77.209
98,33.7,44.0,41,41,2025-09-22 05:40:05+00:00,synthetic,synth_00178,,0.0,28.6139,77.209
104,32.9,43.3,34,37,2025-09-22 06:40:05+00:00,synthetic,synth_00179,,0.0,28.6139,77.209
104,34.8,44.2,30,32,2025-09-22 07:40:05+00:00,synthetic,synth_00180,,0.0,28.6139,77.209
111,35.6,39.0,43,45,2025-09-22 08:40:05+00:00,synthetic,synth_00181,,0.0,28.6139,77.209
114,36.6,37.3,41,41,2025-09-22 09:40:05+00:00,synthetic,synth_00182,,0.0,28.6139,77.209
114,36.9,32.1,58,60,2025-09-22 10:40:05+00:00,synthetic,synth_00183,,0.0,28.6139,77.209
113,35.6,36.9,17,23,2025-09-22 11:40:05+00:00,synthetic,synth_00184,,0.0,28.6139,77.209
106,35.8,39.9,42,44,2025-09-22 12:40:05+00:00,synthetic,synth_00185,,0.0,28.6139,77.209
111,34.4,43.5,42,47,2025-09-22 13:40:05+00:00,synthetic,synth_00186,,0.0,28.6139,77.209
108,34.2,39.7,18,18,2025-09-22 14:40:05+00:00,synthetic,synth_00187,,0.0,28.6139,77.209
105,32.7,46.0,51,53,2025-09-22 15:40:05+00:00,synthetic,synth_00188,,0.0,28.6139,77.209
103,32.7,43.7,58,63,2025-09-22 16:40:05+00:00,synthetic,synth_00189,,0.0,28.6139,77.209
103,30.7,50.0,61,64,2025-09-22 17:40:05+00:00,synthetic,synth_00190,,0.0,28.6139,77.209
100,30.0,48.3,5,5,2025-09-22 18:40:05+00:00,synthetic,synth_00191,,0.0,28.6139,77.209
100,29.4,52.7,6,12,2025-09-22 19:40:05+00:00,synthetic,synth_00192,,0.0,28.6139,77.209
106,25.9,62.0,22,22,2025-09-22 20:40:05+00:00,synthetic,synth_00193,,0.0,28.6139,77.209
109,30.2,52.6,88,94,2025-09-22 21:40:05+00:00,synthetic,synth_00194,,0.0,28.6139,77.209
109,28.2,54.1,40,41,2025-09-22 22:40:05+00:00,synthetic,synth_00195,,0.0,28.6139,77.209
100,27.4,53.5,34,39,2025-09-22 23:40:05+00:00,synthetic,synth_00196,,0.0,28.6139,77.209
103,27.3,56.4,5,5,2025-09-23 00:40:05+00:00,synthetic,synth_00197,,0.0,28.6139,77.209
103,29.3,49.0,15,16,2025-09-23 01:40:05+00:00,synthetic,synth_00198,,0.0,28.6139,77.209
94,30.7,50.1,42,47,2025-09-23 02:40:05+00:00,synthetic,synth_00199,,0.0,28.6139,77.209
95,31.5,48.2,25,25,2025-09-23 03:40:05+00:00,synthetic,synth_00200,,0.0,28.6139,77.209
93,31.1,50.6,12,12,2025-09-23 04:40:05+00:00,synthetic,synth_00201,,0.0,28.6139,77.209
92,33.8,45.5,45,48,2025-09-23 05:40:05+00:00,synthetic,synth_00202,,0.0,28.6139,77.209
92,34.5,43.1,76,81,2025-09-23 06:40:05+00:00,synthetic,synth_00203,,0.0,28.6139,77.209
97,35.2,39.7,36,43,2025-09-23 07:40:05+00:00,synthetic,synth_00204,,0.0,28.6139,77.209
100,35.0,44.1,5,7,2025-09-23 08:40:05+00:00,synthetic,synth_00205,,0.0,28.6139,77.209
110,36.1,40.7,25,25,2025-09-23 09:40:05+00:00,synthetic,synth_00206,,0.0,28.6139,77.209
105,34.8,37.9,18,18,2025-09-23 10:40:05+00:00,synthetic,synth_00207,,0.0,28.6139,77.209
103,35.1,40.8,5,5,2025-09-23 11:40:05+00:00,synthetic,synth_00208,,0.0,28.6139,77.209
105,35.9,39.0,10,10,2025-09-23 12:40:05+00:00,synthetic,synth_00209,,0.0,28.6139,77.209
103,34.7,39.5,39,39,2025-09-23 13:40:05+00:00,synthetic,synth_00210,,0.0,28.6139,77.209
99,32.2,47.4,22,23,2025-09-23 14:40:05+00:00,synthetic,synth_00211,,0.0,28.6139,77.209
94,33.2,44.3,38,40,2025-09-23 15:40:05+00:00,synthetic,synth_00212,,0.0,28.6139,77.209
97,31.2,47.6,31,35,2025-09-23 16:40:05+00:00,synthetic,synth_00213,,0.0,28.6139,77.209
97,28.1,54.1,5,5,2025-09-23 17:40:05+00:00,synthetic,synth_00214,,0.0,28.6139,77.209
102,30.5,52.3,83,87,2025-09-23 18:40:05+00:00,synthetic,synth_00215,,0.0,28.6139,77.209
108,28.7,53.4,28,32,2025-09-23 19:40:05+00:00,synthetic,synth_00216,,0.0,28.6139,77.209
107,28.3,52.0,23,24,2025-09-23 20:40:05+00:00,synthetic,synth_00217,,0.0,28.6139,77.209
110,28.1,55.8,54,57,2025-09-23 21:40:05+00:00,synthetic,synth_00218,,0.0,28.6139,77.209
107,26.5,56.0,9,9,2025-09-23 22:40:05+00:00,synthetic,synth_00219,,0.0,28.6139,77.209
105,28.5,54.6,47,47,2025-09-23 23:40:05+00:00,synthetic,synth_00220,,0.0,28.6139,77.209
99,27.8,55.7,39,43,2025-09-24 00:40:05+00:00,synthetic,synth_00221,,0.0,28.6139,77.209
97,30.4,49.9,60,62,2025-09-24 01:40:05+00:00,synthetic,synth_00222,,0.0,28.6139,77.209
95,30.8,49.0,38,43,2025-09-24 02:40:05+00:00,synthetic,synth_00223,,0.0,28.6139,77.209
99,28.7,53.3,5,5,2025-09-24 03:40:05+00:00,synthetic,synth_00224,,0.0,28.6139,77.209
94,32.2,46.2,5,5,2025-09-24 04:40:05+00:00,synthetic,synth_00225,,0.0,28.6139,77.209
93,32.5,45.7,39,43,2025-09-24 05:40:05+00:00,synthetic,synth_00226,,0.0,28.6139,77.209
97,35.1,39.6,15,15,2025-09-24 06:40:05+00:00,synthetic,synth_00227,,0.0,28.6139,77.209
99,34.6,43.5,10,10,2025-09-24 07:40:05+00:00,synthetic,synth_00228,,0.0,28.6139,77.209
109,35.0,42.0,30,36,2025-09-24 08:40:05+00:00,synthetic,synth_00229,,0.0,28.6139,77.209
113,37.5,34.4,34,36,2025-09-24 09:40:05+00:00,synthetic,synth_00230,,0.0,28.6139,77.209
115,36.6,36.8,73,74,2025-09-24 10:40:05+00:00,synthetic,synth_00231,,0.0,28.6139,77.209
117,35.3,40.2,36,36,2025-09-24 11:40:05+00:00,synthetic,synth_00232,,0.0,28.6139,77.209
114,33.8,43.2,32,35,2025-09-24 12:40:05+00:00,synthetic,synth_00233,,0.0,28.6139,77.209
111,32.7,47.0,21,21,2025-09-24 13:40:05+00:00,synthetic,synth_00234,,0.0,28.6139,77.209
111,33.9,46.7,45,49,2025-09-24 14:40:05+00:00,synthetic,synth_00235,,0.0,28.6139,77.209
107,33.7,44.3,45,50,2025-09-24 15:40:05+00:00,synthetic,synth_00236,,0.0,28.6139,77.209
104,30.0,46.5,31,31,2025-09-24 16:40:05+00:00,synthetic,synth_00237,,0.0,28.6139,77.209
104,30.4,51.0,35,35,2025-09-24 17:40:05+00:00,synthetic,synth_00238,,0.0,28.6139,77.209
105,29.3,54.8,43,47,2025-09-24 18:40:05+00:00,synthetic,synth_00239,,0.0,28.6139,77.209
109,29.3,50.2,63,64,2025-09-24 19:40:05+00:00,synthetic,synth_00240,,0.0,28.6139,77.209
106,29.5,52.0,50,57,2025-09-24 20:40:05+00:00,synthetic,synth_00241,,0.0,28.6139,77.209
106,29.6,49.8,92,97,2025-09-24 21:40:05+00:00,synthetic,synth_00242,,0.0,28.6139,77.209
109,28.2,52.3,50,50,2025-09-24 22:40:05+00:00,synthetic,synth_00243,,0.0,28.6139,77.209
104,30.0,51.7,42,45,2025-09-24 23:40:05+00:00,synthetic,synth_00244,,0.0,28.6139,77.209
107,28.5,53.1,21,24,2025-09-25 00:40:05+00:00,synthetic,synth_00245,,0.0,28.6139,77.209
103,29.1,51.7,47,48,2025-09-25 01:40:05+00:00,synthetic,synth_00246,,0.0,28.6139,77.209
108,30.6,50.7,22,22,2025-09-25 02:40:05+00:00,synthetic,synth_00247,,0.0,28.6139,77.209
98,31.7,52.1,54,57,2025-09-25 03:40:05+00:00,synthetic,synth_00248,,0.0,28.6139,77.209
104,35.3,43.4,79,85,2025-09-25 04:40:05+00:00,synthetic,synth_00249,,0.0,28.6139,77.209
106,32.7,44.6,25,25,2025-09-25 05:40:05+00:00,synthetic,synth_00250,,0.0,28.6139,77.209
108,35.0,43.5,49,51,2025-09-25 06:40:05+00:00,synthetic,synth_00251,,0.0,28.6139,77.209
106,34.3,40.6,8,9,2025-09-25 07:40:05+00:00,synthetic,synth_00252,,0.0,28.6139,77.209
104,37.6,37.5,71,72,2025-09-25 08:40:05+00:00,synthetic,synth_00253,,0.0,28.6139,77.209
105,38.0,38.0,54,54,2025-09-25 09:40:05+00:00,synthetic,synth_00254,,0.0,28.6139,77.209
105,35.3,38.5,5,5,2025-09-25 10:40:05+00:00,synthetic,synth_00255,,0.0,28.6139,77.209
104,34.3,36.4,27,33,2025-09-25 11:40:05+00:00,synthetic,synth_00256,,0.0,28.6139,77.209
107,34.3,42.3,23,25,2025-09-25 12:40:05+00:00,synthetic,synth_00257,,0.0,28.6139,77.209
105,34.7,41.4,56,56,2025-09-25 13:40:05+00:00,synthetic,synth_00258,,0.0,28.6139,77.209
101,34.2,40.9,50,51,2025-09-25 14:40:05+00:00,synthetic,synth_00259,,0.0,28.6139,77.209
99,29.9,51.4,23,23,2025-09-25 15:40:05+00:00,synthetic,synth_00260,,0.0,28.6139,77.209
100,30.1,49.3,49,49,2025-09-25 16:40:05+00:00,synthetic,synth_00261,,0.0,28.6139,77.209
103,30.0,49.6,5,5,2025-09-25 17:40:05+00:00,synthetic,synth_00262,,0.0,28.6139,77.209
102,29.1,53.6,14,15,2025-09-25 18:40:05+00:00,synthetic,synth_00263,,0.0,28.6139,77.209
106,29.1,52.0,46,49,2025-09-25 19:40:05+00:00,synthetic,synth_00264,,0.0,28.6139,77.209
102,27.2,55.9,5,5,2025-09-25 20:40:05+00:00,synthetic,synth_00265,,0.0,28.6139,77.209
104,28.9,52.6,75,83,2025-09-25 21:40:05+00:00,synthetic,synth_00266,,0.0,28.6139,77.209
101,27.2,53.8,21,26,2025-09-25 22:40:05+00:00,synthetic,synth_00267,,0.0,28.6139,77.209
102,27.9,51.7,36,37,2025-09-25 23:40:05+00:00,synthetic,synth_00268,,0.0,28.6139,77.209
100,30.6,49.9,94,103,2025-09-26 00:40:05+00:00,synthetic,synth_00269,,0.0,28.6139,77.209
99,29.7,49.1,16,19,2025-09-26 01:40:05+00:00,synthetic,synth_00270,,0.0,28.6139,77.209
96,31.2,50.2,60,60,2025-09-26 02:40:05+00:00,synthetic,synth_00271,,0.0,28.6139,77.209
93,31.8,46.8,48,51,2025-09-26 03:40:05+00:00,synthetic,synth_00272,,0.0,28.6139,77.209
103,32.1,47.9,14,15,2025-09-26 04:40:05+00:00,synthetic,synth_00273,,0.0,28.6139,77.209
97,33.6,45.0,47,56,2025-09-26 05:40:05+00:00,synthetic,synth_00274,,0.0,28.6139,77.209
102,34.8,40.4,44,45,2025-09-26 06:40:05+00:00,synthetic,synth_00275,,0.0,28.6139,77.209
105,34.9,43.1,68,70,2025-09-26 07:40:05+00:00,synthetic,synth_00276,,0.0,28.6139,77.209
99,36.5,37.2,18,18,2025-09-26 08:40:05+00:00,synthetic,synth_00277,,0.0,28.6139,77.209
106,36.0,38.2,45,45,2025-09-26 09:40:05+00:00,synthetic,synth_00278,,0.0,28.6139,77.209
112,36.7,39.5,37,37,2025-09-26 10:40:05+00:00,synthetic,synth_00279,,0.0,28.6139,77.209
108,34.8,41.3,31,36,2025-09-26 11:40:05+00:00,synthetic,synth_00280,,0.0,28.6139,77.209
101,35.3,39.5,42,42,2025-09-26 12:40:05+00:00,synthetic,synth_00281,,0.0,28.6139,77.209
102,33.7,45.6,5,5,2025-09-26 13:40:05+00:00,synthetic,synth_00282,,0.0,28.6139,77.209
101,33.7,44.1,41,46,2025-09-26 14:40:05+00:00,synthetic,synth_00283,,0.0,28.6139,77.209
102,32.7,48.2,29,29,2025-09-26 15:40:05+00:00,synthetic,synth_00284,,0.0,28.6139,77.209
106,29.3,52.8,31,32,2025-09-26 16:40:05+00:00,synthetic,synth_00285,,0.0,28.6139,77.209
107,30.9,48.0,44,45,2025-09-26 17:40:05+00:00,synthetic,synth_00286,,0.0,28.6139,77.209
111,28.8,54.8,47,51,2025-09-26 18:40:05+00:00,synthetic,synth_00287,,0.0,28.6139,77.209
112,29.3,52.3,74,77,2025-09-26 19:40:05+00:00,synthetic,synth_00288,,0.0,28.6139,77.209
113,26.5,54.4,13,18,2025-09-26 20:40:05+00:00,synthetic,synth_00289,,0.0,28.6139,77.209
110,27.9,56.5,30,32,2025-09-26 21:40:05+00:00,synthetic,synth_00290,,0.0,28.6139,77.209
111,28.4,55.7,34,38,2025-09-26 22:40:05+00:00,synthetic,synth_00291,,0.0,28.6139,77.209
105,27.9,56.0,5,5,2025-09-26 23:40:05+00:00,synthetic,synth_00292,,0.0,28.6139,77.209
106,30.9,51.0,62,62,2025-09-27 00:40:05+00:00,synthetic,synth_00293,,0.0,28.6139,77.209
99,31.1,47.8,19,21,2025-09-27 01:40:05+00:00,synthetic,synth_00294,,0.0,28.6139,77.209
95,30.8,50.1,62,62,2025-09-27 02:40:05+00:00,synthetic,synth_00295,,0.0,28.6139,77.209
90,31.2,46.8,24,25,2025-09-27 03:40:05+00:00,synthetic,synth_00296,,0.0,28.6139,77.209
83,33.0,42.3,43,43,2025-09-27 04:40:05+00:00,synthetic,synth_00297,,0.0,28.6139,77.209
86,32.6,45.9,54,59,2025-09-27 05:40:05+00:00,synthetic,synth_00298,,0.0,28.6139,77.209
89,33.9,40.8,22,22,2025-09-27 06:40:05+00:00,synthetic,synth_00299,,0.0,28.6139,77.209
100,34.6,38.5,25,25,2025-09-27 07:40:05+00:00,synthetic,synth_00300,,0.0,28.6139,77.209
102,34.6,42.9,42,44,2025-09-27 08:40:05+00:00,synthetic,synth_00301,,0.0,28.6139,77.209
108,36.1,37.2,44,45,2025-09-27 09:40:05+00:00,synthetic,synth_00302,,0.0,28.6139,77.209
103,35.3,39.4,16,16,2025-09-27 10:40:05+00:00,synthetic,synth_00303,,0.0,28.6139,77.209
98,34.8,43.3,41,43,2025-09-27 11:40:05+00:00,synthetic,synth_00304,,0.0,28.6139,77.209
96,35.9,39.4,35,37,2025-09-27 12:40:05+00:00,synthetic,synth_00305,,0.0,28.6139,77.209
87,34.2,41.6,32,32,2025-09-27 13:40:05+00:00,synthetic,synth_00306,,0.0,28.6139,77.209
84,33.5,41.8,38,38,2025-09-27 14:40:05+00:00,synthetic,synth_00307,,0.0,28.6139,77.209
88,31.9,49.8,32,36,2025-09-27 15:40:05+00:00,synthetic,synth_00308,,0.0,28.6139,77.209
93,32.1,45.6,21,22,2025-09-27 16:40:05+00:00,synthetic,synth_00309,,0.0,28.6139,77.209
94,31.3,45.5,56,56,2025-09-27 17:40:05+00:00,synthetic,synth_00310,,0.0,28.6139,77.209
100,28.9,52.3,51,53,2025-09-27 18:40:05+00:00,synthetic,synth_00311,,0.0,28.6139,77.209
98,30.1,53.2,46,47,2025-09-27 19:40:05+00:00,synthetic,synth_00312,,0.0,28.6139,77.209
91,28.6,55.6,9,9,2025-09-27 20:40:05+00:00,synthetic,synth_00313,,0.0,28.6139,77.209
91,27.4,56.4,34,36,2025-09-27 21:40:05+00:00,synthetic,synth_00314,,0.0,28.6139,77.209
93,27.6,54.9,32,32,2025-09-27 22:40:05+00:00,synthetic,synth_00315,,0.0,28.6139,77.209
91,29.5,51.9,66,68,2025-09-27 23:40:05+00:00,synthetic,synth_00316,,0.0,28.6139,77.209
95,28.9,53.5,32,32,2025-09-28 00:40:05+00:00,synthetic,synth_00317,,0.0,28.6139,77.209
87,31.2,52.3,35,38,2025-09-28 01:40:05+00:00,synthetic,synth_00318,,0.0,28.6139,77.209
80,29.6,49.7,17,17,2025-09-28 02:40:05+00:00,synthetic,synth_00319,,0.0,28.6139,77.209
73,31.0,49.1,50,50,2025-09-28 03:40:05+00:00,synthetic,synth_00320,,0.0,28.6139,77.209
67,33.4,46.9,11,13,2025-09-28 04:40:05+00:00,synthetic,synth_00321,,0.0,28.6139,77.209
72,35.8,36.5,25,28,2025-09-28 05:40:05+00:00,synthetic,synth_00322,,0.0,28.6139,77.209
83,34.8,40.3,32,33,2025-09-28 06:40:05+00:00,synthetic,synth_00323,,0.0,28.6139,77.209
90,35.3,39.5,30,30,2025-09-28 07:40:05+00:00,synthetic,synth_00324,,0.0,28.6139,77.209
87,35.5,38.9,52,58,2025-09-28 08:40:05+00:00,synthetic,synth_00325,,0.0,28.6139,77.209
83,38.2,36.3,89,95,2025-09-28 09:40:05+00:00,synthetic,synth_00326,,0.0,28.6139,77.209
88,36.6,37.8,42,44,2025-09-28 10:40:05+00:00,synthetic,synth_00327,,0.0,28.6139,77.209
86,36.6,33.0,56,60,2025-09-28 11:40:05+00:00,synthetic,synth_00328,,0.0,28.6139,77.209
85,35.8,40.5,18,20,2025-09-28 12:40:05+00:00,synthetic,synth_00329,,0.0,28.6139,77.209
80,33.0,44.9,5,6,2025-09-28 13:40:05+00:00,synthetic,synth_00330,,0.0,28.6139,77.209
84,33.0,45.4,43,46,2025-09-28 14:40:05+00:00,synthetic,synth_00331,,0.0,28.6139,77.209
89,32.9,46.9,44,44,2025-09-28 15:40:05+00:00,synthetic,synth_00332,,0.0,28.6139,77.209
89,30.3,49.0,13,13,2025-09-28 16:40:05+00:00,synthetic,synth_00333,,0.0,28.6139,77.209
84,30.3,48.5,37,41,2025-09-28 17:40:05+00:00,synthetic,synth_00334,,0.0,28.6139,77.209
82,28.3,51.6,18,18,2025-09-28 18:40:05+00:00,synthetic,synth_00335,,0.0,28.6139,77.209
86,28.3,50.7,5,5,2025-09-28 19:40:05+00:00,synthetic,synth_00336,,0.0,28.6139,77.209
94,25.0,59.5,16,18,2025-09-28 20:40:05+00:00,synthetic,synth_00337,,0.0,28.6139,77.209
95,28.4,51.8,26,29,2025-09-28 21:40:05+00:00,synthetic,synth_00338,,0.0,28.6139,77.209
98,29.6,52.1,87,87,2025-09-28 22:40:05+00:00,synthetic,synth_00339,,0.0,28.6139,77.209
93,27.7,55.0,20,24,2025-09-28 23:40:05+00:00,synthetic,synth_00340,,0.0,28.6139,77.209
94,28.6,53.5,36,36,2025-09-29 00:40:05+00:00,synthetic,synth_00341,,0.0,28.6139,77.209
92,28.3,52.0,24,27,2025-09-29 01:40:05+00:00,synthetic,synth_00342,,0.0,28.6139,77.209
94,31.4,47.7,38,40,2025-09-29 02:40:05+00:00,synthetic,synth_00343,,0.0,28.6139,77.209
96,29.2,51.0,29,32,2025-09-29 03:40:05+00:00,synthetic,synth_00344,,0.0,28.6139,77.209
100,33.3,45.0,55,57,2025-09-29 04:40:05+00:00,synthetic,synth_00345,,0.0,28.6139,77.209
102,34.0,42.2,59,63,2025-09-29 05:40:05+00:00,synthetic,synth_00346,,0.0,28.6139,77.209
97,33.0,41.0,5,5,2025-09-29 06:40:05+00:00,synthetic,synth_00347,,0.0,28.6139,77.209
99,36.1,39.6,65,65,2025-09-29 07:40:05+00:00,synthetic,synth_00348,,0.0,28.6139,77.209
108,36.2,36.2,29,33,2025-09-29 08:40:05+00:00,synthetic,synth_00349,,0.0,28.6139,77.209
110,34.8,42.2,14,19,2025-09-29 09:40:05+00:00,synthetic,synth_00350,,0.0,28.6139,77.209
104,35.9,40.0,45,47,2025-09-29 10:40:05+00:00,synthetic,synth_00351,,0.0,28.6139,77.209
102,35.7,37.6,15,15,2025-09-29 11:40:05+00:00,synthetic,synth_00352,,0.0,28.6139,77.209
88,36.9,38.1,27,27,2025-09-29 12:40:05+00:00,synthetic,synth_00353,,0.0,28.6139,77.209
89,33.5,45.6,44,48,2025-09-29 13:40:05+00:00,synthetic,synth_00354,,0.0,28.6139,77.209
92,33.9,43.8,30,30,2025-09-29 14:40:05+00:00,synthetic,synth_00355,,0.0,28.6139,77.209
94,31.9,44.8,64,67,2025-09-29 15:40:05+00:00,synthetic,synth_00356,,0.0,28.6139,77.209
97,31.1,50.8,30,30,2025-09-29 16:40:05+00:00,synthetic,synth_00357,,0.0,28.6139,77.209
99,29.3,53.6,5,5,2025-09-29 17:40:05+00:00,synthetic,synth_00358,,0.0,28.6139,77.209
97,28.7,52.0,28,30,2025-09-29 18:40:05+00:00,synthetic,synth_00359,,0.0,28.6139,77.209
96,29.2,54.2,45,45,2025-09-29 19:40:05+00:00,synthetic,synth_00360,,0.0,28.6139,77.209
96,27.4,55.7,14,14,2025-09-29 20:40:05+00:00,synthetic,synth_00361,,0.0,28.6139,77.209
97,27.3,59.4,27,29,2025-09-29 21:40:05+00:00,synthetic,synth_00362,,0.0,28.6139,77.209
106,27.8,54.1,36,41,2025-09-29 22:40:05+00:00,synthetic,synth_00363,,0.0,28.6139,77.209
95,27.8,55.1,60,65,2025-09-29 23:40:05+00:00,synthetic,synth_00364,,0.0,28.6139,77.209
90,30.8,47.1,42,42,2025-09-30 00:40:05+00:00,synthetic,synth_00365,,0.0,28.6139,77.209
93,29.1,53.0,41,42,2025-09-30 01:40:05+00:00,synthetic,synth_00366,,0.0,28.6139,77.209
97,29.1,52.0,16,16,2025-09-30 02:40:05+00:00,synthetic,synth_00367,,0.0,28.6139,77.209
95,30.5,50.3,37,37,2025-09-30 03:40:05+00:00,synthetic,synth_00368,,0.0,28.6139,77.209
94,32.4,45.7,48,49,2025-09-30 04:40:05+00:00,synthetic,synth_00369,,0.0,28.6139,77.209
94,33.9,41.9,17,22,2025-09-30 05:40:05+00:00,synthetic,synth_00370,,0.0,28.6139,77.209
103,32.6,46.3,20,23,2025-09-30 06:40:05+00:00,synthetic,synth_00371,,0.0,28.6139,77.209
97,34.6,42.9,50,50,2025-09-30 07:40:05+00:00,synthetic,synth_00372,,0.0,28.6139,77.209
100,36.1,39.7,57,57,2025-09-30 08:40:05+00:00,synthetic,synth_00373,,0.0,28.6139,77.209
110,35.2,37.7,40,44,2025-09-30 09:40:05+00:00,synthetic,synth_00374,,0.0,28.6139,77.209
107,35.3,40.4,60,64,2025-09-30 10:40:05+00:00,synthetic,synth_00375,,0.0,28.6139,77.209
107,33.1,43.9,31,32,2025-09-30 11:40:05+00:00,synthetic,synth_00376,,0.0,28.6139,77.209
107,35.1,41.8,7,8,2025-09-30 12:40:05+00:00,synthetic,synth_00377,,0.0,28.6139,77.209
100,34.5,40.6,30,32,2025-09-30 13:40:05+00:00,synthetic,synth_00378,,0.0,28.6139,77.209
94,33.4,41.2,16,17,2025-09-30 14:40:05+00:00,synthetic,synth_00379,,0.0,28.6139,77.209
88,33.0,42.6,16,18,2025-09-30 15:40:05+00:00,synthetic,synth_00380,,0.0,28.6139,77.209
95,30.6,51.4,36,39,2025-09-30 16:40:05+00:00,synthetic,synth_00381,,0.0,28.6139,77.209
99,29.2,52.4,20,25,2025-09-30 17:40:05+00:00,synthetic,synth_00382,,0.0,28.6139,77.209
105,29.6,48.9,6,7,2025-09-30 18:40:05+00:00,synthetic,synth_00383,,0.0,28.6139,77.209
114,30.6,50.8,102,110,2025-09-30 19:40:05+00:00,synthetic,synth_00384,,0.0,28.6139,77.209
110,29.2,54.0,76,80,2025-09-30 20:40:05+00:00,synthetic,synth_00385,,0.0,28.6139,77.209
111,27.2,53.7,29,32,2025-09-30 21:40:05+00:00,synthetic,synth_00386,,0.0,28.6139,77.209
110,28.7,55.1,65,67,2025-09-30 22:40:05+00:00,synthetic,synth_00387,,0.0,28.6139,77.209
110,28.4,53.9,47,49,2025-09-30 23:40:05+00:00,synthetic,synth_00388,,0.0,28.6139,77.209
110,29.5,51.8,49,50,2025-10-01 00:40:05+00:00,synthetic,synth_00389,,0.0,28.6139,77.209
108,30.2,49.4,35,41,2025-10-01 01:40:05+00:00,synthetic,synth_00390,,0.0,28.6139,77.209
103,30.7,47.8,25,27,2025-10-01 02:40:05+00:00,synthetic,synth_00391,,0.0,28.6139,77.209
103,32.0,46.3,8,8,2025-10-01 03:40:05+00:00,synthetic,synth_00392,,0.0,28.6139,77.209
94,31.9,44.3,33,39,2025-10-01 04:40:05+00:00,synthetic,synth_00393,,0.0,28.6139,77.209
93,33.9,40.6,57,64,2025-10-01 05:40:05+00:00,synthetic,synth_00394,,0.0,28.6139,77.209
96,34.4,42.2,28,33,2025-10-01 06:40:05+00:00,synthetic,synth_00395,,0.0,28.6139,77.209
98,34.2,41.6,5,5,2025-10-01 07:40:05+00:00,synthetic,synth_00396,,0.0,28.6139,77.209
104,35.7,37.7,34,34,2025-10-01 08:40:05+00:00,synthetic,synth_00397,,0.0,28.6139,77.209
110,34.8,39.5,51,52,2025-10-01 09:40:05+00:00,synthetic,synth_00398,,0.0,28.6139,77.209
108,34.4,38.9,11,11,2025-10-01 10:40:05+00:00,synthetic,synth_00399,,0.0,28.6139,77.209
101,35.2,39.7,47,52,2025-10-01 11:40:05+00:00,synthetic,synth_00400,,0.0,28.6139,77.209
93,36.1,36.9,53,60,2025-10-01 12:40:05+00:00,synthetic,synth_00401,,0.0,28.6139,77.209
88,34.7,41.2,16,17,2025-10-01 13:40:05+00:00,synthetic,synth_00402,,0.0,28.6139,77.209
91,33.6,44.7,5,5,2025-10-01 14:40:05+00:00,synthetic,synth_00403,,0.0,28.6139,77.209
87,33.0,44.7,46,47,2025-10-01 15:40:05+00:00,synthetic,synth_00404,,0.0,28.6139,77.209
93,30.7,48.0,14,14,2025-10-01 16:40:05+00:00,synthetic,synth_00405,,0.0,28.6139,77.209
97,30.2,47.6,59,65,2025-10-01 17:40:05+00:00,synthetic,synth_00406,,0.0,28.6139,77.209
95,29.2,52.7,47,49,2025-10-01 18:40:05+00:00,synthetic,synth_00407,,0.0,28.6139,77.209
96,27.5,53.4,20,20,2025-10-01 19:40:05+00:00,synthetic,synth_00408,,0.0,28.6139,77.209
102,28.3,54.9,66,71,2025-10-01 20:40:05+00:00,synthetic,synth_00409,,0.0,28.6139,77.209
102,28.7,51.4,55,60,2025-10-01 21:40:05+00:00,synthetic,synth_00410,,0.0,28.6139,77.209
99,28.6,53.0,41,49,2025-10-01 22:40:05+00:00,synthetic,synth_00411,,0.0,28.6139,77.209
96,27.9,55.0,5,9,2025-10-01 23:40:05+00:00,synthetic,synth_00412,,0.0,28.6139,77.209
91,28.7,56.4,54,54,2025-10-02 00:40:05+00:00,synthetic,synth_00413,,0.0,28.6139,77.209
90,29.7,51.4,48,48,2025-10-02 01:40:05+00:00,synthetic,synth_00414,,0.0,28.6139,77.209
92,29.8,52.8,12,14,2025-10-02 02:40:05+00:00,synthetic,synth_00415,,0.0,28.6139,77.209
92,32.1,46.7,29,33,2025-10-02 03:40:05+00:00,synthetic,synth_00416,,0.0,28.6139,77.209
92,31.4,45.7,35,39,2025-10-02 04:40:05+00:00,synthetic,synth_00417,,0.0,28.6139,77.209
89,33.4,43.8,8,8,2025-10-02 05:40:05+00:00,synthetic,synth_00418,,0.0,28.6139,77.209
93,34.7,37.4,39,39,2025-10-02 06:40:05+00:00,synthetic,synth_00419,,0.0,28.6139,77.209
99,36.9,37.9,97,103,2025-10-02 07:40:05+00:00,synthetic,synth_00420,,0.0,28.6139,77.209
105,37.7,33.7,51,51,2025-10-02 08:40:05+00:00,synthetic,synth_00421,,0.0,28.6139,77.209
109,35.1,39.1,25,28,2025-10-02 09:40:05+00:00,synthetic,synth_00422,,0.0,28.6139,77.209
102,35.3,37.6,36,37,2025-10-02 10:40:05+00:00,synthetic,synth_00423,,0.0,28.6139,77.209
110,34.6,40.4,52,59,2025-10-02 11:40:05+00:00,synthetic,synth_00424,,0.0,28.6139,77.209
98,35.7,38.8,5,5,2025-10-02 12:40:05+00:00,synthetic,synth_00425,,0.0,28.6139,77.209
85,34.5,43.1,24,26,2025-10-02 13:40:05+00:00,synthetic,synth_00426,,0.0,28.6139,77.209
84,32.6,44.4,29,33,2025-10-02 14:40:05+00:00,synthetic,synth_00427,,0.0,28.6139,77.209
91,32.2,43.4,26,27,2025-10-02 15:40:05+00:00,synthetic,synth_00428,,0.0,28.6139,77.209
105,32.0,47.8,16,21,2025-10-02 16:40:05+00:00,synthetic,synth_00429,,0.0,28.6139,77.209
107,30.4,52.0,49,49,2025-10-02 17:40:05+00:00,synthetic,synth_00430,,0.0,28.6139,77.209
102,28.6,52.9,37,37,2025-10-02 18:40:05+00:00,synthetic,synth_00431,,0.0,28.6139,77.209
104,29.4,47.9,35,38,2025-10-02 19:40:05+00:00,synthetic,synth_00432,,0.0,28.6139,77.209
109,26.3,58.2,25,25,2025-10-02 20:40:05+00:00,synthetic,synth_00433,,0.0,28.6139,77.209
105,27.3,51.8,38,43,2025-10-02 21:40:05+00:00,synthetic,synth_00434,,0.0,28.6139,77.209
106,27.3,55.1,18,20,2025-10-02 22:40:05+00:00,synthetic,synth_00435,,0.0,28.6139,77.209
101,28.7,55.6,39,43,2025-10-02 23:40:05+00:00,synthetic,synth_00436,,0.0,28.6139,77.209
101,29.8,50.1,70,75,2025-10-03 00:40:05+00:00,synthetic,synth_00437,,0.0,28.6139,77.209
98,29.7,51.7,26,27,2025-10-03 01:40:05+00:00,synthetic,synth_00438,,0.0,28.6139,77.209
104,31.2,50.3,51,55,2025-10-03 02:40:05+00:00,synthetic,synth_00439,,0.0,28.6139,77.209
108,30.7,47.5,28,28,2025-10-03 03:40:05+00:00,synthetic,synth_00440,,0.0,28.6139,77.209
103,32.0,47.2,5,8,2025-10-03 04:40:05+00:00,synthetic,synth_00441,,0.0,28.6139,77.209
104,33.5,45.3,50,55,2025-10-03 05:40:05+00:00,synthetic,synth_00442,,0.0,28.6139,77.209
105,33.7,41.5,50,50,2025-10-03 06:40:05+00:00,synthetic,synth_00443,,0.0,28.6139,77.209
108,35.3,37.0,15,17,2025-10-03 07:40:05+00:00,synthetic,synth_00444,,0.0,28.6139,77.209
107,36.2,37.5,44,44,2025-10-03 08:40:05+00:00,synthetic,synth_00445,,0.0,28.6139,77.209
110,35.3,38.5,11,11,2025-10-03 09:40:05+00:00,synthetic,synth_00446,,0.0,28.6139,77.209
106,36.5,38.5,53,53,2025-10-03 10:40:05+00:00,synthetic,synth_00447,,0.0,28.6139,77.209
106,35.0,40.3,48,50,2025-10-03 11:40:05+00:00,synthetic,synth_00448,,0.0,28.6139,77.209
103,36.6,36.0,67,74,2025-10-03 12:40:05+00:00,synthetic,synth_00449,,0.0,28.6139,77.209
101,36.4,40.3,57,63,2025-10-03 13:40:05+00:00,synthetic,synth_00450,,0.0,28.6139,77.209
99,33.0,47.1,30,35,2025-10-03 14:40:05+00:00,synthetic,synth_00451,,0.0,28.6139,77.209
100,31.9,42.2,12,15,2025-10-03 15:40:05+00:00,synthetic,synth_00452,,0.0,28.6139,77.209
98,32.9,44.0,32,38,2025-10-03 16:40:05+00:00,synthetic,synth_00453,,0.0,28.6139,77.209
109,31.1,50.7,34,34,2025-10-03 17:40:05+00:00,synthetic,synth_00454,,0.0,28.6139,77.209
114,30.6,48.8,82,84,2025-10-03 18:40:05+00:00,synthetic,synth_00455,,0.0,28.6139,77.209
111,30.1,52.1,47,50,2025-10-03 19:40:05+00:00,synthetic,synth_00456,,0.0,28.6139,77.209
110,26.3,57.3,50,50,2025-10-03 20:40:05+00:00,synthetic,synth_00457,,0.0,28.6139,77.209
109,29.3,54.6,31,32,2025-10-03 21:40:05+00:00,synthetic,synth_00458,,0.0,28.6139,77.209
106,27.9,53.0,23,26,2025-10-03 22:40:05+00:00,synthetic,synth_00459,,0.0,28.6139,77.209
107,28.7,51.6,23,26,2025-10-03 23:40:05+00:00,synthetic,synth_00460,,0.0,28.6139,77.209
101,28.6,53.0,43,43,2025-10-04 00:40:05+00:00,synthetic,synth_00461,,0.0,28.6139,77.209
96,28.5,52.0,5,5,2025-10-04 01:40:05+00:00,synthetic,synth_00462,,0.0,28.6139,77.209
92,31.5,46.7,36,36,2025-10-04 02:40:05+00:00,synthetic,synth_00463,,0.0,28.6139,77.209
88,30.8,46.4,22,24,2025-10-04 03:40:05+00:00,synthetic,synth_00464,,0.0,28.6139,77.209
90,32.0,44.4,21,21,2025-10-04 04:40:05+00:00,synthetic,synth_00465,,0.0,28.6139,77.209
92,32.5,44.9,5,5,2025-10-04 05:40:05+00:00,synthetic,synth_00466,,0.0,28.6139,77.209
94,33.9,38.9,14,14,2025-10-04 06:40:05+00:00,synthetic,synth_00467,,0.0,28.6139,77.209
99,34.8,39.3,33,33,2025-10-04 07:40:05+00:00,synthetic,synth_00468,,0.0,28.6139,77.209
108,36.5,38.7,55,55,2025-10-04 08:40:05+00:00,synthetic,synth_00469,,0.0,28.6139,77.209
105,36.2,36.0,53,61,2025-10-04 09:40:05+00:00,synthetic,synth_00470,,0.0,28.6139,77.209
106,36.6,36.6,27,27,2025-10-04 10:40:05+00:00,synthetic,synth_00471,,0.0,28.6139,77.209
106,35.2,39.3,41,46,2025-10-04 11:40:05+00:00,synthetic,synth_00472,,0.0,28.6139,77.209
108,35.2,37.4,42,42,2025-10-04 12:40:05+00:00,synthetic,synth_00473,,0.0,28.6139,77.209
100,33.2,41.8,11,11,2025-10-04 13:40:05+00:00,synthetic,synth_00474,,0.0,28.6139,77.209
93,32.7,45.7,54,55,2025-10-04 14:40:05+00:00,synthetic,synth_00475,,0.0,28.6139,77.209
88,33.2,44.5,24,26,2025-10-04 15:40:05+00:00,synthetic,synth_00476,,0.0,28.6139,77.209
85,31.9,46.6,39,39,2025-10-04 16:40:05+00:00,synthetic,synth_00477,,0.0,28.6139,77.209
90,30.2,51.3,44,45,2025-10-04 17:40:05+00:00,synthetic,synth_00478,,0.0,28.6139,77.209
93,28.1,52.3,16,16,2025-10-04 18:40:05+00:00,synthetic,synth_00479,,0.0,28.6139,77.209
86,27.2,55.6,5,5,2025-10-04 19:40:05+00:00,synthetic,synth_00480,,0.0,28.6139,77.209
87,28.5,54.9,57,57,2025-10-04 20:40:05+00:00,synthetic,synth_00481,,0.0,28.6139,77.209
91,28.5,60.4,24,29,2025-10-04 21:40:05+00:00,synthetic,synth_00482,,0.0,28.6139,77.209
90,28.1,53.7,34,37,2025-10-04 22:40:05+00:00,synthetic,synth_00483,,0.0,28.6139,77.209
84,28.3,52.3,42,48,2025-10-04 23:40:05+00:00,synthetic,synth_00484,,0.0,28.6139,77.209
83,28.4,55.0,39,45,2025-10-05 00:40:05+00:00,synthetic,synth_00485,,0.0,28.6139,77.209
83,30.0,53.0,37,41,2025-10-05 01:40:05+00:00,synthetic,synth_00486,,0.0,28.6139,77.209
83,30.6,49.6,27,29,2025-10-05 02:40:05+00:00,synthetic,synth_00487,,0.0,28.6139,77.209
90,32.8,44.8,46,51,2025-10-05 03:40:05+00:00,synthetic,synth_00488,,0.0,28.6139,77.209
93,32.8,45.2,53,55,2025-10-05 04:40:05+00:00,synthetic,synth_00489,,0.0,28.6139,77.209
96,33.9,42.0,26,26,2025-10-05 05:40:05+00:00,synthetic,synth_00490,,0.0,28.6139,77.209
95,33.0,39.9,5,5,2025-10-05 06:40:05+00:00,synthetic,synth_00491,,0.0,28.6139,77.209
99,35.1,44.0,67,69,2025-10-05 07:40:05+00:00,synthetic,synth_00492,,0.0,28.6139,77.209
105,34.5,39.7,13,13,2025-10-05 08:40:05+00:00,synthetic,synth_00493,,0.0,28.6139,77.209
109,36.1,37.2,24,26,2025-10-05 09:40:05+00:00,synthetic,synth_00494,,0.0,28.6139,77.209
96,34.7,44.3,35,36,2025-10-05 10:40:05+00:00,synthetic,synth_00495,,0.0,28.6139,77.209
98,35.6,39.1,19,23,2025-10-05 11:40:05+00:00,synthetic,synth_00496,,0.0,28.6139,77.209
96,33.7,41.3,38,40,2025-10-05 12:40:05+00:00,synthetic,synth_00497,,0.0,28.6139,77.209
87,36.6,39.9,77,80,2025-10-05 13:40:05+00:00,synthetic,synth_00498,,0.0,28.6139,77.209
82,33.5,41.3,32,33,2025-10-05 14:40:05+00:00,synthetic,synth_00499,,0.0,28.6139,77.209
76,31.5,50.0,12,12,2025-10-05 15:40:05+00:00,synthetic,synth_00500,,0.0,28.6139,77.209
82,31.4,46.0,5,5,2025-10-05 16:40:05+00:00,synthetic,synth_00501,,0.0,28.6139,77.209
81,29.1,53.1,5,5,2025-10-05 17:40:05+00:00,synthetic,synth_00502,,0.0,28.6139,77.209
85,30.6,48.9,38,44,2025-10-05 18:40:05+00:00,synthetic,synth_00503,,0.0,28.6139,77.209
82,28.6,53.7,18,19,2025-10-05 19:40:05+00:00,synthetic,synth_00504,,0.0,28.6139,77.209
76,28.2,51.9,15,16,2025-10-05 20:40:05+00:00,synthetic,synth_00505,,0.0,28.6139,77.209
80,27.2,55.6,34,36,2025-10-05 21:40:05+00:00,synthetic,synth_00506,,0.0,28.6139,77.209
81,28.7,49.8,39,40,2025-10-05 22:40:05+00:00,synthetic,synth_00507,,0.0,28.6139,77.209
85,27.7,54.3,51,52,2025-10-05 23:40:05+00:00,synthetic,synth_00508,,0.0,28.6139,77.209
96,28.0,54.2,11,11,2025-10-06 00:40:05+00:00,synthetic,synth_00509,,0.0,28.6139,77.209
97,29.4,50.5,20,22,2025-10-06 01:40:05+00:00,synthetic,synth_00510,,0.0,28.6139,77.209
104,30.8,50.1,30,36,2025-10-06 02:40:05+00:00,synthetic,synth_00511,,0.0,28.6139,77.209
102,31.7,51.0,70,74,2025-10-06 03:40:05+00:00,synthetic,synth_00512,,0.0,28.6139,77.209
101,33.5,43.6,21,21,2025-10-06 04:40:05+00:00,synthetic,synth_00513,,0.0,28.6139,77.209
100,33.7,45.3,30,33,2025-10-06 05:40:05+00:00,synthetic,synth_00514,,0.0,28.6139,77.209
94,34.8,42.1,43,48,2025-10-06 06:40:05+00:00,synthetic,synth_00515,,0.0,28.6139,77.209
103,35.4,41.0,43,48,2025-10-06 07:40:05+00:00,synthetic,synth_00516,,0.0,28.6139,77.209
113,35.5,40.5,53,57,2025-10-06 08:40:05+00:00,synthetic,synth_00517,,0.0,28.6139,77.209
114,34.1,40.5,5,5,2025-10-06 09:40:05+00:00,synthetic,synth_00518,,0.0,28.6139,77.209
112,35.8,37.6,49,56,2025-10-06 10:40:05+00:00,synthetic,synth_00519,,0.0,28.6139,77.209
105,35.7,38.1,24,27,2025-10-06 11:40:05+00:00,synthetic,synth_00520,,0.0,28.6139,77.209
93,35.6,39.2,57,60,2025-10-06 12:40:05+00:00,synthetic,synth_00521,,0.0,28.6139,77.209
86,34.9,42.2,63,63,2025-10-06 13:40:05+00:00,synthetic,synth_00522,,0.0,28.6139,77.209
90,33.9,39.0,27,27,2025-10-06 14:40:05+00:00,synthetic,synth_00523,,0.0,28.6139,77.209
94,31.9,45.6,41,41,2025-10-06 15:40:05+00:00,synthetic,synth_00524,,0.0,28.6139,77.209
99,28.6,52.0,22,22,2025-10-06 16:40:05+00:00,synthetic,synth_00525,,0.0,28.6139,77.209
96,31.4,48.4,32,35,2025-10-06 17:40:05+00:00,synthetic,synth_00526,,0.0,28.6139,77.209
99,28.0,50.7,20,21,2025-10-06 18:40:05+00:00,synthetic,synth_00527,,0.0,28.6139,77.209
101,27.6,55.8,20,23,2025-10-06 19:40:05+00:00,synthetic,synth_00528,,0.0,28.6139,77.209
99,26.6,55.8,25,26,2025-10-06 20:40:05+00:00,synthetic,synth_00529,,0.0,28.6139,77.209
104,27.2,55.5,42,48,2025-10-06 21:40:05+00:00,synthetic,synth_00530,,0.0,28.6139,77.209
98,29.1,55.9,48,53,2025-10-06 22:40:05+00:00,synthetic,synth_00531,,0.0,28.6139,77.209
108,26.7,53.2,30,30,2025-10-06 23:40:05+00:00,synthetic,synth_00532,,0.0,28.6139,77.209
103,29.2,53.0,45,50,2025-10-07 00:40:05+00:00,synthetic,synth_00533,,0.0,28.6139,77.209
97,28.7,54.0,24,26,2025-10-07 01:40:05+00:00,synthetic,synth_00534,,0.0,28.6139,77.209
101,31.4,49.7,15,20,2025-10-07 02:40:05+00:00,synthetic,synth_00535,,0.0,28.6139,77.209
93,30.7,49.8,16,19,2025-10-07 03:40:05+00:00,synthetic,synth_00536,,0.0,28.6139,77.209
100,33.2,42.8,44,50,2025-10-07 04:40:05+00:00,synthetic,synth_00537,,0.0,28.6139,77.209
103,33.2,40.4,31,38,2025-10-07 05:40:05+00:00,synthetic,synth_00538,,0.0,28.6139,77.209
98,35.4,37.7,39,44,2025-10-07 06:40:05+00:00,synthetic,synth_00539,,0.0,28.6139,77.209
101,35.1,43.5,89,95,2025-10-07 07:40:05+00:00,synthetic,synth_00540,,0.0,28.6139,77.209
107,35.5,35.8,27,29,2025-10-07 08:40:05+00:00,synthetic,synth_00541,,0.0,28.6139,77.209
111,36.7,37.9,54,55,2025-10-07 09:40:05+00:00,synthetic,synth_00542,,0.0,28.6139,77.209
113,36.3,38.7,62,69,2025-10-07 10:40:05+00:00,synthetic,synth_00543,,0.0,28.6139,77.209
111,35.7,39.4,77,83,2025-10-07 11:40:05+00:00,synthetic,synth_00544,,0.0,28.6139,77.209
104,35.3,40.6,14,19,2025-10-07 12:40:05+00:00,synthetic,synth_00545,,0.0,28.6139,77.209
105,34.3,42.8,34,36,2025-10-07 13:40:05+00:00,synthetic,synth_00546,,0.0,28.6139,77.209
93,32.4,48.6,47,48,2025-10-07 14:40:05+00:00,synthetic,synth_00547,,0.0,28.6139,77.209
91,33.3,39.5,34,36,2025-10-07 15:40:05+00:00,synthetic,synth_00548,,0.0,28.6139,77.209
90,32.2,44.1,6,9,2025-10-07 16:40:05+00:00,synthetic,synth_00549,,0.0,28.6139,77.209
96,30.0,48.2,21,24,2025-10-07 17:40:05+00:00,synthetic,synth_00550,,0.0,28.6139,77.209
102,31.0,48.9,37,40,2025-10-07 18:40:05+00:00,synthetic,synth_00551,,0.0,28.6139,77.209
113,27.9,54.7,19,19,2025-10-07 19:40:05+00:00,synthetic,synth_00552,,0.0,28.6139,77.209
115,29.4,51.5,77,83,2025-10-07 20:40:05+00:00,synthetic,synth_00553,,0.0,28.6139,77.209
116,28.1,53.4,44,49,2025-10-07 21:40:05+00:00,synthetic,synth_00554,,0.0,28.6139,77.209
115,28.6,53.5,17,17,2025-10-07 22:40:05+00:00,synthetic,synth_00555,,0.0,28.6139,77.209
105,28.7,56.2,36,36,2025-10-07 23:40:05+00:00,synthetic,synth_00556,,0.0,28.6139,77.209
99,28.6,56.6,56,62,2025-10-08 00:40:05+00:00,synthetic,synth_00557,,0.0,28.6139,77.209
101,29.1,51.4,35,36,2025-10-08 01:40:05+00:00,synthetic,synth_00558,,0.0,28.6139,77.209
97,30.5,45.6,34,34,2025-10-08 02:40:05+00:00,synthetic,synth_00559,,0.0,28.6139,77.209
92,29.3,48.3,5,5,2025-10-08 03:40:05+00:00,synthetic,synth_00560,,0.0,28.6139,77.209
91,33.0,44.7,35,35,2025-10-08 04:40:05+00:00,synthetic,synth_00561,,0.0,28.6139,77.209
99,33.0,43.5,68,69,2025-10-08 05:40:05+00:00,synthetic,synth_00562,,0.0,28.6139,77.209
103,36.0,40.3,22,26,2025-10-08 06:40:05+00:00,synthetic,synth_00563,,0.0,28.6139,77.209
109,34.2,41.6,31,32,2025-10-08 07:40:05+00:00,synthetic,synth_00564,,0.0,28.6139,77.209
104,35.2,39.3,30,30,2025-10-08 08:40:05+00:00,synthetic,synth_00565,,0.0,28.6139,77.209
108,38.5,33.9,69,74,2025-10-08 09:40:05+00:00,synthetic,synth_00566,,0.0,28.6139,77.209
108,36.2,33.7,40,42,2025-10-08 10:40:05+00:00,synthetic,synth_00567,,0.0,28.6139,77.209
103,35.9,39.0,85,86,2025-10-08 11:40:05+00:00,synthetic,synth_00568,,0.0,28.6139,77.209
97,35.6,39.5,24,24,2025-10-08 12:40:05+00:00,synthetic,synth_00569,,0.0,28.6139,77.209
93,34.5,42.1,22,26,2025-10-08 13:40:05+00:00,synthetic,synth_00570,,0.0,28.6139,77.209
94,34.3,44.6,61,67,2025-10-08 14:40:05+00:00,synthetic,synth_00571,,0.0,28.6139,77.209
97,34.2,43.9,34,34,2025-10-08 15:40:05+00:00,synthetic,synth_00572,,0.0,28.6139,77.209
93,31.5,46.6,39,45,2025-10-08 16:40:05+00:00,synthetic,synth_00573,,0.0,28.6139,77.209
100,29.6,49.1,11,11,2025-10-08 17:40:05+00:00,synthetic,synth_00574,,0.0,28.6139,77.209
101,28.7,51.4,5,5,2025-10-08 18:40:05+00:00,synthetic,synth_00575,,0.0,28.6139,77.209
108,28.5,51.2,39,46,2025-10-08 19:40:05+00:00,synthetic,synth_00576,,0.0,28.6139,77.209
108,28.8,51.2,56,59,2025-10-08 20:40:05+00:00,synthetic,synth_00577,,0.0,28.6139,77.209
104,27.8,54.6,32,32,2025-10-08 21:40:05+00:00,synthetic,synth_00578,,0.0,28.6139,77.209
100,28.2,49.7,17,21,2025-10-08 22:40:05+00:00,synthetic,synth_00579,,0.0,28.6139,77.209
99,26.8,55.1,5,5,2025-10-08 23:40:05+00:00,synthetic,synth_00580,,0.0,28.6139,77.209
105,28.4,51.2,48,50,2025-10-09 00:40:05+00:00,synthetic,synth_00581,,0.0,28.6139,77.209
104,29.8,53.9,29,29,2025-10-09 01:40:05+00:00,synthetic,synth_00582,,0.0,28.6139,77.209
101,31.4,46.5,29,30,2025-10-09 02:40:05+00:00,synthetic,synth_00583,,0.0,28.6139,77.209
97,31.2,47.1,10,10,2025-10-09 03:40:05+00:00,synthetic,synth_00584,,0.0,28.6139,77.209
102,33.7,39.8,22,24,2025-10-09 04:40:05+00:00,synthetic,synth_00585,,0.0,28.6139,77.209
98,34.9,37.3,46,46,2025-10-09 05:40:05+00:00,synthetic,synth_00586,,0.0,28.6139,77.209
96,34.7,39.8,64,73,2025-10-09 06:40:05+00:00,synthetic,synth_00587,,0.0,28.6139,77.209
93,36.0,41.2,11,11,2025-10-09 07:40:05+00:00,synthetic,synth_00588,,0.0,28.6139,77.209
107,37.0,36.1,68,71,2025-10-09 08:40:05+00:00,synthetic,synth_00589,,0.0,28.6139,77.209
110,37.3,34.9,74,78,2025-10-09 09:40:05+00:00,synthetic,synth_00590,,0.0,28.6139,77.209
111,35.6,39.9,64,64,2025-10-09 10:40:05+00:00,synthetic,synth_00591,,0.0,28.6139,77.209
107,35.1,41.3,88,93,2025-10-09 11:40:05+00:00,synthetic,synth_00592,,0.0,28.6139,77.209
102,34.6,39.2,5,5,2025-10-09 12:40:05+00:00,synthetic,synth_00593,,0.0,28.6139,77.209
103,34.4,43.5,37,41,2025-10-09 13:40:05+00:00,synthetic,synth_00594,,0.0,28.6139,77.209
99,34.2,43.2,53,57,2025-10-09 14:40:05+00:00,synthetic,synth_00595,,0.0,28.6139,77.209
95,31.3,45.5,32,36,2025-10-09 15:40:05+00:00,synthetic,synth_00596,,0.0,28.6139,77.209
104,30.7,46.0,10,10,2025-10-09 16:40:05+00:00,synthetic,synth_00597,,0.0,28.6139,77.209
110,31.0,49.5,42,42,2025-10-09 17:40:05+00:00,synthetic,synth_00598,,0.0,28.6139,77.209
115,29.0,54.6,63,65,2025-10-09 18:40:05+00:00,synthetic,synth_00599,,0.0,28.6139,77.209
110,30.1,50.2,28,28,2025-10-09 19:40:05+00:00,synthetic,synth_00600,,0.0,28.6139,77.209
105,27.5,55.1,57,60,2025-10-09 20:40:05+00:00,synthetic,synth_00601,,0.0,28.6139,77.209
104,28.7,54.6,39,40,2025-10-09 21:40:05+00:00,synthetic,synth_00602,,0.0,28.6139,77.209
108,27.2,56.9,45,47,2025-10-09 22:40:05+00:00,synthetic,synth_00603,,0.0,28.6139,77.209
113,27.1,56.7,13,13,2025-10-09 23:40:05+00:00,synthetic,synth_00604,,0.0,28.6139,77.209
111,28.4,54.6,28,29,2025-10-10 00:40:05+00:00,synthetic,synth_00605,,0.0,28.6139,77.209
105,29.7,52.0,41,42,2025-10-10 01:40:05+00:00,synthetic,synth_00606,,0.0,28.6139,77.209
98,29.8,48.7,35,37,2025-10-10 02:40:05+00:00,synthetic,synth_00607,,0.0,28.6139,77.209
100,31.7,47.7,28,28,2025-10-10 03:40:05+00:00,synthetic,synth_00608,,0.0,28.6139,77.209
100,32.8,41.5,43,52,2025-10-10 04:40:05+00:00,synthetic,synth_00609,,0.0,28.6139,77.209
98,33.6,43.4,26,26,2025-10-10 05:40:05+00:00,synthetic,synth_00610,,0.0,28.6139,77.209
103,34.6,42.0,52,56,2025-10-10 06:40:05+00:00,synthetic,synth_00611,,0.0,28.6139,77.209
100,35.5,40.0,51,53,2025-10-10 07:40:05+00:00,synthetic,synth_00612,,0.0,28.6139,77.209
109,34.7,40.2,37,42,2025-10-10 08:40:05+00:00,synthetic,synth_00613,,0.0,28.6139,77.209
112,37.6,35.5,29,29,2025-10-10 09:40:05+00:00,synthetic,synth_00614,,0.0,28.6139,77.209
112,37.3,38.3,59,60,2025-10-10 10:40:05+00:00,synthetic,synth_00615,,0.0,28.6139,77.209
104,36.5,37.4,48,54,2025-10-10 11:40:05+00:00,synthetic,synth_00616,,0.0,28.6139,77.209
97,34.5,41.5,15,19,2025-10-10 12:40:05+00:00,synthetic,synth_00617,,0.0,28.6139,77.209
97,33.0,42.0,36,36,2025-10-10 13:40:05+00:00,synthetic,synth_00618,,0.0,28.6139,77.209
100,36.0,42.8,30,31,2025-10-10 14:40:05+00:00,synthetic,synth_00619,,0.0,28.6139,77.209
103,31.7,44.8,66,71,2025-10-10 15:40:05+00:00,synthetic,synth_00620,,0.0,28.6139,77.209
104,30.7,45.5,62,62,2025-10-10 16:40:05+00:00,synthetic,synth_00621,,0.0,28.6139,77.209
97,31.0,48.5,34,36,2025-10-10 17:40:05+00:00,synthetic,synth_00622,,0.0,28.6139,77.209
99,28.1,54.2,10,10,2025-10-10 18:40:05+00:00,synthetic,synth_00623,,0.0,28.6139,77.209
98,26.7,56.9,37,37,2025-10-10 19:40:05+00:00,synthetic,synth_00624,,0.0,28.6139,77.209
98,29.4,51.3,37,37,2025-10-10 20:40:05+00:00,synthetic,synth_00625,,0.0,28.6139,77.209
100,29.1,53.4,76,79,2025-10-10 21:40:05+00:00,synthetic,synth_00626,,0.0,28.6139,77.209
97,28.5,53.9,45,51,2025-10-10 22:40:05+00:00,synthetic,synth_00627,,0.0,28.6139,77.209
100,28.9,51.6,21,21,2025-10-10 23:40:05+00:00,synthetic,synth_00628,,0.0,28.6139,77.209
90,27.5,53.3,30,32,2025-10-11 00:40:05+00:00,synthetic,synth_00629,,0.0,28.6139,77.209
88,28.6,50.9,27,27,2025-10-11 01:40:05+00:00,synthetic,synth_00630,,0.0,28.6139,77.209
88,30.3,51.6,16,16,2025-10-11 02:40:05+00:00,synthetic,synth_00631,,0.0,28.6139,77.209
89,31.5,46.8,26,27,2025-10-11 03:40:05+00:00,synthetic,synth_00632,,0.0,28.6139,77.209
84,31.0,44.9,5,5,2025-10-11 04:40:05+00:00,synthetic,synth_00633,,0.0,28.6139,77.209
82,33.9,39.6,43,47,2025-10-11 05:40:05+00:00,synthetic,synth_00634,,0.0,28.6139,77.209
82,34.0,42.8,30,30,2025-10-11 06:40:05+00:00,synthetic,synth_00635,,0.0,28.6139,77.209
85,34.8,38.7,26,28,2025-10-11 07:40:05+00:00,synthetic,synth_00636,,0.0,28.6139,77.209
91,35.2,42.1,29,31,2025-10-11 08:40:05+00:00,synthetic,synth_00637,,0.0,28.6139,77.209
99,36.0,37.9,49,49,2025-10-11 09:40:05+00:00,synthetic,synth_00638,,0.0,28.6139,77.209
93,36.7,37.6,20,20,2025-10-11 10:40:05+00:00,synthetic,synth_00639,,0.0,28.6139,77.209
88,36.1,35.7,26,29,2025-10-11 11:40:05+00:00,synthetic,synth_00640,,0.0,28.6139,77.209
91,34.6,38.4,21,23,2025-10-11 12:40:05+00:00,synthetic,synth_00641,,0.0,28.6139,77.209
93,33.4,42.7,5,6,2025-10-11 13:40:05+00:00,synthetic,synth_00642,,0.0,28.6139,77.209
87,32.8,43.3,27,27,2025-10-11 14:40:05+00:00,synthetic,synth_00643,,0.0,28.6139,77.209
86,32.2,48.5,16,19,2025-10-11 15:40:05+00:00,synthetic,synth_00644,,0.0,28.6139,77.209
82,30.4,47.1,28,33,2025-10-11 16:40:05+00:00,synthetic,synth_00645,,0.0,28.6139,77.209
90,29.0,51.9,37,39,2025-10-11 17:40:05+00:00,synthetic,synth_00646,,0.0,28.6139,77.209
85,28.9,53.0,5,5,2025-10-11 18:40:05+00:00,synthetic,synth_00647,,0.0,28.6139,77.209
90,29.6,52.8,43,43,2025-10-11 19:40:05+00:00,synthetic,synth_00648,,0.0,28.6139,77.209
90,29.8,52.8,52,56,2025-10-11 20:40:05+00:00,synthetic,synth_00649,,0.0,28.6139,77.209
89,29.3,50.4,37,37,2025-10-11 21:40:05+00:00,synthetic,synth_00650,,0.0,28.6139,77.209
95,27.8,52.7,5,5,2025-10-11 22:40:05+00:00,synthetic,synth_00651,,0.0,28.6139,77.209
97,26.6,56.3,17,19,2025-10-11 23:40:05+00:00,synthetic,synth_00652,,0.0,28.6139,77.209
98,30.4,50.2,31,31,2025-10-12 00:40:05+00:00,synthetic,synth_00653,,0.0,28.6139,77.209
94,30.3,50.6,20,22,2025-10-12 01:40:05+00:00,synthetic,synth_00654,,0.0,28.6139,77.209
94,32.0,48.7,62,66,2025-10-12 02:40:05+00:00,synthetic,synth_00655,,0.0,28.6139,77.209
96,30.7,46.9,10,13,2025-10-12 03:40:05+00:00,synthetic,synth_00656,,0.0,28.6139,77.209
91,31.2,48.2,5,5,2025-10-12 04:40:05+00:00,synthetic,synth_00657,,0.0,28.6139,77.209
89,33.5,41.4,17,19,2025-10-12 05:40:05+00:00,synthetic,synth_00658,,0.0,28.6139,77.209
88,34.1,41.4,24,25,2025-10-12 06:40:05+00:00,synthetic,synth_00659,,0.0,28.6139,77.209
89,36.1,40.6,64,68,2025-10-12 07:40:05+00:00,synthetic,synth_00660,,0.0,28.6139,77.209
95,36.5,38.8,5,5,2025-10-12 08:40:05+00:00,synthetic,synth_00661,,0.0,28.6139,77.209
98,36.2,38.4,38,44,2025-10-12 09:40:05+00:00,synthetic,synth_00662,,0.0,28.6139,77.209
99,36.5,39.7,29,29,2025-10-12 10:40:05+00:00,synthetic,synth_00663,,0.0,28.6139,77.209
96,35.1,38.2,5,5,2025-10-12 11:40:05+00:00,synthetic,synth_00664,,0.0,28.6139,77.209
85,33.1,45.0,10,10,2025-10-12 12:40:05+00:00,synthetic,synth_00665,,0.0,28.6139,77.209
75,35.5,40.2,16,16,2025-10-12 13:40:05+00:00,synthetic,synth_00666,,0.0,28.6139,77.209
78,32.3,46.8,22,22,2025-10-12 14:40:05+00:00,synthetic,synth_00667,,0.0,28.6139,77.209
78,32.6,43.2,35,38,2025-10-12 15:40:05+00:00,synthetic,synth_00668,,0.0,28.6139,77.209
82,30.5,50.1,14,14,2025-10-12 16:40:05+00:00,synthetic,synth_00669,,0.0,28.6139,77.209
95,28.0,54.7,5,5,2025-10-12 17:40:05+00:00,synthetic,synth_00670,,0.0,28.6139,77.209
93,30.6,50.7,31,31,2025-10-12 18:40:05+00:00,synthetic,synth_00671,,0.0,28.6139,77.209
90,26.7,57.0,5,5,2025-10-12 19:40:05+00:00,synthetic,synth_00672,,0.0,28.6139,77.209
92,28.0,55.3,10,12,2025-10-12 20:40:05+00:00,synthetic,synth_00673,,0.0,28.6139,77.209
96,28.3,58.4,23,25,2025-10-12 21:40:05+00:00,synthetic,synth_00674,,0.0,28.6139,77.209
91,28.5,54.0,30,32,2025-10-12 22:40:05+00:00,synthetic,synth_00675,,0.0,28.6139,77.209
97,29.3,51.8,46,49,2025-10-12 23:40:05+00:00,synthetic,synth_00676,,0.0,28.6139,77.209
93,28.2,53.1,39,42,2025-10-13 00:40:05+00:00,synthetic,synth_00677,,0.0,28.6139,77.209
89,30.6,48.7,44,46,2025-10-13 01:40:05+00:00,synthetic,synth_00678,,0.0,28.6139,77.209
89,30.3,46.4,32,33,2025-10-13 02:40:05+00:00,synthetic,synth_00679,,0.0,28.6139,77.209
94,32.7,41.6,27,27,2025-10-13 03:40:05+00:00,synthetic,synth_00680,,0.0,28.6139,77.209
98,33.6,42.7,30,36,2025-10-13 04:40:05+00:00,synthetic,synth_00681,,0.0,28.6139,77.209
98,34.8,39.4,42,42,2025-10-13 05:40:05+00:00,synthetic,synth_00682,,0.0,28.6139,77.209
99,33.2,42.4,43,46,2025-10-13 06:40:05+00:00,synthetic,synth_00683,,0.0,28.6139,77.209
102,35.1,42.7,38,40,2025-10-13 07:40:05+00:00,synthetic,synth_00684,,0.0,28.6139,77.209
110,36.6,34.3,32,32,2025-10-13 08:40:05+00:00,synthetic,synth_00685,,0.0,28.6139,77.209
110,34.7,38.2,5,5,2025-10-13 09:40:05+00:00,synthetic,synth_00686,,0.0,28.6139,77.209
111,36.2,36.3,39,46,2025-10-13 10:40:05+00:00,synthetic,synth_00687,,0.0,28.6139,77.209
104,36.1,39.2,73,80,2025-10-13 11:40:05+00:00,synthetic,synth_00688,,0.0,28.6139,77.209
99,34.8,41.2,31,32,2025-10-13 12:40:05+00:00,synthetic,synth_00689,,0.0,28.6139,77.209
99,35.3,41.4,58,58,2025-10-13 13:40:05+00:00,synthetic,synth_00690,,0.0,28.6139,77.209
99,32.8,45.1,32,36,2025-10-13 14:40:05+00:00,synthetic,synth_00691,,0.0,28.6139,77.209
99,32.8,44.2,23,23,2025-10-13 15:40:05+00:00,synthetic,synth_00692,,0.0,28.6139,77.209
97,31.3,48.7,34,34,2025-10-13 16:40:05+00:00,synthetic,synth_00693,,0.0,28.6139,77.209
98,30.3,49.7,54,54,2025-10-13 17:40:05+00:00,synthetic,synth_00694,,0.0,28.6139,77.209
95,28.9,50.9,29,32,2025-10-13 18:40:05+00:00,synthetic,synth_00695,,0.0,28.6139,77.209
99,30.3,49.6,42,43,2025-10-13 19:40:05+00:00,synthetic,synth_00696,,0.0,28.6139,77.209
98,27.5,55.6,34,34,2025-10-13 20:40:05+00:00,synthetic,synth_00697,,0.0,28.6139,77.209
98,28.2,54.4,39,39,2025-10-13 21:40:05+00:00,synthetic,synth_00698,,0.0,28.6139,77.209
89,28.7,50.2,7,10,2025-10-13 22:40:05+00:00,synthetic,synth_00699,,0.0,28.6139,77.209
93,27.0,54.1,12,12,2025-10-13 23:40:05+00:00,synthetic,synth_00700,,0.0,28.6139,77.209
97,26.8,53.0,5,5,2025-10-14 00:40:05+00:00,synthetic,synth_00701,,0.0,28.6139,77.209
100,28.8,52.7,8,8,2025-10-14 01:40:05+00:00,synthetic,synth_00702,,0.0,28.6139,77.209
100,27.7,55.1,5,5,2025-10-14 02:40:05+00:00,synthetic,synth_00703,,0.0,28.6139,77.209
93,33.4,44.9,44,46,2025-10-14 03:40:05+00:00,synthetic,synth_00704,,0.0,28.6139,77.209
88,32.7,46.6,49,49,2025-10-14 04:40:05+00:00,synthetic,synth_00705,,0.0,28.6139,77.209
97,34.7,40.9,18,22,2025-10-14 05:40:05+00:00,synthetic,synth_00706,,0.0,28.6139,77.209
97,34.8,38.5,49,57,2025-10-14 06:40:05+00:00,synthetic,synth_00707,,0.0,28.6139,77.209
103,36.1,38.7,36,36,2025-10-14 07:40:05+00:00,synthetic,synth_00708,,0.0,28.6139,77.209
107,35.4,42.5,56,56,2025-10-14 08:40:05+00:00,synthetic,synth_00709,,0.0,28.6139,77.209
112,36.4,37.0,33,36,2025-10-14 09:40:05+00:00,synthetic,synth_00710,,0.0,28.6139,77.209
111,34.0,42.7,5,5,2025-10-14 10:40:05+00:00,synthetic,synth_00711,,0.0,28.6139,77.209
101,33.3,42.7,11,11,2025-10-14 11:40:05+00:00,synthetic,synth_00712,,0.0,28.6139,77.209
97,36.9,34.5,47,52,2025-10-14 12:40:05+00:00,synthetic,synth_00713,,0.0,28.6139,77.209
92,33.9,43.0,43,46,2025-10-14 13:40:05+00:00,synthetic,synth_00714,,0.0,28.6139,77.209
95,31.8,45.9,30,30,2025-10-14 14:40:05+00:00,synthetic,synth_00715,,0.0,28.6139,77.209
91,31.5,46.0,32,32,2025-10-14 15:40:05+00:00,synthetic,synth_00716,,0.0,28.6139,77.209
90,30.4,47.0,42,47,2025-10-14 16:40:05+00:00,synthetic,synth_00717,,0.0,28.6139,77.209
94,30.1,47.0,27,29,2025-10-14 17:40:05+00:00,synthetic,synth_00718,,0.0,28.6139,77.209
97,28.8,55.1,53,54,2025-10-14 18:40:05+00:00,synthetic,synth_00719,,0.0,28.6139,77.209
101,29.6,49.4,30,34,2025-10-14 19:40:05+00:00,synthetic,synth_00720,,0.0,28.6139,77.209
100,30.0,50.5,56,56,2025-10-14 20:40:05+00:00,synthetic,synth_00721,,0.0,28.6139,77.209
104,28.4,52.6,32,36,2025-10-14 21:40:05+00:00,synthetic,synth_00722,,0.0,28.6139,77.209
94,28.6,53.4,36,40,2025-10-14 22:40:05+00:00,synthetic,synth_00723,,0.0,28.6139,77.209
94,28.3,51.2,29,29,2025-10-14 23:40:05+00:00,synthetic,synth_00724,,0.0,28.6139,77.209
87,28.7,50.2,34,37,2025-10-15 00:40:05+00:00,synthetic,synth_00725,,0.0,28.6139,77.209
90,30.0,51.5,26,26,2025-10-15 01:40:05+00:00,synthetic,synth_00726,,0.0,28.6139,77.209
93,30.6,53.4,52,54,2025-10-15 02:40:05+00:00,synthetic,synth_00727,,0.0,28.6139,77.209
91,30.2,49.0,30,32,2025-10-15 03:40:05+00:00,synthetic,synth_00728,,0.0,28.6139,77.209
97,30.9,52.2,46,46,2025-10-15 04:40:05+00:00,synthetic,synth_00729,,0.0,28.6139,77.209
98,33.1,44.5,34,35,2025-10-15 05:40:05+00:00,synthetic,synth_00730,,0.0,28.6139,77.209
97,34.0,42.7,8,10,2025-10-15 06:40:05+00:00,synthetic,synth_00731,,0.0,28.6139,77.209
102,35.7,36.6,21,21,2025-10-15 07:40:05+00:00,synthetic,synth_00732,,0.0,28.6139,77.209
110,36.5,39.8,51,55,2025-10-15 08:40:05+00:00,synthetic,synth_00733,,0.0,28.6139,77.209
110,36.2,37.8,57,62,2025-10-15 09:40:05+00:00,synthetic,synth_00734,,0.0,28.6139,77.209
105,34.9,36.1,37,41,2025-10-15 10:40:05+00:00,synthetic,synth_00735,,0.0,28.6139,77.209
103,34.4,36.7,6,6,2025-10-15 11:40:05+00:00,synthetic,synth_00736,,0.0,28.6139,77.209
105,34.6,39.6,57,57,2025-10-15 12:40:05+00:00,synthetic,synth_00737,,0.0,28.6139,77.209
101,32.5,41.1,28,28,2025-10-15 13:40:05+00:00,synthetic,synth_00738,,0.0,28.6139,77.209
96,34.6,41.3,45,49,2025-10-15 14:40:05+00:00,synthetic,synth_00739,,0.0,28.6139,77.209
91,32.8,46.1,26,26,2025-10-15 15:40:05+00:00,synthetic,synth_00740,,0.0,28.6139,77.209
91,31.7,49.8,30,30,2025-10-15 16:40:05+00:00,synthetic,synth_00741,,0.0,28.6139,77.209
100,31.4,48.4,35,35,2025-10-15 17:40:05+00:00,synthetic,synth_00742,,0.0,28.6139,77.209
97,30.7,52.8,50,55,2025-10-15 18:40:05+00:00,synthetic,synth_00743,,0.0,28.6139,77.209
98,28.8,52.9,12,13,2025-10-15 19:40:05+00:00,synthetic,synth_00744,,0.0,28.6139,77.209
102,29.8,52.6,64,68,2025-10-15 20:40:05+00:00,synthetic,synth_00745,,0.0,28.6139,77.209
100,27.1,58.3,43,45,2025-10-15 21:40:05+00:00,synthetic,synth_00746,,0.0,28.6139,77.209
97,28.2,51.6,47,48,2025-10-15 22:40:05+00:00,synthetic,synth_00747,,0.0,28.6139,77.209
101,28.6,51.6,33,33,2025-10-15 23:40:05+00:00,synthetic,synth_00748,,0.0,28.6139,77.209
104,28.9,55.3,57,57,2025-10-16 00:40:05+00:00,synthetic,synth_00749,,0.0,28.6139,77.209
98,27.7,54.8,6,7,2025-10-16 01:40:05+00:00,synthetic,synth_00750,,0.0,28.6139,77.209
100,31.2,48.1,34,39,2025-10-16 02:40:05+00:00,synthetic,synth_00751,,0.0,28.6139,77.209
96,31.0,46.3,14,15,2025-10-16 03:40:05+00:00,synthetic,synth_00752,,0.0,28.6139,77.209
98,31.8,48.1,19,24,2025-10-16 04:40:05+00:00,synthetic,synth_00753,,0.0,28.6139,77.209
103,33.0,46.3,57,58,2025-10-16 05:40:05+00:00,synthetic,synth_00754,,0.0,28.6139,77.209
104,35.3,38.8,58,59,2025-10-16 06:40:05+00:00,synthetic,synth_00755,,0.0,28.6139,77.209
106,34.9,41.8,25,32,2025-10-16 07:40:05+00:00,synthetic,synth_00756,,0.0,28.6139,77.209
101,35.7,39.7,23,23,2025-10-16 08:40:05+00:00,synthetic,synth_00757,,0.0,28.6139,77.209
106,37.0,38.0,36,36,2025-10-16 09:40:05+00:00,synthetic,synth_00758,,0.0,28.6139,77.209
105,34.9,41.0,28,30,2025-10-16 10:40:05+00:00,synthetic,synth_00759,,0.0,28.6139,77.209
98,35.6,40.5,71,72,2025-10-16 11:40:05+00:00,synthetic,synth_00760,,0.0,28.6139,77.209
99,35.7,38.6,8,8,2025-10-16 12:40:05+00:00,synthetic,synth_00761,,0.0,28.6139,77.209
100,33.3,43.0,18,23,2025-10-16 13:40:05+00:00,synthetic,synth_00762,,0.0,28.6139,77.209
96,33.8,41.6,50,54,2025-10-16 14:40:05+00:00,synthetic,synth_00763,,0.0,28.6139,77.209
95,33.7,45.5,53,53,2025-10-16 15:40:05+00:00,synthetic,synth_00764,,0.0,28.6139,77.209
95,31.8,43.3,38,40,2025-10-16 16:40:05+00:00,synthetic,synth_00765,,0.0,28.6139,77.209
97,31.2,51.1,57,62,2025-10-16 17:40:05+00:00,synthetic,synth_00766,,0.0,28.6139,77.209
107,29.0,52.6,61,65,2025-10-16 18:40:05+00:00,synthetic,synth_00767,,0.0,28.6139,77.209
111,28.3,49.8,30,30,2025-10-16 19:40:05+00:00,synthetic,synth_00768,,0.0,28.6139,77.209
109,29.0,47.5,33,35,2025-10-16 20:40:05+00:00,synthetic,synth_00769,,0.0,28.6139,77.209
105,28.0,56.7,71,78,2025-10-16 21:40:05+00:00,synthetic,synth_00770,,0.0,28.6139,77.209
101,28.6,53.7,13,13,2025-10-16 22:40:05+00:00,synthetic,synth_00771,,0.0,28.6139,77.209
103,28.1,49.6,56,56,2025-10-16 23:40:05+00:00,synthetic,synth_00772,,0.0,28.6139,77.209
93,28.3,52.6,5,5,2025-10-17 00:40:05+00:00,synthetic,synth_00773,,0.0,28.6139,77.209
97,29.2,52.7,57,59,2025-10-17 01:40:05+00:00,synthetic,synth_00774,,0.0,28.6139,77.209
95,30.9,50.1,48,56,2025-10-17 02:40:05+00:00,synthetic,synth_00775,,0.0,28.6139,77.209
94,31.3,45.8,22,22,2025-10-17 03:40:05+00:00,synthetic,synth_00776,,0.0,28.6139,77.209
93,33.0,44.0,20,26,2025-10-17 04:40:05+00:00,synthetic,synth_00777,,0.0,28.6139,77.209
91,34.2,39.4,35,35,2025-10-17 05:40:05+00:00,synthetic,synth_00778,,0.0,28.6139,77.209
98,34.6,42.6,19,20,2025-10-17 06:40:05+00:00,synthetic,synth_00779,,0.0,28.6139,77.209
101,36.2,36.7,19,22,2025-10-17 07:40:05+00:00,synthetic,synth_00780,,0.0,28.6139,77.209
101,34.0,40.8,16,17,2025-10-17 08:40:05+00:00,synthetic,synth_00781,,0.0,28.6139,77.209
108,36.0,38.4,50,56,2025-10-17 09:40:05+00:00,synthetic,synth_00782,,0.0,28.6139,77.209
107,34.8,37.9,32,35,2025-10-17 10:40:05+00:00,synthetic,synth_00783,,0.0,28.6139,77.209
106,36.7,36.3,39,41,2025-10-17 11:40:05+00:00,synthetic,synth_00784,,0.0,28.6139,77.209
99,35.6,40.2,46,48,2025-10-17 12:40:05+00:00,synthetic,synth_00785,,0.0,28.6139,77.209
106,35.4,40.7,65,69,2025-10-17 13:40:05+00:00,synthetic,synth_00786,,0.0,28.6139,77.209
102,33.1,38.6,32,32,2025-10-17 14:40:05+00:00,synthetic,synth_00787,,0.0,28.6139,77.209
107,31.3,47.6,32,35,2025-10-17 15:40:05+00:00,synthetic,synth_00788,,0.0,28.6139,77.209
107,31.0,48.9,49,53,2025-10-17 16:40:05+00:00,synthetic,synth_00789,,0.0,28.6139,77.209
109,30.5,50.5,55,56,2025-10-17 17:40:05+00:00,synthetic,synth_00790,,0.0,28.6139,77.209
109,28.1,53.6,22,22,2025-10-17 18:40:05+00:00,synthetic,synth_00791,,0.0,28.6139,77.209
108,28.0,54.6,22,27,2025-10-17 19:40:05+00:00,synthetic,synth_00792,,0.0,28.6139,77.209
105,27.4,57.0,53,56,2025-10-17 20:40:05+00:00,synthetic,synth_00793,,0.0,28.6139,77.209
100,27.0,55.9,44,48,2025-10-17 21:40:05+00:00,synthetic,synth_00794,,0.0,28.6139,77.209
100,28.1,53.8,5,7,2025-10-17 22:40:05+00:00,synthetic,synth_00795,,0.0,28.6139,77.209
100,27.9,49.7,61,65,2025-10-17 23:40:05+00:00,synthetic,synth_00796,,0.0,28.6139,77.209
90,30.8,48.2,17,17,2025-10-18 00:40:05+00:00,synthetic,synth_00797,,0.0,28.6139,77.209
80,29.3,50.9,24,26,2025-10-18 01:40:05+00:00,synthetic,synth_00798,,0.0,28.6139,77.209
81,30.4,45.6,5,5,2025-10-18 02:40:05+00:00,synthetic,synth_00799,,0.0,28.6139,77.209
84,30.4,48.2,27,27,2025-10-18 03:40:05+00:00,synthetic,synth_00800,,0.0,28.6139,77.209
82,34.1,42.0,45,45,2025-10-18 04:40:05+00:00,synthetic,synth_00801,,0.0,28.6139,77.209
87,33.5,42.6,21,21,2025-10-18 05:40:05+00:00,synthetic,synth_00802,,0.0,28.6139,77.209
92,34.2,41.5,22,23,2025-10-18 06:40:05+00:00,synthetic,synth_00803,,0.0,28.6139,77.209
94,35.4,41.2,41,41,2025-10-18 07:40:05+00:00,synthetic,synth_00804,,0.0,28.6139,77.209
100,35.6,39.6,5,5,2025-10-18 08:40:05+00:00,synthetic,synth_00805,,0.0,28.6139,77.209
99,36.7,35.6,16,17,2025-10-18 09:40:05+00:00,synthetic,synth_00806,,0.0,28.6139,77.209
100,36.8,37.8,21,21,2025-10-18 10:40:05+00:00,synthetic,synth_00807,,0.0,28.6139,77.209
93,33.5,47.6,42,44,2025-10-18 11:40:05+00:00,synthetic,synth_00808,,0.0,28.6139,77.209
94,36.8,39.9,78,82,2025-10-18 12:40:05+00:00,synthetic,synth_00809,,0.0,28.6139,77.209
88,33.3,41.0,15,15,2025-10-18 13:40:05+00:00,synthetic,synth_00810,,0.0,28.6139,77.209
88,33.4,42.7,45,50,2025-10-18 14:40:05+00:00,synthetic,synth_00811,,0.0,28.6139,77.209
82,31.9,45.0,27,30,2025-10-18 15:40:05+00:00,synthetic,synth_00812,,0.0,28.6139,77.209
82,32.5,48.5,42,46,2025-10-18 16:40:05+00:00,synthetic,synth_00813,,0.0,28.6139,77.209
89,29.4,54.1,22,24,2025-10-18 17:40:05+00:00,synthetic,synth_00814,,0.0,28.6139,77.209
89,28.3,52.8,5,5,2025-10-18 18:40:05+00:00,synthetic,synth_00815,,0.0,28.6139,77.209
85,28.7,53.5,6,6,2025-10-18 19:40:05+00:00,synthetic,synth_00816,,0.0,28.6139,77.209
84,28.5,54.8,19,19,2025-10-18 20:40:05+00:00,synthetic,synth_00817,,0.0,28.6139,77.209
88,27.1,57.9,18,18,2025-10-18 21:40:05+00:00,synthetic,synth_00818,,0.0,28.6139,77.209
84,29.0,52.1,40,45,2025-10-18 22:40:05+00:00,synthetic,synth_00819,,0.0,28.6139,77.209
92,28.9,55.2,39,39,2025-10-18 23:40:05+00:00,synthetic,synth_00820,,0.0,28.6139,77.209
89,27.9,54.4,41,41,2025-10-19 00:40:05+00:00,synthetic,synth_00821,,0.0,28.6139,77.209
94,29.7,52.4,54,60,2025-10-19 01:40:05+00:00,synthetic,synth_00822,,0.0,28.6139,77.209
96,30.4,48.5,7,7,2025-10-19 02:40:05+00:00,synthetic,synth_00823,,0.0,28.6139,77.209
100,31.4,45.8,53,57,2025-10-19 03:40:05+00:00,synthetic,synth_00824,,0.0,28.6139,77.209
97,33.9,45.2,59,59,2025-10-19 04:40:05+00:00,synthetic,synth_00825,,0.0,28.6139,77.209
94,34.1,43.8,51,51,2025-10-19 05:40:05+00:00,synthetic,synth_00826,,0.0,28.6139,77.209
93,34.1,41.9,34,38,2025-10-19 06:40:05+00:00,synthetic,synth_00827,,0.0,28.6139,77.209
94,37.2,37.0,56,56,2025-10-19 07:40:05+00:00,synthetic,synth_00828,,0.0,28.6139,77.209
91,36.2,37.6,7,7,2025-10-19 08:40:05+00:00,synthetic,synth_00829,,0.0,28.6139,77.209
89,36.6,37.6,51,58,2025-10-19 09:40:05+00:00,synthetic,synth_00830,,0.0,28.6139,77.209
90,36.1,42.5,21,24,2025-10-19 10:40:05+00:00,synthetic,synth_00831,,0.0,28.6139,77.209
88,35.2,40.1,45,55,2025-10-19 11:40:05+00:00,synthetic,synth_00832,,0.0,28.6139,77.209
89,34.2,40.6,6,6,2025-10-19 12:40:05+00:00,synthetic,synth_00833,,0.0,28.6139,77.209
90,34.5,41.6,5,5,2025-10-19 13:40:05+00:00,synthetic,synth_00834,,0.0,28.6139,77.209
94,33.6,43.2,47,48,2025-10-19 14:40:05+00:00,synthetic,synth_00835,,0.0,28.6139,77.209
83,33.3,45.6,68,69,2025-10-19 15:40:05+00:00,synthetic,synth_00836,,0.0,28.6139,77.209
85,32.4,42.8,5,5,2025-10-19 16:40:05+00:00,synthetic,synth_00837,,0.0,28.6139,77.209
94,29.2,54.0,36,38,2025-10-19 17:40:05+00:00,synthetic,synth_00838,,0.0,28.6139,77.209
98,32.3,46.4,89,94,2025-10-19 18:40:05+00:00,synthetic,synth_00839,,0.0,28.6139,77.209
101,27.7,52.6,7,9,2025-10-19 19:40:05+00:00,synthetic,synth_00840,,0.0,28.6139,77.209
91,29.1,52.0,35,37,2025-10-19 20:40:05+00:00,synthetic,synth_00841,,0.0,28.6139,77.209
93,26.8,54.6,31,32,2025-10-19 21:40:05+00:00,synthetic,synth_00842,,0.0,28.6139,77.209
91,27.5,56.9,21,21,2025-10-19 22:40:05+00:00,synthetic,synth_00843,,0.0,28.6139,77.209
94,28.2,56.6,28,29,2025-10-19 23:40:05+00:00,synthetic,synth_00844,,0.0,28.6139,77.209
90,29.3,49.2,29,30,2025-10-20 00:40:05+00:00,synthetic,synth_00845,,0.0,28.6139,77.209
92,30.4,52.8,46,49,2025-10-20 01:40:05+00:00,synthetic,synth_00846,,0.0,28.6139,77.209
94,30.9,52.2,11,12,2025-10-20 02:40:05+00:00,synthetic,synth_00847,,0.0,28.6139,77.209
94,29.7,49.1,12,17,2025-10-20 03:40:05+00:00,synthetic,synth_00848,,0.0,28.6139,77.209
95,33.2,42.0,23,25,2025-10-20 04:40:05+00:00,synthetic,synth_00849,,0.0,28.6139,77.209
100,34.0,42.8,46,49,2025-10-20 05:40:05+00:00,synthetic,synth_00850,,0.0,28.6139,77.209
97,33.6,43.2,32,40,2025-10-20 06:40:05+00:00,synthetic,synth_00851,,0.0,28.6139,77.209
101,34.4,41.6,16,16,2025-10-20 07:40:05+00:00,synthetic,synth_00852,,0.0,28.6139,77.209
98,34.9,40.2,48,51,2025-10-20 08:40:05+00:00,synthetic,synth_00853,,0.0,28.6139,77.209
105,35.4,39.2,24,25,2025-10-20 09:40:05+00:00,synthetic,synth_00854,,0.0,28.6139,77.209
106,36.6,38.6,45,48,2025-10-20 10:40:05+00:00,synthetic,synth_00855,,0.0,28.6139,77.209
105,35.3,39.0,48,52,2025-10-20 11:40:05+00:00,synthetic,synth_00856,,0.0,28.6139,77.209
105,35.6,39.4,28,29,2025-10-20 12:40:05+00:00,synthetic,synth_00857,,0.0,28.6139,77.209
104,36.3,36.9,46,46,2025-10-20 13:40:05+00:00,synthetic,synth_00858,,0.0,28.6139,77.209
97,33.4,48.6,31,31,2025-10-20 14:40:05+00:00,synthetic,synth_00859,,0.0,28.6139,77.209
98,31.2,46.7,5,5,2025-10-20 15:40:05+00:00,synthetic,synth_00860,,0.0,28.6139,77.209
97,30.5,47.3,33,33,2025-10-20 16:40:05+00:00,synthetic,synth_00861,,0.0,28.6139,77.209
98,30.2,52.5,8,8,2025-10-20 17:40:05+00:00,synthetic,synth_00862,,0.0,28.6139,77.209
101,29.5,50.6,35,37,2025-10-20 18:40:05+00:00,synthetic,synth_00863,,0.0,28.6139,77.209
108,27.4,54.7,5,5,2025-10-20 19:40:05+00:00,synthetic,synth_00864,,0.0,28.6139,77.209
105,28.6,52.2,27,27,2025-10-20 20:40:05+00:00,synthetic,synth_00865,,0.0,28.6139,77.209
108,27.1,57.6,29,29,2025-10-20 21:40:05+00:00,synthetic,synth_00866,,0.0,28.6139,77.209
106,30.4,51.9,57,58,2025-10-20 22:40:05+00:00,synthetic,synth_00867,,0.0,28.6139,77.209
100,28.4,51.8,36,38,2025-10-20 23:40:05+00:00,synthetic,synth_00868,,0.0,28.6139,77.209
101,29.3,51.2,42,42,2025-10-21 00:40:05+00:00,synthetic,synth_00869,,0.0,28.6139,77.209
107,29.4,49.9,52,52,2025-10-21 01:40:05+00:00,synthetic,synth_00870,,0.0,28.6139,77.209
102,31.3,49.9,52,55,2025-10-21 02:40:05+00:00,synthetic,synth_00871,,0.0,28.6139,77.209
96,31.7,50.4,20,25,2025-10-21 03:40:05+00:00,synthetic,synth_00872,,0.0,28.6139,77.209
97,32.9,43.6,54,58,2025-10-21 04:40:05+00:00,synthetic,synth_00873,,0.0,28.6139,77.209
101,33.1,41.5,39,42,2025-10-21 05:40:05+00:00,synthetic,synth_00874,,0.0,28.6139,77.209
98,33.8,39.8,20,20,2025-10-21 06:40:05+00:00,synthetic,synth_00875,,0.0,28.6139,77.209
100,33.5,46.3,25,25,2025-10-21 07:40:05+00:00,synthetic,synth_00876,,0.0,28.6139,77.209
105,36.9,35.7,50,51,2025-10-21 08:40:05+00:00,synthetic,synth_00877,,0.0,28.6139,77.209
102,37.3,40.8,42,46,2025-10-21 09:40:05+00:00,synthetic,synth_00878,,0.0,28.6139,77.209
101,35.0,38.6,47,49,2025-10-21 10:40:05+00:00,synthetic,synth_00879,,0.0,28.6139,77.209
96,36.7,38.5,54,57,2025-10-21 11:40:05+00:00,synthetic,synth_00880,,0.0,28.6139,77.209
90,35.1,42.5,65,68,2025-10-21 12:40:05+00:00,synthetic,synth_00881,,0.0,28.6139,77.209
84,34.9,39.9,12,14,2025-10-21 13:40:05+00:00,synthetic,synth_00882,,0.0,28.6139,77.209
90,33.2,43.5,41,44,2025-10-21 14:40:05+00:00,synthetic,synth_00883,,0.0,28.6139,77.209
91,32.7,44.3,49,49,2025-10-21 15:40:05+00:00,synthetic,synth_00884,,0.0,28.6139,77.209
93,31.1,49.1,53,54,2025-10-21 16:40:05+00:00,synthetic,synth_00885,,0.0,28.6139,77.209
91,30.0,51.3,28,28,2025-10-21 17:40:05+00:00,synthetic,synth_00886,,0.0,28.6139,77.209
101,29.6,51.3,37,39,2025-10-21 18:40:05+00:00,synthetic,synth_00887,,0.0,28.6139,77.209
105,27.4,54.1,5,7,2025-10-21 19:40:05+00:00,synthetic,synth_00888,,0.0,28.6139,77.209
102,27.5,53.7,24,27,2025-10-21 20:40:05+00:00,synthetic,synth_00889,,0.0,28.6139,77.209
98,26.7,56.1,41,47,2025-10-21 21:40:05+00:00,synthetic,synth_00890,,0.0,28.6139,77.209
98,25.3,58.3,5,5,2025-10-21 22:40:05+00:00,synthetic,synth_00891,,0.0,28.6139,77.209
99,28.4,55.8,48,48,2025-10-21 23:40:05+00:00,synthetic,synth_00892,,0.0,28.6139,77.209
91,28.7,53.1,26,26,2025-10-22 00:40:05+00:00,synthetic,synth_00893,,0.0,28.6139,77.209
92,30.1,49.0,5,5,2025-10-22 01:40:05+00:00,synthetic,synth_00894,,0.0,28.6139,77.209
88,29.1,51.3,11,13,2025-10-22 02:40:05+00:00,synthetic,synth_00895,,0.0,28.6139,77.209
101,31.1,46.1,5,5,2025-10-22 03:40:05+00:00,synthetic,synth_00896,,0.0,28.6139,77.209
96,34.1,43.4,72,72,2025-10-22 04:40:05+00:00,synthetic,synth_00897,,0.0,28.6139,77.209
92,32.0,45.3,5,5,2025-10-22 05:40:05+00:00,synthetic,synth_00898,,0.0,28.6139,77.209
90,35.1,42.1,37,40,2025-10-22 06:40:05+00:00,synthetic,synth_00899,,0.0,28.6139,77.209
91,35.5,39.5,20,21,2025-10-22 07:40:05+00:00,synthetic,synth_00900,,0.0,28.6139,77.209
92,36.0,40.9,51,52,2025-10-22 08:40:05+00:00,synthetic,synth_00901,,0.0,28.6139,77.209
94,35.7,40.5,47,47,2025-10-22 09:40:05+00:00,synthetic,synth_00902,,0.0,28.6139,77.209
95,35.3,37.0,15,15,2025-10-22 10:40:05+00:00,synthetic,synth_00903,,0.0,28.6139,77.209
94,36.7,37.6,42,42,2025-10-22 11:40:05+00:00,synthetic,synth_00904,,0.0,28.6139,77.209
91,34.8,39.9,23,23,2025-10-22 12:40:05+00:00,synthetic,synth_00905,,0.0,28.6139,77.209
90,35.0,41.0,51,52,2025-10-22 13:40:05+00:00,synthetic,synth_00906,,0.0,28.6139,77.209
88,33.7,42.5,14,19,2025-10-22 14:40:05+00:00,synthetic,synth_00907,,0.0,28.6139,77.209
92,31.2,47.2,13,13,2025-10-22 15:40:05+00:00,synthetic,synth_00908,,0.0,28.6139,77.209
99,31.3,48.0,56,59,2025-10-22 16:40:05+00:00,synthetic,synth_00909,,0.0,28.6139,77.209
101,31.5,46.8,39,41,2025-10-22 17:40:05+00:00,synthetic,synth_00910,,0.0,28.6139,77.209
105,29.2,52.4,49,51,2025-10-22 18:40:05+00:00,synthetic,synth_00911,,0.0,28.6139,77.209
105,28.3,56.4,25,26,2025-10-22 19:40:05+00:00,synthetic,synth_00912,,0.0,28.6139,77.209
103,30.3,51.5,57,60,2025-10-22 20:40:05+00:00,synthetic,synth_00913,,0.0,28.6139,77.209
93,28.4,54.8,43,44,2025-10-22 21:40:05+00:00,synthetic,synth_00914,,0.0,28.6139,77.209
94,28.1,58.3,53,53,2025-10-22 22:40:05+00:00,synthetic,synth_00915,,0.0,28.6139,77.209
95,26.1,60.2,23,24,2025-10-22 23:40:05+00:00,synthetic,synth_00916,,0.0,28.6139,77.209
97,27.8,55.4,5,5,2025-10-23 00:40:05+00:00,synthetic,synth_00917,,0.0,28.6139,77.209
96,29.7,52.3,33,35,2025-10-23 01:40:05+00:00,synthetic,synth_00918,,0.0,28.6139,77.209
100,30.3,50.1,5,5,2025-10-23 02:40:05+00:00,synthetic,synth_00919,,0.0,28.6139,77.209
96,31.9,45.3,17,17,2025-10-23 03:40:05+00:00,synthetic,synth_00920,,0.0,28.6139,77.209
101,32.5,45.3,42,42,2025-10-23 04:40:05+00:00,synthetic,synth_00921,,0.0,28.6139,77.209
106,33.6,47.7,34,35,2025-10-23 05:40:05+00:00,synthetic,synth_00922,,0.0,28.6139,77.209
100,36.4,41.4,58,60,2025-10-23 06:40:05+00:00,synthetic,synth_00923,,0.0,28.6139,77.209
101,36.2,38.2,5,5,2025-10-23 07:40:05+00:00,synthetic,synth_00924,,0.0,28.6139,77.209
101,35.7,40.3,42,42,2025-10-23 08:40:05+00:00,synthetic,synth_00925,,0.0,28.6139,77.209
105,36.4,39.6,51,54,2025-10-23 09:40:05+00:00,synthetic,synth_00926,,0.0,28.6139,77.209
102,36.2,39.6,55,59,2025-10-23 10:40:05+00:00,synthetic,synth_00927,,0.0,28.6139,77.209
101,35.1,38.7,14,14,2025-10-23 11:40:05+00:00,synthetic,synth_00928,,0.0,28.6139,77.209
94,33.5,42.5,5,5,2025-10-23 12:40:05+00:00,synthetic,synth_00929,,0.0,28.6139,77.209
101,36.1,39.8,61,61,2025-10-23 13:40:05+00:00,synthetic,synth_00930,,0.0,28.6139,77.209
96,33.0,45.5,5,5,2025-10-23 14:40:05+00:00,synthetic,synth_00931,,0.0,28.6139,77.209
93,33.4,41.0,43,44,2025-10-23 15:40:05+00:00,synthetic,synth_00932,,0.0,28.6139,77.209
96,31.3,47.9,41,46,2025-10-23 16:40:05+00:00,synthetic,synth_00933,,0.0,28.6139,77.209
101,29.2,51.2,44,45,2025-10-23 17:40:05+00:00,synthetic,synth_00934,,0.0,28.6139,77.209
106,31.0,49.7,68,68,2025-10-23 18:40:05+00:00,synthetic,synth_00935,,0.0,28.6139,77.209
106,28.8,52.4,29,29,2025-10-23 19:40:05+00:00,synthetic,synth_00936,,0.0,28.6139,77.209
102,29.8,51.1,46,51,2025-10-23 20:40:05+00:00,synthetic,synth_00937,,0.0,28.6139,77.209
99,27.5,57.1,42,44,2025-10-23 21:40:05+00:00,synthetic,synth_00938,,0.0,28.6139,77.209
96,30.1,49.2,46,49,2025-10-23 22:40:05+00:00,synthetic,synth_00939,,0.0,28.6139,77.209
101,25.6,60.8,27,27,2025-10-23 23:40:05+00:00,synthetic,synth_00940,,0.0,28.6139,77.209
97,30.8,51.5,63,66,2025-10-24 00:40:05+00:00,synthetic,synth_00941,,0.0,28.6139,77.209
97,29.4,50.8,61,63,2025-10-24 01:40:05+00:00,synthetic,synth_00942,,0.0,28.6139,77.209
102,30.2,48.0,23,23,2025-10-24 02:40:05+00:00,synthetic,synth_00943,,0.0,28.6139,77.209
98,31.5,47.9,5,5,2025-10-24 03:40:05+00:00,synthetic,synth_00944,,0.0,28.6139,77.209
108,32.1,51.0,30,31,2025-10-24 04:40:05+00:00,synthetic,synth_00945,,0.0,28.6139,77.209
106,34.5,41.3,58,61,2025-10-24 05:40:05+00:00,synthetic,synth_00946,,0.0,28.6139,77.209
101,34.0,39.7,43,43,2025-10-24 06:40:05+00:00,synthetic,synth_00947,,0.0,28.6139,77.209
99,35.2,37.0,34,34,2025-10-24 07:40:05+00:00,synthetic,synth_00948,,0.0,28.6139,77.209
110,35.6,38.2,48,52,2025-10-24 08:40:05+00:00,synthetic,synth_00949,,0.0,28.6139,77.209
110,35.9,37.6,33,33,2025-10-24 09:40:05+00:00,synthetic,synth_00950,,0.0,28.6139,77.209
112,35.3,43.1,44,44,2025-10-24 10:40:05+00:00,synthetic,synth_00951,,0.0,28.6139,77.209
110,36.1,37.9,48,50,2025-10-24 11:40:05+00:00,synthetic,synth_00952,,0.0,28.6139,77.209
107,33.7,44.7,5,5,2025-10-24 12:40:05+00:00,synthetic,synth_00953,,0.0,28.6139,77.209
100,31.8,45.4,12,12,2025-10-24 13:40:05+00:00,synthetic,synth_00954,,0.0,28.6139,77.209
98,34.2,41.9,32,33,2025-10-24 14:40:05+00:00,synthetic,synth_00955,,0.0,28.6139,77.209
100,32.4,46.6,63,64,2025-10-24 15:40:05+00:00,synthetic,synth_00956,,0.0,28.6139,77.209
100,29.0,51.8,5,5,2025-10-24 16:40:05+00:00,synthetic,synth_00957,,0.0,28.6139,77.209
102,29.7,48.2,24,24,2025-10-24 17:40:05+00:00,synthetic,synth_00958,,0.0,28.6139,77.209
104,29.4,50.6,14,16,2025-10-24 18:40:05+00:00,synthetic,synth_00959,,0.0,28.6139,77.209
105,28.0,52.1,47,49,2025-10-24 19:40:05+00:00,synthetic,synth_00960,,0.0,28.6139,77.209
108,28.3,51.0,46,47,2025-10-24 20:40:05+00:00,synthetic,synth_00961,,0.0,28.6139,77.209
109,27.8,52.1,25,25,2025-10-24 21:40:05+00:00,synthetic,synth_00962,,0.0,28.6139,77.209
107,27.3,55.0,53,61,2025-10-24 22:40:05+00:00,synthetic,synth_00963,,0.0,28.6139,77.209
104,28.5,57.1,38,40,2025-10-24 23:40:05+00:00,synthetic,synth_00964,,0.0,28.6139,77.209
93,28.0,53.3,5,5,2025-10-25 00:40:05+00:00,synthetic,synth_00965,,0.0,28.6139,77.209
103,29.9,49.3,33,33,2025-10-25 01:40:05+00:00,synthetic,synth_00966,,0.0,28.6139,77.209
96,32.4,47.1,57,60,2025-10-25 02:40:05+00:00,synthetic,synth_00967,,0.0,28.6139,77.209
104,32.4,48.1,32,32,2025-10-25 03:40:05+00:00,synthetic,synth_00968,,0.0,28.6139,77.209
89,32.2,46.5,38,39,2025-10-25 04:40:05+00:00,synthetic,synth_00969,,0.0,28.6139,77.209
89,32.8,46.9,32,32,2025-10-25 05:40:05+00:00,synthetic,synth_00970,,0.0,28.6139,77.209
90,34.6,43.5,30,31,2025-10-25 06:40:05+00:00,synthetic,synth_00971,,0.0,28.6139,77.209
89,35.7,38.7,37,44,2025-10-25 07:40:05+00:00,synthetic,synth_00972,,0.0,28.6139,77.209
88,35.7,36.6,12,12,2025-10-25 08:40:05+00:00,synthetic,synth_00973,,0.0,28.6139,77.209
95,38.1,32.5,19,19,2025-10-25 09:40:05+00:00,synthetic,synth_00974,,0.0,28.6139,77.209
95,36.2,36.2,18,18,2025-10-25 10:40:05+00:00,synthetic,synth_00975,,0.0,28.6139,77.209
84,35.1,38.9,26,29,2025-10-25 11:40:05+00:00,synthetic,synth_00976,,0.0,28.6139,77.209
81,33.7,40.9,5,5,2025-10-25 12:40:05+00:00,synthetic,synth_00977,,0.0,28.6139,77.209
79,33.5,43.5,22,22,2025-10-25 13:40:05+00:00,synthetic,synth_00978,,0.0,28.6139,77.209
85,31.5,47.3,6,7,2025-10-25 14:40:05+00:00,synthetic,synth_00979,,0.0,28.6139,77.209
76,33.5,41.8,47,55,2025-10-25 15:40:05+00:00,synthetic,synth_00980,,0.0,28.6139,77.209
78,28.9,51.2,10,12,2025-10-25 16:40:05+00:00,synthetic,synth_00981,,0.0,28.6139,77.209
78,29.9,51.5,5,5,2025-10-25 17:40:05+00:00,synthetic,synth_00982,,0.0,28.6139,77.209
84,29.8,47.1,51,56,2025-10-25 18:40:05+00:00,synthetic,synth_00983,,0.0,28.6139,77.209
85,28.3,48.6,32,32,2025-10-25 19:40:05+00:00,synthetic,synth_00984,,0.0,28.6139,77.209
90,29.2,52.9,28,28,2025-10-25 20:40:05+00:00,synthetic,synth_00985,,0.0,28.6139,77.209
94,27.6,52.3,5,5,2025-10-25 21:40:05+00:00,synthetic,synth_00986,,0.0,28.6139,77.209
96,26.5,55.7,38,40,2025-10-25 22:40:05+00:00,synthetic,synth_00987,,0.0,28.6139,77.209
99,27.7,53.8,43,43,2025-10-25 23:40:05+00:00,synthetic,synth_00988,,0.0,28.6139,77.209
102,30.1,47.9,51,59,2025-10-26 00:40:05+00:00,synthetic,synth_00989,,0.0,28.6139,77.209
92,30.0,48.3,50,55,2025-10-26 01:40:05+00:00,synthetic,synth_00990,,0.0,28.6139,77.209
88,29.7,49.0,54,57,2025-10-26 02:40:05+00:00,synthetic,synth_00991,,0.0,28.6139,77.209
84,32.4,47.7,44,47,2025-10-26 03:40:05+00:00,synthetic,synth_00992,,0.0,28.6139,77.209
83,32.9,49.4,67,67,2025-10-26 04:40:05+00:00,synthetic,synth_00993,,0.0,28.6139,77.209
91,34.4,43.9,35,35,2025-10-26 05:40:05+00:00,synthetic,synth_00994,,0.0,28.6139,77.209
95,35.1,36.7,36,36,2025-10-26 06:40:05+00:00,synthetic,synth_00995,,0.0,28.6139,77.209
103,35.7,40.3,43,49,2025-10-26 07:40:05+00:00,synthetic,synth_00996,,0.0,28.6139,77.209
111,37.2,35.5,43,45,2025-10-26 08:40:05+00:00,synthetic,synth_00997,,0.0,28.6139,77.209
110,36.2,38.4,26,28,2025-10-26 09:40:05+00:00,synthetic,synth_00998,,0.0,28.6139,77.209
108,36.9,34.8,44,44,2025-10-26 10:40:05+00:00,synthetic,synth_00999,,0.0,28.6139,77.209
97,34.5,40.1,21,24,2025-10-26 11:40:05+00:00,synthetic,synth_01000,,0.0,28.6139,77.209
91,35.2,37.8,5,5,2025-10-26 12:40:05+00:00,synthetic,synth_01001,,0.0,28.6139,77.209
89,35.1,39.4,63,66,2025-10-26 13:40:05+00:00,synthetic,synth_01002,,0.0,28.6139,77.209
87,33.9,43.8,61,62,2025-10-26 14:40:05+00:00,synthetic,synth_01003,,0.0,28.6139,77.209
85,33.2,41.6,23,23,2025-10-26 15:40:05+00:00,synthetic,synth_01004,,0.0,28.6139,77.209
81,31.5,45.8,13,15,2025-10-26 16:40:05+00:00,synthetic,synth_01005,,0.0,28.6139,77.209
89,30.1,50.6,5,5,2025-10-26 17:40:05+00:00,synthetic,synth_01006,,0.0,28.6139,77.209
101,29.3,51.0,28,34,2025-10-26 18:40:05+00:00,synthetic,synth_01007,,0.0,28.6139,77.209
95,29.4,53.0,14,17,2025-10-26 19:40:05+00:00,synthetic,synth_01008,,0.0,28.6139,77.209
97,28.9,55.2,75,79,2025-10-26 20:40:05+00:00,synthetic,synth_01009,,0.0,28.6139,77.209
95,28.0,59.0,46,47,2025-10-26 21:40:05+00:00,synthetic,synth_01010,,0.0,28.6139,77.209
91,29.2,51.9,56,56,2025-10-26 22:40:05+00:00,synthetic,synth_01011,,0.0,28.6139,77.209
91,30.0,49.7,35,35,2025-10-26 23:40:05+00:00,synthetic,synth_01012,,0.0,28.6139,77.209
88,30.8,50.4,62,65,2025-10-27 00:40:05+00:00,synthetic,synth_01013,,0.0,28.6139,77.209
90,29.2,49.1,27,28,2025-10-27 01:40:05+00:00,synthetic,synth_01014,,0.0,28.6139,77.209
95,30.5,48.0,35,39,2025-10-27 02:40:05+00:00,synthetic,synth_01015,,0.0,28.6139,77.209
90,31.8,45.7,30,33,2025-10-27 03:40:05+00:00,synthetic,synth_01016,,0.0,28.6139,77.209
88,32.0,48.3,48,48,2025-10-27 04:40:05+00:00,synthetic,synth_01017,,0.0,28.6139,77.209
93,34.2,39.6,21,21,2025-10-27 05:40:05+00:00,synthetic,synth_01018,,0.0,28.6139,77.209
96,34.7,39.1,17,17,2025-10-27 06:40:05+00:00,synthetic,synth_01019,,0.0,28.6139,77.209
99,34.6,41.5,44,44,2025-10-27 07:40:05+00:00,synthetic,synth_01020,,0.0,28.6139,77.209
108,35.7,37.3,68,70,2025-10-27 08:40:05+00:00,synthetic,synth_01021,,0.0,28.6139,77.209
117,35.2,37.9,47,47,2025-10-27 09:40:05+00:00,synthetic,synth_01022,,0.0,28.6139,77.209
113,35.9,39.1,57,62,2025-10-27 10:40:05+00:00,synthetic,synth_01023,,0.0,28.6139,77.209
110,35.5,38.7,27,29,2025-10-27 11:40:05+00:00,synthetic,synth_01024,,0.0,28.6139,77.209
112,33.9,40.4,26,27,2025-10-27 12:40:05+00:00,synthetic,synth_01025,,0.0,28.6139,77.209
105,33.9,39.5,20,23,2025-10-27 13:40:05+00:00,synthetic,synth_01026,,0.0,28.6139,77.209
96,33.9,40.8,10,10,2025-10-27 14:40:05+00:00,synthetic,synth_01027,,0.0,28.6139,77.209
96,31.7,47.3,40,40,2025-10-27 15:40:05+00:00,synthetic,synth_01028,,0.0,28.6139,77.209
99,31.0,46.2,38,41,2025-10-27 16:40:05+00:00,synthetic,synth_01029,,0.0,28.6139,77.209
105,28.6,56.1,29,29,2025-10-27 17:40:05+00:00,synthetic,synth_01030,,0.0,28.6139,77.209
108,29.9,53.6,65,65,2025-10-27 18:40:05+00:00,synthetic,synth_01031,,0.0,28.6139,77.209
106,26.8,56.8,48,49,2025-10-27 19:40:05+00:00,synthetic,synth_01032,,0.0,28.6139,77.209
104,27.5,53.2,41,47,2025-10-27 20:40:05+00:00,synthetic,synth_01033,,0.0,28.6139,77.209
99,28.3,54.9,64,66,2025-10-27 21:40:05+00:00,synthetic,synth_01034,,0.0,28.6139,77.209
104,27.6,52.9,35,35,2025-10-27 22:40:05+00:00,synthetic,synth_01035,,0.0,28.6139,77.209
103,27.5,57.0,18,18,2025-10-27 23:40:05+00:00,synthetic,synth_01036,,0.0,28.6139,77.209
101,30.2,50.7,64,69,2025-10-28 00:40:05+00:00,synthetic,synth_01037,,0.0,28.6139,77.209
103,29.6,50.3,23,23,2025-10-28 01:40:05+00:00,synthetic,synth_01038,,0.0,28.6139,77.209
100,30.5,50.1,49,53,2025-10-28 02:40:05+00:00,synthetic,synth_01039,,0.0,28.6139,77.209
97,32.3,47.1,12,14,2025-10-28 03:40:05+00:00,synthetic,synth_01040,,0.0,28.6139,77.209
99,31.5,49.3,43,44,2025-10-28 04:40:05+00:00,synthetic,synth_01041,,0.0,28.6139,77.209
110,33.4,39.9,52,52,2025-10-28 05:40:05+00:00,synthetic,synth_01042,,0.0,28.6139,77.209
104,35.5,40.7,29,31,2025-10-28 06:40:05+00:00,synthetic,synth_01043,,0.0,28.6139,77.209
103,35.3,41.5,43,45,2025-10-28 07:40:05+00:00,synthetic,synth_01044,,0.0,28.6139,77.209
105,35.9,37.1,49,52,2025-10-28 08:40:05+00:00,synthetic,synth_01045,,0.0,28.6139,77.209
111,34.8,40.6,35,37,2025-10-28 09:40:05+00:00,synthetic,synth_01046,,0.0,28.6139,77.209
112,35.8,38.2,54,58,2025-10-28 10:40:05+00:00,synthetic,synth_01047,,0.0,28.6139,77.209
113,35.2,42.3,35,37,2025-10-28 11:40:05+00:00,synthetic,synth_01048,,0.0,28.6139,77.209
102,34.5,39.7,47,48,2025-10-28 12:40:05+00:00,synthetic,synth_01049,,0.0,28.6139,77.209
97,34.4,42.9,5,5,2025-10-28 13:40:05+00:00,synthetic,synth_01050,,0.0,28.6139,77.209
93,33.6,43.7,48,53,2025-10-28 14:40:05+00:00,synthetic,synth_01051,,0.0,28.6139,77.209
89,33.5,45.2,54,54,2025-10-28 15:40:05+00:00,synthetic,synth_01052,,0.0,28.6139,77.209
97,32.2,46.1,30,35,2025-10-28 16:40:05+00:00,synthetic,synth_01053,,0.0,28.6139,77.209
98,29.1,52.3,13,13,2025-10-28 17:40:05+00:00,synthetic,synth_01054,,0.0,28.6139,77.209
107,28.3,52.4,10,11,2025-10-28 18:40:05+00:00,synthetic,synth_01055,,0.0,28.6139,77.209
110,28.6,53.0,25,26,2025-10-28 19:40:05+00:00,synthetic,synth_01056,,0.0,28.6139,77.209
108,28.1,54.2,32,37,2025-10-28 20:40:05+00:00,synthetic,synth_01057,,0.0,28.6139,77.209
102,30.0,48.7,16,19,2025-10-28 21:40:05+00:00,synthetic,synth_01058,,0.0,28.6139,77.209
93,29.7,48.5,19,19,2025-10-28 22:40:05+00:00,synthetic,synth_01059,,0.0,28.6139,77.209
99,28.4,55.4,62,70,2025-10-28 23:40:05+00:00,synthetic,synth_01060,,0.0,28.6139,77.209
97,27.1,54.0,5,5,2025-10-29 00:40:05+00:00,synthetic,synth_01061,,0.0,28.6139,77.209
102,30.1,52.9,61,64,2025-10-29 01:40:05+00:00,synthetic,synth_01062,,0.0,28.6139,77.209
103,32.3,43.6,36,37,2025-10-29 02:40:05+00:00,synthetic,synth_01063,,0.0,28.6139,77.209
103,32.1,44.5,65,70,2025-10-29 03:40:05+00:00,synthetic,synth_01064,,0.0,28.6139,77.209
93,31.3,46.5,28,31,2025-10-29 04:40:05+00:00,synthetic,synth_01065,,0.0,28.6139,77.209
96,33.8,39.8,11,11,2025-10-29 05:40:05+00:00,synthetic,synth_01066,,0.0,28.6139,77.209
97,35.2,42.8,42,45,2025-10-29 06:40:05+00:00,synthetic,synth_01067,,0.0,28.6139,77.209
99,35.7,39.1,29,32,2025-10-29 07:40:05+00:00,synthetic,synth_01068,,0.0,28.6139,77.209
105,34.3,43.8,25,25,2025-10-29 08:40:05+00:00,synthetic,synth_01069,,0.0,28.6139,77.209
102,36.6,37.1,17,19,2025-10-29 09:40:05+00:00,synthetic,synth_01070,,0.0,28.6139,77.209
99,37.7,35.3,61,61,2025-10-29 10:40:05+00:00,synthetic,synth_01071,,0.0,28.6139,77.209
92,35.0,39.0,5,5,2025-10-29 11:40:05+00:00,synthetic,synth_01072,,0.0,28.6139,77.209
94,33.6,43.0,36,40,2025-10-29 12:40:05+00:00,synthetic,synth_01073,,0.0,28.6139,77.209
96,33.2,42.7,5,6,2025-10-29 13:40:05+00:00,synthetic,synth_01074,,0.0,28.6139,77.209
94,32.8,44.2,44,44,2025-10-29 14:40:05+00:00,synthetic,synth_01075,,0.0,28.6139,77.209
90,32.1,46.9,48,48,2025-10-29 15:40:05+00:00,synthetic,synth_01076,,0.0,28.6139,77.209
93,30.5,51.0,39,39,2025-10-29 16:40:05+00:00,synthetic,synth_01077,,0.0,28.6139,77.209
99,30.0,49.6,22,22,2025-10-29 17:40:05+00:00,synthetic,synth_01078,,0.0,28.6139,77.209
95,30.5,48.3,44,47,2025-10-29 18:40:05+00:00,synthetic,synth_01079,,0.0,28.6139,77.209
102,27.0,54.6,5,6,2025-10-29 19:40:05+00:00,synthetic,synth_01080,,0.0,28.6139,77.209
102,27.9,56.2,8,8,2025-10-29 20:40:05+00:00,synthetic,synth_01081,,0.0,28.6139,77.209
106,27.4,56.6,54,59,2025-10-29 21:40:05+00:00,synthetic,synth_01082,,0.0,28.6139,77.209
104,28.9,50.6,32,32,2025-10-29 22:40:05+00:00,synthetic,synth_01083,,0.0,28.6139,77.209
107,29.3,52.8,26,31,2025-10-29 23:40:05+00:00,synthetic,synth_01084,,0.0,28.6139,77.209
111,28.6,53.1,56,57,2025-10-30 00:40:05+00:00,synthetic,synth_01085,,0.0,28.6139,77.209
113,27.4,55.9,40,41,2025-10-30 01:40:05+00:00,synthetic,synth_01086,,0.0,28.6139,77.209
106,31.9,47.8,51,53,2025-10-30 02:40:05+00:00,synthetic,synth_01087,,0.0,28.6139,77.209
103,31.7,47.4,28,32,2025-10-30 03:40:05+00:00,synthetic,synth_01088,,0.0,28.6139,77.209
98,32.2,47.6,47,47,2025-10-30 04:40:05+00:00,synthetic,synth_01089,,0.0,28.6139,77.209
100,30.9,46.5,5,5,2025-10-30 05:40:05+00:00,synthetic,synth_01090,,0.0,28.6139,77.209
95,34.4,42.1,17,20,2025-10-30 06:40:05+00:00,synthetic,synth_01091,,0.0,28.6139,77.209
101,34.6,38.3,21,25,2025-10-30 07:40:05+00:00,synthetic,synth_01092,,0.0,28.6139,77.209
107,36.1,41.4,62,69,2025-10-30 08:40:05+00:00,synthetic,synth_01093,,0.0,28.6139,77.209
108,37.5,35.7,52,59,2025-10-30 09:40:05+00:00,synthetic,synth_01094,,0.0,28.6139,77.209
106,37.1,35.0,13,16,2025-10-30 10:40:05+00:00,synthetic,synth_01095,,0.0,28.6139,77.209
101,35.3,36.2,15,16,2025-10-30 11:40:05+00:00,synthetic,synth_01096,,0.0,28.6139,77.209
97,35.6,38.7,11,11,2025-10-30 12:40:05+00:00,synthetic,synth_01097,,0.0,28.6139,77.209
91,34.2,40.2,45,45,2025-10-30 13:40:05+00:00,synthetic,synth_01098,,0.0,28.6139,77.209
85,33.5,43.1,47,54,2025-10-30 14:40:05+00:00,synthetic,synth_01099,,0.0,28.6139,77.209
83,33.1,45.2,30,30,2025-10-30 15:40:05+00:00,synthetic,synth_01100,,0.0,28.6139,77.209
85,30.6,49.5,36,40,2025-10-30 16:40:05+00:00,synthetic,synth_01101,,0.0,28.6139,77.209
87,31.9,48.0,78,88,2025-10-30 17:40:05+00:00,synthetic,synth_01102,,0.0,28.6139,77.209
88,27.2,55.8,28,28,2025-10-30 18:40:05+00:00,synthetic,synth_01103,,0.0,28.6139,77.209
92,28.0,55.7,5,5,2025-10-30 19:40:05+00:00,synthetic,synth_01104,,0.0,28.6139,77.209
90,28.0,53.2,37,37,2025-10-30 20:40:05+00:00,synthetic,synth_01105,,0.0,28.6139,77.209
95,27.0,55.5,5,7,2025-10-30 21:40:05+00:00,synthetic,synth_01106,,0.0,28.6139,77.209
93,26.8,59.3,21,21,2025-10-30 22:40:05+00:00,synthetic,synth_01107,,0.0,28.6139,77.209
100,28.6,52.8,35,38,2025-10-30 23:40:05+00:00,synthetic,synth_01108,,0.0,28.6139,77.209
97,28.6,56.7,67,71,2025-10-31 00:40:05+00:00,synthetic,synth_01109,,0.0,28.6139,77.209
100,30.1,45.4,20,20,2025-10-31 01:40:05+00:00,synthetic,synth_01110,,0.0,28.6139,77.209
94,30.8,50.0,29,29,2025-10-31 02:40:05+00:00,synthetic,synth_01111,,0.0,28.6139,77.209
96,32.4,47.1,36,36,2025-10-31 03:40:05+00:00,synthetic,synth_01112,,0.0,28.6139,77.209
93,32.1,46.3,25,25,2025-10-31 04:40:05+00:00,synthetic,synth_01113,,0.0,28.6139,77.209
95,33.2,42.4,27,27,2025-10-31 05:40:05+00:00,synthetic,synth_01114,,0.0,28.6139,77.209
100,34.0,42.8,23,23,2025-10-31 06:40:05+00:00,synthetic,synth_01115,,0.0,28.6139,77.209
107,34.7,40.0,65,67,2025-10-31 07:40:05+00:00,synthetic,synth_01116,,0.0,28.6139,77.209
100,34.8,37.9,6,6,2025-10-31 08:40:05+00:00,synthetic,synth_01117,,0.0,28.6139,77.209
109,36.7,39.5,39,40,2025-10-31 09:40:05+00:00,synthetic,synth_01118,,0.0,28.6139,77.209
100,37.0,36.8,52,57,2025-10-31 10:40:05+00:00,synthetic,synth_01119,,0.0,28.6139,77.209
101,36.3,34.2,55,61,2025-10-31 11:40:05+00:00,synthetic,synth_01120,,0.0,28.6139,77.209
94,34.0,45.2,36,36,2025-10-31 12:40:05+00:00,synthetic,synth_01121,,0.0,28.6139,77.209
94,34.4,42.1,23,25,2025-10-31 13:40:05+00:00,synthetic,synth_01122,,0.0,28.6139,77.209
106,31.4,46.2,9,9,2025-10-31 14:40:05+00:00,synthetic,synth_01123,,0.0,28.6139,77.209
99,31.0,48.6,14,14,2025-10-31 15:40:05+00:00,synthetic,synth_01124,,0.0,28.6139,77.209
103,30.6,49.3,11,11,2025-10-31 16:40:05+00:00,synthetic,synth_01125,,0.0,28.6139,77.209
106,32.2,46.9,50,52,2025-10-31 17:40:05+00:00,synthetic,synth_01126,,0.0,28.6139,77.209
108,28.3,55.2,80,83,2025-10-31 18:40:05+00:00,synthetic,synth_01127,,0.0,28.6139,77.209
115,28.3,53.4,17,17,2025-10-31 19:40:05+00:00,synthetic,synth_01128,,0.0,28.6139,77.209
108,29.3,53.0,57,59,2025-10-31 20:40:05+00:00,synthetic,synth_01129,,0.0,28.6139,77.209
111,28.0,54.0,42,43,2025-10-31 21:40:05+00:00,synthetic,synth_01130,,0.0,28.6139,77.209
112,26.5,57.7,16,16,2025-10-31 22:40:05+00:00,synthetic,synth_01131,,0.0,28.6139,77.209
112,27.8,56.7,34,39,2025-10-31 23:40:05+00:00,synthetic,synth_01132,,0.0,28.6139,77.209
103,28.6,52.2,48,56,2025-11-01 00:40:05+00:00,synthetic,synth_01133,,0.0,28.6139,77.209
95,28.8,53.8,28,28,2025-11-01 01:40:05+00:00,synthetic,synth_01134,,0.0,28.6139,77.209
94,29.2,47.5,5,5,2025-11-01 02:40:05+00:00,synthetic,synth_01135,,0.0,28.6139,77.209
83,30.9,46.8,10,15,2025-11-01 03:40:05+00:00,synthetic,synth_01136,,0.0,28.6139,77.209
81,33.5,42.8,32,34,2025-11-01 04:40:05+00:00,synthetic,synth_01137,,0.0,28.6139,77.209
83,33.8,41.4,15,16,2025-11-01 05:40:05+00:00,synthetic,synth_01138,,0.0,28.6139,77.209
88,34.7,37.3,6,6,2025-11-01 06:40:05+00:00,synthetic,synth_01139,,0.0,28.6139,77.209
89,36.5,35.8,33,35,2025-11-01 07:40:05+00:00,synthetic,synth_01140,,0.0,28.6139,77.209
94,38.0,33.3,37,37,2025-11-01 08:40:05+00:00,synthetic,synth_01141,,0.0,28.6139,77.209
96,35.1,42.0,5,5,2025-11-01 09:40:05+00:00,synthetic,synth_01142,,0.0,28.6139,77.209
93,35.6,42.9,58,60,2025-11-01 10:40:05+00:00,synthetic,synth_01143,,0.0,28.6139,77.209
90,36.9,35.9,49,49,2025-11-01 11:40:05+00:00,synthetic,synth_01144,,0.0,28.6139,77.209
89,34.1,41.5,37,37,2025-11-01 12:40:05+00:00,synthetic,synth_01145,,0.0,28.6139,77.209
89,33.6,39.9,18,19,2025-11-01 13:40:05+00:00,synthetic,synth_01146,,0.0,28.6139,77.209
84,33.4,42.2,19,25,2025-11-01 14:40:05+00:00,synthetic,synth_01147,,0.0,28.6139,77.209
83,33.1,50.4,19,21,2025-11-01 15:40:05+00:00,synthetic,synth_01148,,0.0,28.6139,77.209
82,30.4,47.3,18,18,2025-11-01 16:40:05+00:00,synthetic,synth_01149,,0.0,28.6139,77.209
90,30.6,48.5,31,33,2025-11-01 17:40:05+00:00,synthetic,synth_01150,,0.0,28.6139,77.209
89,28.5,51.6,14,19,2025-11-01 18:40:05+00:00,synthetic,synth_01151,,0.0,28.6139,77.209
89,30.1,48.9,49,59,2025-11-01 19:40:05+00:00,synthetic,synth_01152,,0.0,28.6139,77.209
98,28.4,52.6,36,36,2025-11-01 20:40:05+00:00,synthetic,synth_01153,,0.0,28.6139,77.209
88,27.3,53.0,5,5,2025-11-01 21:40:05+00:00,synthetic,synth_01154,,0.0,28.6139,77.209
86,28.6,53.8,51,54,2025-11-01 22:40:05+00:00,synthetic,synth_01155,,0.0,28.6139,77.209
93,27.7,52.4,22,26,2025-11-01 23:40:05+00:00,synthetic,synth_01156,,0.0,28.6139,77.209
97,27.8,57.0,42,47,2025-11-02 00:40:05+00:00,synthetic,synth_01157,,0.0,28.6139,77.209
92,28.8,55.0,37,37,2025-11-02 01:40:05+00:00,synthetic,synth_01158,,0.0,28.6139,77.209
86,29.8,52.8,8,8,2025-11-02 02:40:05+00:00,synthetic,synth_01159,,0.0,28.6139,77.209
90,32.1,45.8,37,40,2025-11-02 03:40:05+00:00,synthetic,synth_01160,,0.0,28.6139,77.209
87,32.5,46.7,23,24,2025-11-02 04:40:05+00:00,synthetic,synth_01161,,0.0,28.6139,77.209
95,35.3,40.8,57,63,2025-11-02 05:40:05+00:00,synthetic,synth_01162,,0.0,28.6139,77.209
101,32.5,46.4,5,5,2025-11-02 06:40:05+00:00,synthetic,synth_01163,,0.0,28.6139,77.209
96,33.7,46.0,21,21,2025-11-02 07:40:05+00:00,synthetic,synth_01164,,0.0,28.6139,77.209
100,36.9,39.1,50,51,2025-11-02 08:40:05+00:00,synthetic,synth_01165,,0.0,28.6139,77.209
104,35.7,39.5,30,30,2025-11-02 09:40:05+00:00,synthetic,synth_01166,,0.0,28.6139,77.209
103,36.4,39.0,39,44,2025-11-02 10:40:05+00:00,synthetic,synth_01167,,0.0,28.6139,77.209
103,36.5,38.5,68,73,2025-11-02 11:40:05+00:00,synthetic,synth_01168,,0.0,28.6139,77.209
95,35.1,38.9,48,49,2025-11-02 12:40:05+00:00,synthetic,synth_01169,,0.0,28.6139,77.209
99,33.0,43.4,9,9,2025-11-02 13:40:05+00:00,synthetic,synth_01170,,0.0,28.6139,77.209
96,31.8,46.6,5,5,2025-11-02 14:40:05+00:00,synthetic,synth_01171,,0.0,28.6139,77.209
95,33.2,45.8,6,6,2025-11-02 15:40:05+00:00,synthetic,synth_01172,,0.0,28.6139,77.209
85,31.5,46.3,17,17,2025-11-02 16:40:05+00:00,synthetic,synth_01173,,0.0,28.6139,77.209
91,30.0,50.0,15,15,2025-11-02 17:40:05+00:00,synthetic,synth_01174,,0.0,28.6139,77.209
98,30.4,50.5,42,42,2025-11-02 18:40:05+00:00,synthetic,synth_01175,,0.0,28.6139,77.209
97,30.3,51.3,41,44,2025-11-02 19:40:05+00:00,synthetic,synth_01176,,0.0,28.6139,77.209
94,28.4,52.1,33,35,2025-11-02 20:40:05+00:00,synthetic,synth_01177,,0.0,28.6139,77.209
100,28.0,51.7,5,5,2025-11-02 21:40:05+00:00,synthetic,synth_01178,,0.0,28.6139,77.209
100,29.2,56.3,61,63,2025-11-02 22:40:05+00:00,synthetic,synth_01179,,0.0,28.6139,77.209
98,28.2,53.5,57,57,2025-11-02 23:40:05+00:00,synthetic,synth_01180,,0.0,28.6139,77.209
99,28.0,54.7,5,5,2025-11-03 00:40:05+00:00,synthetic,synth_01181,,0.0,28.6139,77.209
92,30.7,46.8,69,72,2025-11-03 01:40:05+00:00,synthetic,synth_01182,,0.0,28.6139,77.209
90,29.7,49.9,5,5,2025-11-03 02:40:05+00:00,synthetic,synth_01183,,0.0,28.6139,77.209
94,29.7,50.2,13,15,2025-11-03 03:40:05+00:00,synthetic,synth_01184,,0.0,28.6139,77.209
91,33.8,41.5,41,41,2025-11-03 04:40:05+00:00,synthetic,synth_01185,,0.0,28.6139,77.209
100,32.7,45.8,25,25,2025-11-03 05:40:05+00:00,synthetic,synth_01186,,0.0,28.6139,77.209
99,35.6,36.0,35,38,2025-11-03 06:40:05+00:00,synthetic,synth_01187,,0.0,28.6139,77.209
103,35.7,39.4,64,67,2025-11-03 07:40:05+00:00,synthetic,synth_01188,,0.0,28.6139,77.209
105,35.4,38.9,44,50,2025-11-03 08:40:05+00:00,synthetic,synth_01189,,0.0,28.6139,77.209
94,36.1,35.5,43,46,2025-11-03 09:40:05+00:00,synthetic,synth_01190,,0.0,28.6139,77.209
99,35.8,36.2,5,5,2025-11-03 10:40:05+00:00,synthetic,synth_01191,,0.0,28.6139,77.209
94,35.5,36.2,52,52,2025-11-03 11:40:05+00:00,synthetic,synth_01192,,0.0,28.6139,77.209
90,35.0,40.1,26,26,2025-11-03 12:40:05+00:00,synthetic,synth_01193,,0.0,28.6139,77.209
87,35.8,38.9,34,35,2025-11-03 13:40:05+00:00,synthetic,synth_01194,,0.0,28.6139,77.209
87,33.0,45.2,32,34,2025-11-03 14:40:05+00:00,synthetic,synth_01195,,0.0,28.6139,77.209
95,31.5,45.6,16,16,2025-11-03 15:40:05+00:00,synthetic,synth_01196,,0.0,28.6139,77.209
100,30.8,49.4,6,12,2025-11-03 16:40:05+00:00,synthetic,synth_01197,,0.0,28.6139,77.209
101,29.4,50.4,5,5,2025-11-03 17:40:05+00:00,synthetic,synth_01198,,0.0,28.6139,77.209
106,29.9,50.7,51,51,2025-11-03 18:40:05+00:00,synthetic,synth_01199,,0.0,28.6139,77.209
108,29.4,50.4,31,33,2025-11-03 19:40:05+00:00,synthetic,synth_01200,,0.0,28.6139,77.209
108,27.8,57.6,77,79,2025-11-03 20:40:05+00:00,synthetic,synth_01201,,0.0,28.6139,77.209
101,27.8,55.6,24,29,2025-11-03 21:40:05+00:00,synthetic,synth_01202,,0.0,28.6139,77.209
97,28.1,49.4,5,9,2025-11-03 22:40:05+00:00,synthetic,synth_01203,,0.0,28.6139,77.209
98,27.7,54.2,13,15,2025-11-03 23:40:05+00:00,synthetic,synth_01204,,0.0,28.6139,77.209
94,29.8,53.0,62,68,2025-11-04 00:40:05+00:00,synthetic,synth_01205,,0.0,28.6139,77.209
93,29.0,50.8,41,42,2025-11-04 01:40:05+00:00,synthetic,synth_01206,,0.0,28.6139,77.209
90,30.9,47.4,19,19,2025-11-04 02:40:05+00:00,synthetic,synth_01207,,0.0,28.6139,77.209
84,31.2,46.0,6,9,2025-11-04 03:40:05+00:00,synthetic,synth_01208,,0.0,28.6139,77.209
91,33.4,45.8,63,73,2025-11-04 04:40:05+00:00,synthetic,synth_01209,,0.0,28.6139,77.209
101,33.9,44.9,34,34,2025-11-04 05:40:05+00:00,synthetic,synth_01210,,0.0,28.6139,77.209
106,34.7,39.7,30,33,2025-11-04 06:40:05+00:00,synthetic,synth_01211,,0.0,28.6139,77.209
110,36.3,36.7,29,31,2025-11-04 07:40:05+00:00,synthetic,synth_01212,,0.0,28.6139,77.209
111,35.4,42.4,62,64,2025-11-04 08:40:05+00:00,synthetic,synth_01213,,0.0,28.6139,77.209
116,36.3,39.1,24,24,2025-11-04 09:40:05+00:00,synthetic,synth_01214,,0.0,28.6139,77.209
100,35.0,38.2,23,23,2025-11-04 10:40:05+00:00,synthetic,synth_01215,,0.0,28.6139,77.209
96,34.5,42.7,9,9,2025-11-04 11:40:05+00:00,synthetic,synth_01216,,0.0,28.6139,77.209
92,35.5,34.4,45,51,2025-11-04 12:40:05+00:00,synthetic,synth_01217,,0.0,28.6139,77.209
88,33.4,41.7,13,13,2025-11-04 13:40:05+00:00,synthetic,synth_01218,,0.0,28.6139,77.209
85,33.2,46.9,60,60,2025-11-04 14:40:05+00:00,synthetic,synth_01219,,0.0,28.6139,77.209
91,31.8,47.0,31,34,2025-11-04 15:40:05+00:00,synthetic,synth_01220,,0.0,28.6139,77.209
99,30.2,49.2,57,60,2025-11-04 16:40:05+00:00,synthetic,synth_01221,,0.0,28.6139,77.209
111,31.1,49.6,65,65,2025-11-04 17:40:05+00:00,synthetic,synth_01222,,0.0,28.6139,77.209
110,29.4,53.0,65,66,2025-11-04 18:40:05+00:00,synthetic,synth_01223,,0.0,28.6139,77.209
108,27.5,52.5,14,18,2025-11-04 19:40:05+00:00,synthetic,synth_01224,,0.0,28.6139,77.209
104,27.8,56.9,44,48,2025-11-04 20:40:05+00:00,synthetic,synth_01225,,0.0,28.6139,77.209
105,26.8,59.8,27,30,2025-11-04 21:40:05+00:00,synthetic,synth_01226,,0.0,28.6139,77.209
108,28.6,54.3,35,35,2025-11-04 22:40:05+00:00,synthetic,synth_01227,,0.0,28.6139,77.209
100,28.2,53.8,23,23,2025-11-04 23:40:05+00:00,synthetic,synth_01228,,0.0,28.6139,77.209
101,30.2,52.4,76,80,2025-11-05 00:40:05+00:00,synthetic,synth_01229,,0.0,28.6139,77.209
104,29.5,50.2,43,46,2025-11-05 01:40:05+00:00,synthetic,synth_01230,,0.0,28.6139,77.209
100,31.1,50.0,47,48,2025-11-05 02:40:05+00:00,synthetic,synth_01231,,0.0,28.6139,77.209
93,31.4,44.2,33,35,2025-11-05 03:40:05+00:00,synthetic,synth_01232,,0.0,28.6139,77.209
96,32.7,46.7,59,61,2025-11-05 04:40:05+00:00,synthetic,synth_01233,,0.0,28.6139,77.209
94,34.1,44.4,55,62,2025-11-05 05:40:05+00:00,synthetic,synth_01234,,0.0,28.6139,77.209
101,34.3,42.4,48,48,2025-11-05 06:40:05+00:00,synthetic,synth_01235,,0.0,28.6139,77.209
107,34.8,39.9,18,18,2025-11-05 07:40:05+00:00,synthetic,synth_01236,,0.0,28.6139,77.209
104,34.6,42.4,54,54,2025-11-05 08:40:05+00:00,synthetic,synth_01237,,0.0,28.6139,77.209
107,35.2,36.6,10,10,2025-11-05 09:40:05+00:00,synthetic,synth_01238,,0.0,28.6139,77.209
104,35.3,39.7,34,38,2025-11-05 10:40:05+00:00,synthetic,synth_01239,,0.0,28.6139,77.209
109,36.9,39.6,82,91,2025-11-05 11:40:05+00:00,synthetic,synth_01240,,0.0,28.6139,77.209
106,35.8,38.2,25,28,2025-11-05 12:40:05+00:00,synthetic,synth_01241,,0.0,28.6139,77.209
98,33.8,41.5,50,54,2025-11-05 13:40:05+00:00,synthetic,synth_01242,,0.0,28.6139,77.209
94,32.2,45.2,5,5,2025-11-05 14:40:05+00:00,synthetic,synth_01243,,0.0,28.6139,77.209
103,31.6,46.0,17,19,2025-11-05 15:40:05+00:00,synthetic,synth_01244,,0.0,28.6139,77.209
106,30.0,52.2,30,35,2025-11-05 16:40:05+00:00,synthetic,synth_01245,,0.0,28.6139,77.209
97,31.9,46.3,37,39,2025-11-05 17:40:05+00:00,synthetic,synth_01246,,0.0,28.6139,77.209
99,28.9,51.3,35,37,2025-11-05 18:40:05+00:00,synthetic,synth_01247,,0.0,28.6139,77.209
103,28.8,51.9,49,51,2025-11-05 19:40:05+00:00,synthetic,synth_01248,,0.0,28.6139,77.209
100,27.5,58.7,10,10,2025-11-05 20:40:05+00:00,synthetic,synth_01249,,0.0,28.6139,77.209
107,28.6,53.5,36,36,2025-11-05 21:40:05+00:00,synthetic,synth_01250,,0.0,28.6139,77.209
106,26.9,55.1,31,38,2025-11-05 22:40:05+00:00,synthetic,synth_01251,,0.0,28.6139,77.209
105,27.1,56.6,36,36,2025-11-05 23:40:05+00:00,synthetic,synth_01252,,0.0,28.6139,77.209
93,30.0,48.2,47,51,2025-11-06 00:40:05+00:00,synthetic,synth_01253,,0.0,28.6139,77.209
94,30.1,49.2,10,10,2025-11-06 01:40:05+00:00,synthetic,synth_01254,,0.0,28.6139,77.209
99,30.9,48.2,44,44,2025-11-06 02:40:05+00:00,synthetic,synth_01255,,0.0,28.6139,77.209
96,30.0,48.6,5,5,2025-11-06 03:40:05+00:00,synthetic,synth_01256,,0.0,28.6139,77.209
100,34.1,43.9,61,61,2025-11-06 04:40:05+00:00,synthetic,synth_01257,,0.0,28.6139,77.209
103,34.7,45.4,60,60,2025-11-06 05:40:05+00:00,synthetic,synth_01258,,0.0,28.6139,77.209
106,35.7,39.3,38,39,2025-11-06 06:40:05+00:00,synthetic,synth_01259,,0.0,28.6139,77.209
101,35.5,40.4,15,15,2025-11-06 07:40:05+00:00,synthetic,synth_01260,,0.0,28.6139,77.209
104,36.1,36.6,8,8,2025-11-06 08:40:05+00:00,synthetic,synth_01261,,0.0,28.6139,77.209
103,36.0,36.9,54,58,2025-11-06 09:40:05+00:00,synthetic,synth_01262,,0.0,28.6139,77.209
101,36.2,38.5,7,11,2025-11-06 10:40:05+00:00,synthetic,synth_01263,,0.0,28.6139,77.209
102,34.3,42.6,21,22,2025-11-06 11:40:05+00:00,synthetic,synth_01264,,0.0,28.6139,77.209
95,34.6,41.2,52,52,2025-11-06 12:40:05+00:00,synthetic,synth_01265,,0.0,28.6139,77.209
88,34.6,41.2,10,10,2025-11-06 13:40:05+00:00,synthetic,synth_01266,,0.0,28.6139,77.209
91,33.2,42.4,11,11,2025-11-06 14:40:05+00:00,synthetic,synth_01267,,0.0,28.6139,77.209
91,32.4,39.2,28,29,2025-11-06 15:40:05+00:00,synthetic,synth_01268,,0.0,28.6139,77.209
100,30.9,50.6,7,8,2025-11-06 16:40:05+00:00,synthetic,synth_01269,,0.0,28.6139,77.209
99,29.3,50.1,38,41,2025-11-06 17:40:05+00:00,synthetic,synth_01270,,0.0,28.6139,77.209
107,28.2,54.7,51,51,2025-11-06 18:40:05+00:00,synthetic,synth_01271,,0.0,28.6139,77.209
111,30.5,49.3,47,49,2025-11-06 19:40:05+00:00,synthetic,synth_01272,,0.0,28.6139,77.209
115,25.6,58.1,5,5,2025-11-06 20:40:05+00:00,synthetic,synth_01273,,0.0,28.6139,77.209
115,26.1,61.2,23,23,2025-11-06 21:40:05+00:00,synthetic,synth_01274,,0.0,28.6139,77.209
115,27.7,55.5,38,38,2025-11-06 22:40:05+00:00,synthetic,synth_01275,,0.0,28.6139,77.209
117,28.0,51.9,7,7,2025-11-06 23:40:05+00:00,synthetic,synth_01276,,0.0,28.6139,77.209
108,29.9,52.2,45,46,2025-11-07 00:40:05+00:00,synthetic,synth_01277,,0.0,28.6139,77.209
105,30.2,46.6,38,39,2025-11-07 01:40:05+00:00,synthetic,synth_01278,,0.0,28.6139,77.209
99,30.0,43.7,18,18,2025-11-07 02:40:05+00:00,synthetic,synth_01279,,0.0,28.6139,77.209
100,31.0,50.5,23,26,2025-11-07 03:40:05+00:00,synthetic,synth_01280,,0.0,28.6139,77.209
97,32.7,45.0,46,46,2025-11-07 04:40:05+00:00,synthetic,synth_01281,,0.0,28.6139,77.209
104,34.1,44.8,37,37,2025-11-07 05:40:05+00:00,synthetic,synth_01282,,0.0,28.6139,77.209
105,35.6,37.9,50,56,2025-11-07 06:40:05+00:00,synthetic,synth_01283,,0.0,28.6139,77.209
104,36.4,37.6,27,27,2025-11-07 07:40:05+00:00,synthetic,synth_01284,,0.0,28.6139,77.209
108,34.9,40.5,18,20,2025-11-07 08:40:05+00:00,synthetic,synth_01285,,0.0,28.6139,77.209
106,36.2,36.6,59,66,2025-11-07 09:40:05+00:00,synthetic,synth_01286,,0.0,28.6139,77.209
106,37.3,33.7,32,32,2025-11-07 10:40:05+00:00,synthetic,synth_01287,,0.0,28.6139,77.209
104,36.9,37.3,37,39,2025-11-07 11:40:05+00:00,synthetic,synth_01288,,0.0,28.6139,77.209
101,36.5,37.7,5,5,2025-11-07 12:40:05+00:00,synthetic,synth_01289,,0.0,28.6139,77.209
101,33.6,44.0,34,34,2025-11-07 13:40:05+00:00,synthetic,synth_01290,,0.0,28.6139,77.209
104,34.0,45.0,41,44,2025-11-07 14:40:05+00:00,synthetic,synth_01291,,0.0,28.6139,77.209
105,32.0,46.2,18,25,2025-11-07 15:40:05+00:00,synthetic,synth_01292,,0.0,28.6139,77.209
98,31.7,47.6,5,5,2025-11-07 16:40:05+00:00,synthetic,synth_01293,,0.0,28.6139,77.209
107,32.4,43.0,41,46,2025-11-07 17:40:05+00:00,synthetic,synth_01294,,0.0,28.6139,77.209
111,29.0,53.0,38,41,2025-11-07 18:40:05+00:00,synthetic,synth_01295,,0.0,28.6139,77.209
115,28.0,52.2,19,22,2025-11-07 19:40:05+00:00,synthetic,synth_01296,,0.0,28.6139,77.209
112,29.5,53.0,90,92,2025-11-07 20:40:05+00:00,synthetic,synth_01297,,0.0,28.6139,77.209
109,28.5,52.6,55,57,2025-11-07 21:40:05+00:00,synthetic,synth_01298,,0.0,28.6139,77.209
107,27.4,55.6,61,61,2025-11-07 22:40:05+00:00,synthetic,synth_01299,,0.0,28.6139,77.209
102,27.3,55.6,21,21,2025-11-07 23:40:05+00:00,synthetic,synth_01300,,0.0,28.6139,77.209
99,31.0,46.3,72,75,2025-11-08 00:40:05+00:00,synthetic,synth_01301,,0.0,28.6139,77.209
96,29.5,51.4,23,23,2025-11-08 01:40:05+00:00,synthetic,synth_01302,,0.0,28.6139,77.209
91,31.2,49.8,33,36,2025-11-08 02:40:05+00:00,synthetic,synth_01303,,0.0,28.6139,77.209
93,32.1,46.6,56,56,2025-11-08 03:40:05+00:00,synthetic,synth_01304,,0.0,28.6139,77.209
90,33.5,43.5,47,47,2025-11-08 04:40:05+00:00,synthetic,synth_01305,,0.0,28.6139,77.209
93,33.3,43.0,31,31,2025-11-08 05:40:05+00:00,synthetic,synth_01306,,0.0,28.6139,77.209
96,35.7,41.6,21,22,2025-11-08 06:40:05+00:00,synthetic,synth_01307,,0.0,28.6139,77.209
94,36.7,36.5,29,31,2025-11-08 07:40:05+00:00,synthetic,synth_01308,,0.0,28.6139,77.209
93,34.3,39.7,5,5,2025-11-08 08:40:05+00:00,synthetic,synth_01309,,0.0,28.6139,77.209
104,34.8,39.7,37,37,2025-11-08 09:40:05+00:00,synthetic,synth_01310,,0.0,28.6139,77.209
104,35.2,41.5,59,66,2025-11-08 10:40:05+00:00,synthetic,synth_01311,,0.0,28.6139,77.209
110,37.5,34.6,18,20,2025-11-08 11:40:05+00:00,synthetic,synth_01312,,0.0,28.6139,77.209
99,34.0,42.0,48,50,2025-11-08 12:40:05+00:00,synthetic,synth_01313,,0.0,28.6139,77.209
94,35.4,37.2,46,47,2025-11-08 13:40:05+00:00,synthetic,synth_01314,,0.0,28.6139,77.209
92,32.8,43.6,43,44,2025-11-08 14:40:05+00:00,synthetic,synth_01315,,0.0,28.6139,77.209
95,31.1,47.2,23,23,2025-11-08 15:40:05+00:00,synthetic,synth_01316,,0.0,28.6139,77.209
96,31.6,46.5,11,11,2025-11-08 16:40:05+00:00,synthetic,synth_01317,,0.0,28.6139,77.209
99,30.9,50.1,48,52,2025-11-08 17:40:05+00:00,synthetic,synth_01318,,0.0,28.6139,77.209
98,29.1,51.4,31,34,2025-11-08 18:40:05+00:00,synthetic,synth_01319,,0.0,28.6139,77.209
104,28.1,56.9,56,60,2025-11-08 19:40:05+00:00,synthetic,synth_01320,,0.0,28.6139,77.209
98,28.5,51.0,40,46,2025-11-08 20:40:05+00:00,synthetic,synth_01321,,0.0,28.6139,77.209
95,28.4,55.9,48,57,2025-11-08 21:40:05+00:00,synthetic,synth_01322,,0.0,28.6139,77.209
100,26.2,58.1,22,24,2025-11-08 22:40:05+00:00,synthetic,synth_01323,,0.0,28.6139,77.209
99,28.8,53.8,21,21,2025-11-08 23:40:05+00:00,synthetic,synth_01324,,0.0,28.6139,77.209
90,29.1,50.4,57,66,2025-11-09 00:40:05+00:00,synthetic,synth_01325,,0.0,28.6139,77.209
88,30.7,49.7,69,78,2025-11-09 01:40:05+00:00,synthetic,synth_01326,,0.0,28.6139,77.209
84,30.4,49.2,48,49,2025-11-09 02:40:05+00:00,synthetic,synth_01327,,0.0,28.6139,77.209
83,33.4,45.5,47,48,2025-11-09 03:40:05+00:00,synthetic,synth_01328,,0.0,28.6139,77.209
85,31.9,47.9,36,36,2025-11-09 04:40:05+00:00,synthetic,synth_01329,,0.0,28.6139,77.209
82,33.3,46.7,19,19,2025-11-09 05:40:05+00:00,synthetic,synth_01330,,0.0,28.6139,77.209
87,34.6,42.0,29,30,2025-11-09 06:40:05+00:00,synthetic,synth_01331,,0.0,28.6139,77.209
97,35.0,44.6,52,52,2025-11-09 07:40:05+00:00,synthetic,synth_01332,,0.0,28.6139,77.209
106,36.6,37.6,76,82,2025-11-09 08:40:05+00:00,synthetic,synth_01333,,0.0,28.6139,77.209
109,36.3,40.8,47,51,2025-11-09 09:40:05+00:00,synthetic,synth_01334,,0.0,28.6139,77.209
103,36.0,38.6,42,48,2025-11-09 10:40:05+00:00,synthetic,synth_01335,,0.0,28.6139,77.209
95,37.0,37.9,7,7,2025-11-09 11:40:05+00:00,synthetic,synth_01336,,0.0,28.6139,77.209
84,31.9,45.4,5,5,2025-11-09 12:40:05+00:00,synthetic,synth_01337,,0.0,28.6139,77.209
76,33.9,45.2,34,37,2025-11-09 13:40:05+00:00,synthetic,synth_01338,,0.0,28.6139,77.209
77,32.9,43.2,65,75,2025-11-09 14:40:05+00:00,synthetic,synth_01339,,0.0,28.6139,77.209
79,31.0,49.8,28,31,2025-11-09 15:40:05+00:00,synthetic,synth_01340,,0.0,28.6139,77.209
80,29.8,50.4,9,9,2025-11-09 16:40:05+00:00,synthetic,synth_01341,,0.0,28.6139,77.209
83,29.5,51.8,19,19,2025-11-09 17:40:05+00:00,synthetic,synth_01342,,0.0,28.6139,77.209
89,29.0,52.1,5,7,2025-11-09 18:40:05+00:00,synthetic,synth_01343,,0.0,28.6139,77.209
89,29.7,52.9,32,33,2025-11-09 19:40:05+00:00,synthetic,synth_01344,,0.0,28.6139,77.209
94,27.9,53.5,36,38,2025-11-09 20:40:05+00:00,synthetic,synth_01345,,0.0,28.6139,77.209
93,28.8,55.9,50,56,2025-11-09 21:40:05+00:00,synthetic,synth_01346,,0.0,28.6139,77.209
91,27.1,56.9,36,38,2025-11-09 22:40:05+00:00,synthetic,synth_01347,,0.0,28.6139,77.209
92,27.2,57.1,21,21,2025-11-09 23:40:05+00:00,synthetic,synth_01348,,0.0,28.6139,77.209
94,31.0,52.0,85,90,2025-11-10 00:40:05+00:00,synthetic,synth_01349,,0.0,28.6139,77.209
85,28.9,48.9,12,12,2025-11-10 01:40:05+00:00,synthetic,synth_01350,,0.0,28.6139,77.209
88,31.9,48.0,41,41,2025-11-10 02:40:05+00:00,synthetic,synth_01351,,0.0,28.6139,77.209
83,30.2,48.8,5,5,2025-11-10 03:40:05+00:00,synthetic,synth_01352,,0.0,28.6139,77.209
86,33.6,41.4,33,34,2025-11-10 04:40:05+00:00,synthetic,synth_01353,,0.0,28.6139,77.209
89,34.8,39.9,48,51,2025-11-10 05:40:05+00:00,synthetic,synth_01354,,0.0,28.6139,77.209
92,35.0,43.9,35,36,2025-11-10 06:40:05+00:00,synthetic,synth_01355,,0.0,28.6139,77.209
94,34.1,42.9,41,41,2025-11-10 07:40:05+00:00,synthetic,synth_01356,,0.0,28.6139,77.209
94,36.4,37.5,27,32,2025-11-10 08:40:05+00:00,synthetic,synth_01357,,0.0,28.6139,77.209
100,36.0,37.1,22,22,2025-11-10 09:40:05+00:00,synthetic,synth_01358,,0.0,28.6139,77.209
105,35.8,36.8,32,32,2025-11-10 10:40:05+00:00,synthetic,synth_01359,,0.0,28.6139,77.209
101,36.6,37.8,43,54,2025-11-10 11:40:05+00:00,synthetic,synth_01360,,0.0,28.6139,77.209
105,34.7,41.2,48,53,2025-11-10 12:40:05+00:00,synthetic,synth_01361,,0.0,28.6139,77.209
102,33.5,44.9,28,32,2025-11-10 13:40:05+00:00,synthetic,synth_01362,,0.0,28.6139,77.209
102,30.4,49.5,30,31,2025-11-10 14:40:05+00:00,synthetic,synth_01363,,0.0,28.6139,77.209
101,32.1,46.5,13,15,2025-11-10 15:40:05+00:00,synthetic,synth_01364,,0.0,28.6139,77.209
104,31.0,48.4,29,32,2025-11-10 16:40:05+00:00,synthetic,synth_01365,,0.0,28.6139,77.209
107,33.1,46.0,58,66,2025-11-10 17:40:05+00:00,synthetic,synth_01366,,0.0,28.6139,77.209
106,28.6,51.8,24,24,2025-11-10 18:40:05+00:00,synthetic,synth_01367,,0.0,28.6139,77.209
102,29.3,53.1,38,38,2025-11-10 19:40:05+00:00,synthetic,synth_01368,,0.0,28.6139,77.209
101,29.5,48.2,40,40,2025-11-10 20:40:05+00:00,synthetic,synth_01369,,0.0,28.6139,77.209
95,28.8,54.2,56,57,2025-11-10 21:40:05+00:00,synthetic,synth_01370,,0.0,28.6139,77.209
95,28.8,55.4,75,75,2025-11-10 22:40:05+00:00,synthetic,synth_01371,,0.0,28.6139,77.209
88,28.9,53.7,24,24,2025-11-10 23:40:05+00:00,synthetic,synth_01372,,0.0,28.6139,77.209
98,28.6,52.7,15,19,2025-11-11 00:40:05+00:00,synthetic,synth_01373,,0.0,28.6139,77.209
94,29.0,50.9,23,25,2025-11-11 01:40:05+00:00,synthetic,synth_01374,,0.0,28.6139,77.209
93,28.5,50.8,13,17,2025-11-11 02:40:05+00:00,synthetic,synth_01375,,0.0,28.6139,77.209
98,31.4,48.2,36,42,2025-11-11 03:40:05+00:00,synthetic,synth_01376,,0.0,28.6139,77.209
97,30.7,48.3,36,36,2025-11-11 04:40:05+00:00,synthetic,synth_01377,,0.0,28.6139,77.209
95,32.7,47.0,45,46,2025-11-11 05:40:05+00:00,synthetic,synth_01378,,0.0,28.6139,77.209
93,36.8,38.8,35,40,2025-11-11 06:40:05+00:00,synthetic,synth_01379,,0.0,28.6139,77.209
97,36.5,33.3,57,63,2025-11-11 07:40:05+00:00,synthetic,synth_01380,,0.0,28.6139,77.209
102,34.7,37.1,16,23,2025-11-11 08:40:05+00:00,synthetic,synth_01381,,0.0,28.6139,77.209
108,37.7,38.3,89,94,2025-11-11 09:40:05+00:00,synthetic,synth_01382,,0.0,28.6139,77.209
106,37.6,35.3,54,57,2025-11-11 10:40:05+00:00,synthetic,synth_01383,,0.0,28.6139,77.209
106,34.7,44.6,48,49,2025-11-11 11:40:05+00:00,synthetic,synth_01384,,0.0,28.6139,77.209
98,36.4,37.7,91,97,2025-11-11 12:40:05+00:00,synthetic,synth_01385,,0.0,28.6139,77.209
95,33.9,42.1,39,39,2025-11-11 13:40:05+00:00,synthetic,synth_01386,,0.0,28.6139,77.209
102,34.1,46.1,65,68,2025-11-11 14:40:05+00:00,synthetic,synth_01387,,0.0,28.6139,77.209
101,32.0,48.2,33,36,2025-11-11 15:40:05+00:00,synthetic,synth_01388,,0.0,28.6139,77.209
105,30.6,47.0,45,47,2025-11-11 16:40:05+00:00,synthetic,synth_01389,,0.0,28.6139,77.209
106,32.4,43.7,28,31,2025-11-11 17:40:05+00:00,synthetic,synth_01390,,0.0,28.6139,77.209
105,30.0,52.9,35,35,2025-11-11 18:40:05+00:00,synthetic,synth_01391,,0.0,28.6139,77.209
108,30.9,51.1,52,52,2025-11-11 19:40:05+00:00,synthetic,synth_01392,,0.0,28.6139,77.209
105,28.4,53.7,18,18,2025-11-11 20:40:05+00:00,synthetic,synth_01393,,0.0,28.6139,77.209
108,28.6,54.2,52,55,2025-11-11 21:40:05+00:00,synthetic,synth_01394,,0.0,28.6139,77.209
104,27.8,50.2,19,19,2025-11-11 22:40:05+00:00,synthetic,synth_01395,,0.0,28.6139,77.209
98,28.6,53.3,17,18,2025-11-11 23:40:05+00:00,synthetic,synth_01396,,0.0,28.6139,77.209
98,29.5,49.6,67,71,2025-11-12 00:40:05+00:00,synthetic,synth_01397,,0.0,28.6139,77.209
95,29.4,50.8,17,17,2025-11-12 01:40:05+00:00,synthetic,synth_01398,,0.0,28.6139,77.209
92,31.7,47.9,53,55,2025-11-12 02:40:05+00:00,synthetic,synth_01399,,0.0,28.6139,77.209
94,32.6,45.6,62,62,2025-11-12 03:40:05+00:00,synthetic,synth_01400,,0.0,28.6139,77.209
103,31.3,46.7,5,5,2025-11-12 04:40:05+00:00,synthetic,synth_01401,,0.0,28.6139,77.209
98,33.2,44.5,38,40,2025-11-12 05:40:05+00:00,synthetic,synth_01402,,0.0,28.6139,77.209
97,34.5,42.8,20,20,2025-11-12 06:40:05+00:00,synthetic,synth_01403,,0.0,28.6139,77.209
103,35.9,37.2,27,27,2025-11-12 07:40:05+00:00,synthetic,synth_01404,,0.0,28.6139,77.209
103,35.1,41.3,32,34,2025-11-12 08:40:05+00:00,synthetic,synth_01405,,0.0,28.6139,77.209
106,36.0,39.5,36,42,2025-11-12 09:40:05+00:00,synthetic,synth_01406,,0.0,28.6139,77.209
105,35.4,37.4,15,21,2025-11-12 10:40:05+00:00,synthetic,synth_01407,,0.0,28.6139,77.209
99,34.2,42.7,36,36,2025-11-12 11:40:05+00:00,synthetic,synth_01408,,0.0,28.6139,77.209
92,36.2,38.7,42,49,2025-11-12 12:40:05+00:00,synthetic,synth_01409,,0.0,28.6139,77.209
89,33.6,40.1,5,5,2025-11-12 13:40:05+00:00,synthetic,synth_01410,,0.0,28.6139,77.209
92,32.9,44.3,59,66,2025-11-12 14:40:05+00:00,synthetic,synth_01411,,0.0,28.6139,77.209
91,32.4,44.3,21,21,2025-11-12 15:40:05+00:00,synthetic,synth_01412,,0.0,28.6139,77.209
103,30.3,48.9,19,19,2025-11-12 16:40:05+00:00,synthetic,synth_01413,,0.0,28.6139,77.209
112,30.9,47.4,57,57,2025-11-12 17:40:05+00:00,synthetic,synth_01414,,0.0,28.6139,77.209
116,28.8,51.3,17,20,2025-11-12 18:40:05+00:00,synthetic,synth_01415,,0.0,28.6139,77.209
116,27.7,57.3,75,76,2025-11-12 19:40:05+00:00,synthetic,synth_01416,,0.0,28.6139,77.209
121,26.9,55.8,42,42,2025-11-12 20:40:05+00:00,synthetic,synth_01417,,0.0,28.6139,77.209
113,28.2,55.3,51,55,2025-11-12 21:40:05+00:00,synthetic,synth_01418,,0.0,28.6139,77.209
107,27.3,58.0,38,42,2025-11-12 22:40:05+00:00,synthetic,synth_01419,,0.0,28.6139,77.209
104,28.0,52.8,32,32,2025-11-12 23:40:05+00:00,synthetic,synth_01420,,0.0,28.6139,77.209
101,29.8,50.3,35,35,2025-11-13 00:40:05+00:00,synthetic,synth_01421,,0.0,28.6139,77.209
102,31.3,50.0,65,73,2025-11-13 01:40:05+00:00,synthetic,synth_01422,,0.0,28.6139,77.209
101,30.6,47.3,45,47,2025-11-13 02:40:05+00:00,synthetic,synth_01423,,0.0,28.6139,77.209
100,32.5,48.5,69,72,2025-11-13 03:40:05+00:00,synthetic,synth_01424,,0.0,28.6139,77.209
93,32.7,44.6,23,24,2025-11-13 04:40:05+00:00,synthetic,synth_01425,,0.0,28.6139,77.209
94,34.5,44.6,71,77,2025-11-13 05:40:05+00:00,synthetic,synth_01426,,0.0,28.6139,77.209
100,32.6,45.1,44,47,2025-11-13 06:40:05+00:00,synthetic,synth_01427,,0.0,28.6139,77.209
105,33.8,42.4,5,8,2025-11-13 07:40:05+00:00,synthetic,synth_01428,,0.0,28.6139,77.209
107,35.9,37.2,34,38,2025-11-13 08:40:05+00:00,synthetic,synth_01429,,0.0,28.6139,77.209
109,34.2,42.4,24,26,2025-11-13 09:40:05+00:00,synthetic,synth_01430,,0.0,28.6139,77.209
115,34.3,40.1,6,6,2025-11-13 10:40:05+00:00,synthetic,synth_01431,,0.0,28.6139,77.209
117,35.5,39.1,41,46,2025-11-13 11:40:05+00:00,synthetic,synth_01432,,0.0,28.6139,77.209
105,34.8,39.6,56,59,2025-11-13 12:40:05+00:00,synthetic,synth_01433,,0.0,28.6139,77.209
103,33.5,46.8,44,45,2025-11-13 13:40:05+00:00,synthetic,synth_01434,,0.0,28.6139,77.209
98,33.7,43.0,45,45,2025-11-13 14:40:05+00:00,synthetic,synth_01435,,0.0,28.6139,77.209
92,33.2,47.3,41,45,2025-11-13 15:40:05+00:00,synthetic,synth_01436,,0.0,28.6139,77.209
94,32.6,46.3,54,59,2025-11-13 16:40:05+00:00,synthetic,synth_01437,,0.0,28.6139,77.209
100,28.8,51.8,29,32,2025-11-13 17:40:05+00:00,synthetic,synth_01438,,0.0,28.6139,77.209
98,29.9,48.2,15,15,2025-11-13 18:40:05+00:00,synthetic,synth_01439,,0.0,28.6139,77.209
108,29.3,51.9,24,24,2025-11-13 19:40:05+00:00,synthetic,synth_01440,,0.0,28.6139,77.209
99,28.3,51.9,25,28,2025-11-13 20:40:05+00:00,synthetic,synth_01441,,0.0,28.6139,77.209
102,28.5,51.4,32,38,2025-11-13 21:40:05+00:00,synthetic,synth_01442,,0.0,28.6139,77.209
102,30.0,48.4,43,49,2025-11-13 22:40:05+00:00,synthetic,synth_01443,,0.0,28.6139,77.209
100,27.9,53.9,53,58,2025-11-13 23:40:05+00:00,synthetic,synth_01444,,0.0,28.6139,77.209
104,29.5,54.3,64,70,2025-11-14 00:40:05+00:00,synthetic,synth_01445,,0.0,28.6139,77.209
102,30.2,47.6,39,42,2025-11-14 01:40:05+00:00,synthetic,synth_01446,,0.0,28.6139,77.209
93,31.7,48.2,43,49,2025-11-14 02:40:05+00:00,synthetic,synth_01447,,0.0,28.6139,77.209
102,32.1,46.8,41,42,2025-11-14 03:40:05+00:00,synthetic,synth_01448,,0.0,28.6139,77.209
100,35.0,38.8,53,53,2025-11-14 04:40:05+00:00,synthetic,synth_01449,,0.0,28.6139,77.209
107,32.1,46.7,34,36,2025-11-14 05:40:05+00:00,synthetic,synth_01450,,0.0,28.6139,77.209
106,35.9,37.6,45,46,2025-11-14 06:40:05+00:00,synthetic,synth_01451,,0.0,28.6139,77.209
103,36.0,39.4,32,34,2025-11-14 07:40:05+00:00,synthetic,synth_01452,,0.0,28.6139,77.209
108,35.0,40.1,23,25,2025-11-14 08:40:05+00:00,synthetic,synth_01453,,0.0,28.6139,77.209
109,38.4,35.4,33,33,2025-11-14 09:40:05+00:00,synthetic,synth_01454,,0.0,28.6139,77.209
105,36.0,35.1,27,27,2025-11-14 10:40:05+00:00,synthetic,synth_01455,,0.0,28.6139,77.209
103,36.7,34.6,28,34,2025-11-14 11:40:05+00:00,synthetic,synth_01456,,0.0,28.6139,77.209
100,37.1,35.8,52,54,2025-11-14 12:40:05+00:00,synthetic,synth_01457,,0.0,28.6139,77.209
89,34.8,41.6,28,28,2025-11-14 13:40:05+00:00,synthetic,synth_01458,,0.0,28.6139,77.209
88,33.4,44.7,56,62,2025-11-14 14:40:05+00:00,synthetic,synth_01459,,0.0,28.6139,77.209
95,30.7,49.1,7,7,2025-11-14 15:40:05+00:00,synthetic,synth_01460,,0.0,28.6139,77.209
101,31.4,49.2,36,42,2025-11-14 16:40:05+00:00,synthetic,synth_01461,,0.0,28.6139,77.209
99,31.7,45.1,46,52,2025-11-14 17:40:05+00:00,synthetic,synth_01462,,0.0,28.6139,77.209
107,28.6,54.6,39,39,2025-11-14 18:40:05+00:00,synthetic,synth_01463,,0.0,28.6139,77.209
103,29.3,51.6,44,44,2025-11-14 19:40:05+00:00,synthetic,synth_01464,,0.0,28.6139,77.209
95,28.0,53.7,19,19,2025-11-14 20:40:05+00:00,synthetic,synth_01465,,0.0,28.6139,77.209
95,29.4,54.3,46,46,2025-11-14 21:40:05+00:00,synthetic,synth_01466,,0.0,28.6139,77.209
99,28.6,50.2,43,46,2025-11-14 22:40:05+00:00,synthetic,synth_01467,,0.0,28.6139,77.209
101,28.8,53.9,50,54,2025-11-14 23:40:05+00:00,synthetic,synth_01468,,0.0,28.6139,77.209
98,28.7,53.2,38,40,2025-11-15 00:40:05+00:00,synthetic,synth_01469,,0.0,28.6139,77.209
96,30.5,49.2,64,64,2025-11-15 01:40:05+00:00,synthetic,synth_01470,,0.0,28.6139,77.209
89,31.1,46.3,36,36,2025-11-15 02:40:05+00:00,synthetic,synth_01471,,0.0,28.6139,77.209
86,32.6,45.8,45,45,2025-11-15 03:40:05+00:00,synthetic,synth_01472,,0.0,28.6139,77.209
92,32.3,47.3,42,43,2025-11-15 04:40:05+00:00,synthetic,synth_01473,,0.0,28.6139,77.209
93,33.0,44.2,15,18,2025-11-15 05:40:05+00:00,synthetic,synth_01474,,0.0,28.6139,77.209
101,32.7,40.8,20,20,2025-11-15 06:40:05+00:00,synthetic,synth_01475,,0.0,28.6139,77.209
101,33.9,39.4,40,42,2025-11-15 07:40:05+00:00,synthetic,synth_01476,,0.0,28.6139,77.209
100,35.3,41.1,5,5,2025-11-15 08:40:05+00:00,synthetic,synth_01477,,0.0,28.6139,77.209
101,36.2,37.6,5,5,2025-11-15 09:40:05+00:00,synthetic,synth_01478,,0.0,28.6139,77.209
100,35.5,37.1,32,32,2025-11-15 10:40:05+00:00,synthetic,synth_01479,,0.0,28.6139,77.209
87,36.2,37.3,32,34,2025-11-15 11:40:05+00:00,synthetic,synth_01480,,0.0,28.6139,77.209
87,34.9,40.1,26,29,2025-11-15 12:40:05+00:00,synthetic,synth_01481,,0.0,28.6139,77.209
81,32.8,47.6,9,9,2025-11-15 13:40:05+00:00,synthetic,synth_01482,,0.0,28.6139,77.209
78,33.5,44.2,34,36,2025-11-15 14:40:05+00:00,synthetic,synth_01483,,0.0,28.6139,77.209
79,32.5,42.4,16,19,2025-11-15 15:40:05+00:00,synthetic,synth_01484,,0.0,28.6139,77.209
79,30.7,49.1,11,12,2025-11-15 16:40:05+00:00,synthetic,synth_01485,,0.0,28.6139,77.209
91,28.5,54.2,29,31,2025-11-15 17:40:05+00:00,synthetic,synth_01486,,0.0,28.6139,77.209
89,28.3,54.6,21,21,2025-11-15 18:40:05+00:00,synthetic,synth_01487,,0.0,28.6139,77.209
88,28.4,54.0,33,33,2025-11-15 19:40:05+00:00,synthetic,synth_01488,,0.0,28.6139,77.209
93,27.3,59.5,32,33,2025-11-15 20:40:05+00:00,synthetic,synth_01489,,0.0,28.6139,77.209
98,28.7,54.8,64,67,2025-11-15 21:40:05+00:00,synthetic,synth_01490,,0.0,28.6139,77.209
95,28.3,54.8,37,37,2025-11-15 22:40:05+00:00,synthetic,synth_01491,,0.0,28.6139,77.209
90,27.8,56.2,14,14,2025-11-15 23:40:05+00:00,synthetic,synth_01492,,0.0,28.6139,77.209
93,29.1,51.8,28,28,2025-11-16 00:40:05+00:00,synthetic,synth_01493,,0.0,28.6139,77.209
94,28.6,52.7,5,9,2025-11-16 01:40:05+00:00,synthetic,synth_01494,,0.0,28.6139,77.209
90,30.7,52.1,63,63,2025-11-16 02:40:05+00:00,synthetic,synth_01495,,0.0,28.6139,77.209
90,32.1,45.9,29,34,2025-11-16 03:40:05+00:00,synthetic,synth_01496,,0.0,28.6139,77.209
88,32.8,48.1,42,42,2025-11-16 04:40:05+00:00,synthetic,synth_01497,,0.0,28.6139,77.209
95,34.8,42.4,23,23,2025-11-16 05:40:05+00:00,synthetic,synth_01498,,0.0,28.6139,77.209
94,35.5,42.3,31,34,2025-11-16 06:40:05+00:00,synthetic,synth_01499,,0.0,28.6139,77.209
99,36.1,35.6,55,55,2025-11-16 07:40:05+00:00,synthetic,synth_01500,,0.0,28.6139,77.209
100,36.4,40.2,55,55,2025-11-16 08:40:05+00:00,synthetic,synth_01501,,0.0,28.6139,77.209
90,35.8,37.2,26,26,2025-11-16 09:40:05+00:00,synthetic,synth_01502,,0.0,28.6139,77.209
90,36.3,40.9,38,42,2025-11-16 10:40:05+00:00,synthetic,synth_01503,,0.0,28.6139,77.209
89,35.5,41.6,45,45,2025-11-16 11:40:05+00:00,synthetic,synth_01504,,0.0,28.6139,77.209
87,35.3,37.7,26,28,2025-11-16 12:40:05+00:00,synthetic,synth_01505,,0.0,28.6139,77.209
85,35.5,40.3,57,60,2025-11-16 13:40:05+00:00,synthetic,synth_01506,,0.0,28.6139,77.209
86,32.2,42.4,5,5,2025-11-16 14:40:05+00:00,synthetic,synth_01507,,0.0,28.6139,77.209
86,33.0,43.0,47,49,2025-11-16 15:40:05+00:00,synthetic,synth_01508,,0.0,28.6139,77.209
80,30.8,48.3,7,11,2025-11-16 16:40:05+00:00,synthetic,synth_01509,,0.0,28.6139,77.209
85,30.6,48.0,33,33,2025-11-16 17:40:05+00:00,synthetic,synth_01510,,0.0,28.6139,77.209
86,30.9,50.5,45,46,2025-11-16 18:40:05+00:00,synthetic,synth_01511,,0.0,28.6139,77.209
83,31.1,52.1,55,55,2025-11-16 19:40:05+00:00,synthetic,synth_01512,,0.0,28.6139,77.209
83,27.3,57.6,5,5,2025-11-16 20:40:05+00:00,synthetic,synth_01513,,0.0,28.6139,77.209
91,29.5,54.9,22,22,2025-11-16 21:40:05+00:00,synthetic,synth_01514,,0.0,28.6139,77.209
94,26.8,58.6,31,32,2025-11-16 22:40:05+00:00,synthetic,synth_01515,,0.0,28.6139,77.209
88,27.8,53.2,5,8,2025-11-16 23:40:05+00:00,synthetic,synth_01516,,0.0,28.6139,77.209
94,28.6,53.2,63,67,2025-11-17 00:40:05+00:00,synthetic,synth_01517,,0.0,28.6139,77.209
100,31.4,49.1,48,49,2025-11-17 01:40:05+00:00,synthetic,synth_01518,,0.0,28.6139,77.209
99,32.3,47.8,51,58,2025-11-17 02:40:05+00:00,synthetic,synth_01519,,0.0,28.6139,77.209
89,31.5,46.7,7,7,2025-11-17 03:40:05+00:00,synthetic,synth_01520,,0.0,28.6139,77.209
94,32.7,46.3,23,28,2025-11-17 04:40:05+00:00,synthetic,synth_01521,,0.0,28.6139,77.209
96,32.4,44.6,38,42,2025-11-17 05:40:05+00:00,synthetic,synth_01522,,0.0,28.6139,77.209
96,34.9,40.9,50,51,2025-11-17 06:40:05+00:00,synthetic,synth_01523,,0.0,28.6139,77.209
98,34.2,40.1,5,5,2025-11-17 07:40:05+00:00,synthetic,synth_01524,,0.0,28.6139,77.209
106,36.6,38.4,40,40,2025-11-17 08:40:05+00:00,synthetic,synth_01525,,0.0,28.6139,77.209
109,37.4,38.3,46,48,2025-11-17 09:40:05+00:00,synthetic,synth_01526,,0.0,28.6139,77.209
110,37.1,36.8,53,53,2025-11-17 10:40:05+00:00,synthetic,synth_01527,,0.0,28.6139,77.209
106,34.8,41.0,46,46,2025-11-17 11:40:05+00:00,synthetic,synth_01528,,0.0,28.6139,77.209
106,35.9,37.7,25,25,2025-11-17 12:40:05+00:00,synthetic,synth_01529,,0.0,28.6139,77.209
101,33.9,43.0,26,27,2025-11-17 13:40:05+00:00,synthetic,synth_01530,,0.0,28.6139,77.209
92,33.4,46.6,34,34,2025-11-17 14:40:05+00:00,synthetic,synth_01531,,0.0,28.6139,77.209
96,31.6,44.7,48,54,2025-11-17 15:40:05+00:00,synthetic,synth_01532,,0.0,28.6139,77.209
88,32.4,44.7,20,20,2025-11-17 16:40:05+00:00,synthetic,synth_01533,,0.0,28.6139,77.209
89,30.3,45.7,5,5,2025-11-17 17:40:05+00:00,synthetic,synth_01534,,0.0,28.6139,77.209
89,30.0,51.1,10,14,2025-11-17 18:40:05+00:00,synthetic,synth_01535,,0.0,28.6139,77.209
100,28.0,53.7,41,42,2025-11-17 19:40:05+00:00,synthetic,synth_01536,,0.0,28.6139,77.209
105,26.2,57.2,5,5,2025-11-17 20:40:05+00:00,synthetic,synth_01537,,0.0,28.6139,77.209
97,27.9,55.7,34,35,2025-11-17 21:40:05+00:00,synthetic,synth_01538,,0.0,28.6139,77.209
103,27.8,51.2,7,7,2025-11-17 22:40:05+00:00,synthetic,synth_01539,,0.0,28.6139,77.209
105,28.3,52.0,34,34,2025-11-17 23:40:05+00:00,synthetic,synth_01540,,0.0,28.6139,77.209
105,29.5,48.1,14,20,2025-11-18 00:40:05+00:00,synthetic,synth_01541,,0.0,28.6139,77.209
100,29.2,50.4,5,5,2025-11-18 01:40:05+00:00,synthetic,synth_01542,,0.0,28.6139,77.209
110,28.8,55.0,35,35,2025-11-18 02:40:05+00:00,synthetic,synth_01543,,0.0,28.6139,77.209
102,31.7,44.1,58,59,2025-11-18 03:40:05+00:00,synthetic,synth_01544,,0.0,28.6139,77.209
106,32.3,48.1,57,57,2025-11-18 04:40:05+00:00,synthetic,synth_01545,,0.0,28.6139,77.209
103,33.4,43.3,49,51,2025-11-18 05:40:05+00:00,synthetic,synth_01546,,0.0,28.6139,77.209
100,35.0,36.6,52,55,2025-11-18 06:40:05+00:00,synthetic,synth_01547,,0.0,28.6139,77.209
103,35.0,41.4,45,48,2025-11-18 07:40:05+00:00,synthetic,synth_01548,,0.0,28.6139,77.209
114,34.6,39.4,21,21,2025-11-18 08:40:05+00:00,synthetic,synth_01549,,0.0,28.6139,77.209
115,36.7,34.5,62,67,2025-11-18 09:40:05+00:00,synthetic,synth_01550,,0.0,28.6139,77.209
115,36.2,40.0,56,56,2025-11-18 10:40:05+00:00,synthetic,synth_01551,,0.0,28.6139,77.209
113,35.4,36.9,37,37,2025-11-18 11:40:05+00:00,synthetic,synth_01552,,0.0,28.6139,77.209
105,34.1,40.8,16,16,2025-11-18 12:40:05+00:00,synthetic,synth_01553,,0.0,28.6139,77.209
95,33.7,45.0,40,43,2025-11-18 13:40:05+00:00,synthetic,synth_01554,,0.0,28.6139,77.209
100,32.7,46.3,31,31,2025-11-18 14:40:05+00:00,synthetic,synth_01555,,0.0,28.6139,77.209
105,32.2,45.9,28,29,2025-11-18 15:40:05+00:00,synthetic,synth_01556,,0.0,28.6139,77.209
109,31.5,47.5,48,52,2025-11-18 16:40:05+00:00,synthetic,synth_01557,,0.0,28.6139,77.209
111,30.4,50.4,27,29,2025-11-18 17:40:05+00:00,synthetic,synth_01558,,0.0,28.6139,77.209
102,30.1,51.8,42,45,2025-11-18 18:40:05+00:00,synthetic,synth_01559,,0.0,28.6139,77.209
110,29.3,52.9,71,71,2025-11-18 19:40:05+00:00,synthetic,synth_01560,,0.0,28.6139,77.209
107,29.6,52.8,55,58,2025-11-18 20:40:05+00:00,synthetic,synth_01561,,0.0,28.6139,77.209
103,27.4,53.9,32,38,2025-11-18 21:40:05+00:00,synthetic,synth_01562,,0.0,28.6139,77.209
101,28.0,52.6,32,32,2025-11-18 22:40:05+00:00,synthetic,synth_01563,,0.0,28.6139,77.209
98,27.8,57.9,45,49,2025-11-18 23:40:05+00:00,synthetic,synth_01564,,0.0,28.6139,77.209
97,29.4,52.5,64,69,2025-11-19 00:40:05+00:00,synthetic,synth_01565,,0.0,28.6139,77.209
100,29.0,53.2,29,29,2025-11-19 01:40:05+00:00,synthetic,synth_01566,,0.0,28.6139,77.209
92,31.0,51.5,21,21,2025-11-19 02:40:05+00:00,synthetic,synth_01567,,0.0,28.6139,77.209
91,32.2,45.3,61,63,2025-11-19 03:40:05+00:00,synthetic,synth_01568,,0.0,28.6139,77.209
88,33.7,43.4,14,14,2025-11-19 04:40:05+00:00,synthetic,synth_01569,,0.0,28.6139,77.209
93,34.0,42.8,42,44,2025-11-19 05:40:05+00:00,synthetic,synth_01570,,0.0,28.6139,77.209
92,32.5,48.2,23,23,2025-11-19 06:40:05+00:00,synthetic,synth_01571,,0.0,28.6139,77.209
96,36.2,35.4,23,23,2025-11-19 07:40:05+00:00,synthetic,synth_01572,,0.0,28.6139,77.209
105,34.1,41.4,29,31,2025-11-19 08:40:05+00:00,synthetic,synth_01573,,0.0,28.6139,77.209
112,34.4,39.5,5,5,2025-11-19 09:40:05+00:00,synthetic,synth_01574,,0.0,28.6139,77.209
109,35.5,39.9,49,49,2025-11-19 10:40:05+00:00,synthetic,synth_01575,,0.0,28.6139,77.209
108,36.5,37.3,41,42,2025-11-19 11:40:05+00:00,synthetic,synth_01576,,0.0,28.6139,77.209
103,35.6,37.4,48,48,2025-11-19 12:40:05+00:00,synthetic,synth_01577,,0.0,28.6139,77.209
96,34.5,44.1,22,22,2025-11-19 13:40:05+00:00,synthetic,synth_01578,,0.0,28.6139,77.209
87,33.5,46.1,31,34,2025-11-19 14:40:05+00:00,synthetic,synth_01579,,0.0,28.6139,77.209
92,30.9,48.7,16,20,2025-11-19 15:40:05+00:00,synthetic,synth_01580,,0.0,28.6139,77.209
94,31.4,48.8,56,59,2025-11-19 16:40:05+00:00,synthetic,synth_01581,,0.0,28.6139,77.209
96,29.6,49.2,47,51,2025-11-19 17:40:05+00:00,synthetic,synth_01582,,0.0,28.6139,77.209
101,29.9,53.9,67,67,2025-11-19 18:40:05+00:00,synthetic,synth_01583,,0.0,28.6139,77.209
111,29.0,54.2,55,60,2025-11-19 19:40:05+00:00,synthetic,synth_01584,,0.0,28.6139,77.209
99,28.5,52.5,16,16,2025-11-19 20:40:05+00:00,synthetic,synth_01585,,0.0,28.6139,77.209
108,28.3,53.8,66,74,2025-11-19 21:40:05+00:00,synthetic,synth_01586,,0.0,28.6139,77.209
109,28.2,53.8,74,79,2025-11-19 22:40:05+00:00,synthetic,synth_01587,,0.0,28.6139,77.209
107,28.9,54.7,26,26,2025-11-19 23:40:05+00:00,synthetic,synth_01588,,0.0,28.6139,77.209
108,28.0,55.8,21,21,2025-11-20 00:40:05+00:00,synthetic,synth_01589,,0.0,28.6139,77.209
106,30.0,49.2,33,34,2025-11-20 01:40:05+00:00,synthetic,synth_01590,,0.0,28.6139,77.209
105,30.4,46.5,53,56,2025-11-20 02:40:05+00:00,synthetic,synth_01591,,0.0,28.6139,77.209
104,31.1,51.5,23,26,2025-11-20 03:40:05+00:00,synthetic,synth_01592,,0.0,28.6139,77.209
100,32.2,44.4,31,36,2025-11-20 04:40:05+00:00,synthetic,synth_01593,,0.0,28.6139,77.209
102,32.8,45.6,48,48,2025-11-20 05:40:05+00:00,synthetic,synth_01594,,0.0,28.6139,77.209
101,33.8,37.7,27,27,2025-11-20 06:40:05+00:00,synthetic,synth_01595,,0.0,28.6139,77.209
97,34.6,40.9,55,55,2025-11-20 07:40:05+00:00,synthetic,synth_01596,,0.0,28.6139,77.209
96,36.8,34.5,41,45,2025-11-20 08:40:05+00:00,synthetic,synth_01597,,0.0,28.6139,77.209
92,37.0,36.4,54,59,2025-11-20 09:40:05+00:00,synthetic,synth_01598,,0.0,28.6139,77.209
96,34.8,40.3,27,27,2025-11-20 10:40:05+00:00,synthetic,synth_01599,,0.0,28.6139,77.209
87,36.3,38.0,59,66,2025-11-20 11:40:05+00:00,synthetic,synth_01600,,0.0,28.6139,77.209
77,34.0,43.4,35,38,2025-11-20 12:40:05+00:00,synthetic,synth_01601,,0.0,28.6139,77.209
79,33.0,44.0,5,5,2025-11-20 13:40:05+00:00,synthetic,synth_01602,,0.0,28.6139,77.209
88,33.3,42.6,19,22,2025-11-20 14:40:05+00:00,synthetic,synth_01603,,0.0,28.6139,77.209
85,32.1,49.9,11,17,2025-11-20 15:40:05+00:00,synthetic,synth_01604,,0.0,28.6139,77.209
98,30.9,47.3,32,32,2025-11-20 16:40:05+00:00,synthetic,synth_01605,,0.0,28.6139,77.209
100,30.4,50.0,55,59,2025-11-20 17:40:05+00:00,synthetic,synth_01606,,0.0,28.6139,77.209
104,29.2,51.5,40,41,2025-11-20 18:40:05+00:00,synthetic,synth_01607,,0.0,28.6139,77.209
107,29.7,52.5,42,48,2025-11-20 19:40:05+00:00,synthetic,synth_01608,,0.0,28.6139,77.209
108,29.3,49.6,70,74,2025-11-20 20:40:05+00:00,synthetic,synth_01609,,0.0,28.6139,77.209
106,27.8,55.4,39,44,2025-11-20 21:40:05+00:00,synthetic,synth_01610,,0.0,28.6139,77.209
104,27.0,56.5,29,31,2025-11-20 22:40:05+00:00,synthetic,synth_01611,,0.0,28.6139,77.209
99,28.1,55.9,5,5,2025-11-20 23:40:05+00:00,synthetic,synth_01612,,0.0,28.6139,77.209
100,28.5,50.9,40,40,2025-11-21 00:40:05+00:00,synthetic,synth_01613,,0.0,28.6139,77.209
95,28.5,51.2,52,56,2025-11-21 01:40:05+00:00,synthetic,synth_01614,,0.0,28.6139,77.209
97,32.6,45.1,27,27,2025-11-21 02:40:05+00:00,synthetic,synth_01615,,0.0,28.6139,77.209
97,32.9,42.6,45,49,2025-11-21 03:40:05+00:00,synthetic,synth_01616,,0.0,28.6139,77.209
100,33.1,43.0,43,47,2025-11-21 04:40:05+00:00,synthetic,synth_01617,,0.0,28.6139,77.209
94,32.2,46.3,5,5,2025-11-21 05:40:05+00:00,synthetic,synth_01618,,0.0,28.6139,77.209
99,34.7,39.2,37,37,2025-11-21 06:40:05+00:00,synthetic,synth_01619,,0.0,28.6139,77.209
101,35.4,39.8,36,37,2025-11-21 07:40:05+00:00,synthetic,synth_01620,,0.0,28.6139,77.209
105,34.7,40.9,5,6,2025-11-21 08:40:05+00:00,synthetic,synth_01621,,0.0,28.6139,77.209
112,36.5,36.7,17,17,2025-11-21 09:40:05+00:00,synthetic,synth_01622,,0.0,28.6139,77.209
113,35.4,37.8,40,43,2025-11-21 10:40:05+00:00,synthetic,synth_01623,,0.0,28.6139,77.209
110,35.7,37.3,48,54,2025-11-21 11:40:05+00:00,synthetic,synth_01624,,0.0,28.6139,77.209
102,34.1,42.7,36,40,2025-11-21 12:40:05+00:00,synthetic,synth_01625,,0.0,28.6139,77.209
102,33.9,41.4,19,19,2025-11-21 13:40:05+00:00,synthetic,synth_01626,,0.0,28.6139,77.209
100,33.6,43.0,46,48,2025-11-21 14:40:05+00:00,synthetic,synth_01627,,0.0,28.6139,77.209
102,28.1,53.1,5,5,2025-11-21 15:40:05+00:00,synthetic,synth_01628,,0.0,28.6139,77.209
101,32.3,47.1,70,74,2025-11-21 16:40:05+00:00,synthetic,synth_01629,,0.0,28.6139,77.209
100,29.8,51.9,47,50,2025-11-21 17:40:05+00:00,synthetic,synth_01630,,0.0,28.6139,77.209
104,28.8,52.6,72,77,2025-11-21 18:40:05+00:00,synthetic,synth_01631,,0.0,28.6139,77.209
106,27.7,56.5,17,18,2025-11-21 19:40:05+00:00,synthetic,synth_01632,,0.0,28.6139,77.209
106,28.4,53.9,25,25,2025-11-21 20:40:05+00:00,synthetic,synth_01633,,0.0,28.6139,77.209
108,27.5,56.4,5,5,2025-11-21 21:40:05+00:00,synthetic,synth_01634,,0.0,28.6139,77.209
103,28.0,56.0,21,22,2025-11-21 22:40:05+00:00,synthetic,synth_01635,,0.0,28.6139,77.209
103,27.4,57.4,36,39,2025-11-21 23:40:05+00:00,synthetic,synth_01636,,0.0,28.6139,77.209
95,28.5,50.5,16,16,2025-11-22 00:40:05+00:00,synthetic,synth_01637,,0.0,28.6139,77.209
95,28.5,51.6,18,18,2025-11-22 01:40:05+00:00,synthetic,synth_01638,,0.0,28.6139,77.209
100,31.9,49.4,50,50,2025-11-22 02:40:05+00:00,synthetic,synth_01639,,0.0,28.6139,77.209
92,31.7,45.5,56,58,2025-11-22 03:40:05+00:00,synthetic,synth_01640,,0.0,28.6139,77.209
91,32.0,47.6,33,34,2025-11-22 04:40:05+00:00,synthetic,synth_01641,,0.0,28.6139,77.209
93,32.8,45.3,15,15,2025-11-22 05:40:05+00:00,synthetic,synth_01642,,0.0,28.6139,77.209
96,35.9,40.6,75,76,2025-11-22 06:40:05+00:00,synthetic,synth_01643,,0.0,28.6139,77.209
97,35.5,39.7,35,35,2025-11-22 07:40:05+00:00,synthetic,synth_01644,,0.0,28.6139,77.209
100,34.8,42.3,12,12,2025-11-22 08:40:05+00:00,synthetic,synth_01645,,0.0,28.6139,77.209
108,34.3,43.7,10,10,2025-11-22 09:40:05+00:00,synthetic,synth_01646,,0.0,28.6139,77.209
99,36.5,35.8,43,44,2025-11-22 10:40:05+00:00,synthetic,synth_01647,,0.0,28.6139,77.209
96,36.1,39.3,10,10,2025-11-22 11:40:05+00:00,synthetic,synth_01648,,0.0,28.6139,77.209
91,34.2,40.9,25,27,2025-11-22 12:40:05+00:00,synthetic,synth_01649,,0.0,28.6139,77.209
91,33.4,43.5,43,43,2025-11-22 13:40:05+00:00,synthetic,synth_01650,,0.0,28.6139,77.209
92,35.3,43.8,77,84,2025-11-22 14:40:05+00:00,synthetic,synth_01651,,0.0,28.6139,77.209
87,33.2,45.1,52,52,2025-11-22 15:40:05+00:00,synthetic,synth_01652,,0.0,28.6139,77.209
88,30.4,49.9,24,28,2025-11-22 16:40:05+00:00,synthetic,synth_01653,,0.0,28.6139,77.209
90,29.3,51.0,25,27,2025-11-22 17:40:05+00:00,synthetic,synth_01654,,0.0,28.6139,77.209
90,29.5,49.7,16,16,2025-11-22 18:40:05+00:00,synthetic,synth_01655,,0.0,28.6139,77.209
94,28.0,51.5,47,55,2025-11-22 19:40:05+00:00,synthetic,synth_01656,,0.0,28.6139,77.209
103,28.8,50.7,60,63,2025-11-22 20:40:05+00:00,synthetic,synth_01657,,0.0,28.6139,77.209
99,29.3,53.2,55,55,2025-11-22 21:40:05+00:00,synthetic,synth_01658,,0.0,28.6139,77.209
97,28.6,51.8,51,54,2025-11-22 22:40:05+00:00,synthetic,synth_01659,,0.0,28.6139,77.209
91,28.5,52.6,24,26,2025-11-22 23:40:05+00:00,synthetic,synth_01660,,0.0,28.6139,77.209
88,28.9,51.4,26,30,2025-11-23 00:40:05+00:00,synthetic,synth_01661,,0.0,28.6139,77.209
91,31.2,47.7,52,52,2025-11-23 01:40:05+00:00,synthetic,synth_01662,,0.0,28.6139,77.209
85,29.4,49.7,5,5,2025-11-23 02:40:05+00:00,synthetic,synth_01663,,0.0,28.6139,77.209
80,31.1,44.9,16,16,2025-11-23 03:40:05+00:00,synthetic,synth_01664,,0.0,28.6139,77.209
88,33.3,41.5,41,46,2025-11-23 04:40:05+00:00,synthetic,synth_01665,,0.0,28.6139,77.209
81,33.7,43.8,11,11,2025-11-23 05:40:05+00:00,synthetic,synth_01666,,0.0,28.6139,77.209
82,35.6,38.2,36,36,2025-11-23 06:40:05+00:00,synthetic,synth_01667,,0.0,28.6139,77.209
84,36.4,39.8,38,39,2025-11-23 07:40:05+00:00,synthetic,synth_01668,,0.0,28.6139,77.209
93,34.8,41.5,29,35,2025-11-23 08:40:05+00:00,synthetic,synth_01669,,0.0,28.6139,77.209
102,37.3,36.4,51,57,2025-11-23 09:40:05+00:00,synthetic,synth_01670,,0.0,28.6139,77.209
100,34.3,41.3,34,37,2025-11-23 10:40:05+00:00,synthetic,synth_01671,,0.0,28.6139,77.209
98,33.6,41.7,22,22,2025-11-23 11:40:05+00:00,synthetic,synth_01672,,0.0,28.6139,77.209
95,36.0,39.2,70,74,2025-11-23 12:40:05+00:00,synthetic,synth_01673,,0.0,28.6139,77.209
88,34.7,41.6,35,38,2025-11-23 13:40:05+00:00,synthetic,synth_01674,,0.0,28.6139,77.209
79,33.0,42.8,35,38,2025-11-23 14:40:05+00:00,synthetic,synth_01675,,0.0,28.6139,77.209
81,31.9,43.2,5,5,2025-11-23 15:40:05+00:00,synthetic,synth_01676,,0.0,28.6139,77.209
87,30.9,49.4,63,67,2025-11-23 16:40:05+00:00,synthetic,synth_01677,,0.0,28.6139,77.209
91,29.7,48.8,30,32,2025-11-23 17:40:05+00:00,synthetic,synth_01678,,0.0,28.6139,77.209
97,28.6,51.0,30,30,2025-11-23 18:40:05+00:00,synthetic,synth_01679,,0.0,28.6139,77.209
105,28.3,55.8,13,14,2025-11-23 19:40:05+00:00,synthetic,synth_01680,,0.0,28.6139,77.209
98,28.2,55.9,5,5,2025-11-23 20:40:05+00:00,synthetic,synth_01681,,0.0,28.6139,77.209
87,27.4,57.8,14,14,2025-11-23 21:40:05+00:00,synthetic,synth_01682,,0.0,28.6139,77.209
86,28.9,52.8,8,8,2025-11-23 22:40:05+00:00,synthetic,synth_01683,,0.0,28.6139,77.209
84,28.5,52.9,18,23,2025-11-23 23:40:05+00:00,synthetic,synth_01684,,0.0,28.6139,77.209
85,29.1,53.3,64,67,2025-11-24 00:40:05+00:00,synthetic,synth_01685,,0.0,28.6139,77.209
90,29.2,50.3,52,53,2025-11-24 01:40:05+00:00,synthetic,synth_01686,,0.0,28.6139,77.209
95,29.6,50.1,5,5,2025-11-24 02:40:05+00:00,synthetic,synth_01687,,0.0,28.6139,77.209
96,31.3,45.4,7,7,2025-11-24 03:40:05+00:00,synthetic,synth_01688,,0.0,28.6139,77.209
92,31.4,44.1,28,28,2025-11-24 04:40:05+00:00,synthetic,synth_01689,,0.0,28.6139,77.209
93,33.4,42.5,48,53,2025-11-24 05:40:05+00:00,synthetic,synth_01690,,0.0,28.6139,77.209
92,32.9,43.5,29,29,2025-11-24 06:40:05+00:00,synthetic,synth_01691,,0.0,28.6139,77.209
95,34.6,42.2,5,5,2025-11-24 07:40:05+00:00,synthetic,synth_01692,,0.0,28.6139,77.209
103,35.0,40.7,60,63,2025-11-24 08:40:05+00:00,synthetic,synth_01693,,0.0,28.6139,77.209
95,37.4,36.3,38,38,2025-11-24 09:40:05+00:00,synthetic,synth_01694,,0.0,28.6139,77.209
105,36.8,38.0,51,53,2025-11-24 10:40:05+00:00,synthetic,synth_01695,,0.0,28.6139,77.209
102,37.1,38.7,39,41,2025-11-24 11:40:05+00:00,synthetic,synth_01696,,0.0,28.6139,77.209
101,34.7,46.2,39,39,2025-11-24 12:40:05+00:00,synthetic,synth_01697,,0.0,28.6139,77.209
99,34.5,42.1,80,84,2025-11-24 13:40:05+00:00,synthetic,synth_01698,,0.0,28.6139,77.209
96,33.8,45.0,50,53,2025-11-24 14:40:05+00:00,synthetic,synth_01699,,0.0,28.6139,77.209
98,32.8,45.1,38,43,2025-11-24 15:40:05+00:00,synthetic,synth_01700,,0.0,28.6139,77.209
105,30.5,47.3,6,7,2025-11-24 16:40:05+00:00,synthetic,synth_01701,,0.0,28.6139,77.209
108,28.5,51.3,40,40,2025-11-24 17:40:05+00:00,synthetic,synth_01702,,0.0,28.6139,77.209
113,30.7,49.2,39,43,2025-11-24 18:40:05+00:00,synthetic,synth_01703,,0.0,28.6139,77.209
117,28.5,54.0,56,56,2025-11-24 19:40:05+00:00,synthetic,synth_01704,,0.0,28.6139,77.209
117,26.9,54.0,11,11,2025-11-24 20:40:05+00:00,synthetic,synth_01705,,0.0,28.6139,77.209
118,26.6,58.4,45,45,2025-11-24 21:40:05+00:00,synthetic,synth_01706,,0.0,28.6139,77.209
111,29.6,50.9,42,47,2025-11-24 22:40:05+00:00,synthetic,synth_01707,,0.0,28.6139,77.209
111,27.8,56.4,41,41,2025-11-24 23:40:05+00:00,synthetic,synth_01708,,0.0,28.6139,77.209
107,28.8,51.6,9,9,2025-11-25 00:40:05+00:00,synthetic,synth_01709,,0.0,28.6139,77.209
104,30.5,49.7,57,61,2025-11-25 01:40:05+00:00,synthetic,synth_01710,,0.0,28.6139,77.209
100,30.4,50.5,30,30,2025-11-25 02:40:05+00:00,synthetic,synth_01711,,0.0,28.6139,77.209
106,31.4,49.1,55,58,2025-11-25 03:40:05+00:00,synthetic,synth_01712,,0.0,28.6139,77.209
104,33.5,44.2,64,68,2025-11-25 04:40:05+00:00,synthetic,synth_01713,,0.0,28.6139,77.209
103,33.7,43.3,39,39,2025-11-25 05:40:05+00:00,synthetic,synth_01714,,0.0,28.6139,77.209
99,33.1,43.0,8,8,2025-11-25 06:40:05+00:00,synthetic,synth_01715,,0.0,28.6139,77.209
93,36.8,38.6,72,72,2025-11-25 07:40:05+00:00,synthetic,synth_01716,,0.0,28.6139,77.209
107,35.4,36.8,19,21,2025-11-25 08:40:05+00:00,synthetic,synth_01717,,0.0,28.6139,77.209
107,36.3,37.3,48,53,2025-11-25 09:40:05+00:00,synthetic,synth_01718,,0.0,28.6139,77.209
104,37.3,33.6,60,69,2025-11-25 10:40:05+00:00,synthetic,synth_01719,,0.0,28.6139,77.209
102,36.7,37.0,48,48,2025-11-25 11:40:05+00:00,synthetic,synth_01720,,0.0,28.6139,77.209
99,35.6,41.3,40,40,2025-11-25 12:40:05+00:00,synthetic,synth_01721,,0.0,28.6139,77.209
104,34.3,41.6,29,35,2025-11-25 13:40:05+00:00,synthetic,synth_01722,,0.0,28.6139,77.209
99,32.4,41.5,10,10,2025-11-25 14:40:05+00:00,synthetic,synth_01723,,0.0,28.6139,77.209
101,32.7,47.1,25,25,2025-11-25 15:40:05+00:00,synthetic,synth_01724,,0.0,28.6139,77.209
102,30.4,47.2,10,17,2025-11-25 16:40:05+00:00,synthetic,synth_01725,,0.0,28.6139,77.209
105,29.0,51.4,5,5,2025-11-25 17:40:05+00:00,synthetic,synth_01726,,0.0,28.6139,77.209
107,28.0,54.7,8,9,2025-11-25 18:40:05+00:00,synthetic,synth_01727,,0.0,28.6139,77.209
102,28.8,53.4,71,73,2025-11-25 19:40:05+00:00,synthetic,synth_01728,,0.0,28.6139,77.209
104,29.2,53.8,46,48,2025-11-25 20:40:05+00:00,synthetic,synth_01729,,0.0,28.6139,77.209
113,27.6,55.8,56,58,2025-11-25 21:40:05+00:00,synthetic,synth_01730,,0.0,28.6139,77.209
104,29.3,52.8,16,20,2025-11-25 22:40:05+00:00,synthetic,synth_01731,,0.0,28.6139,77.209
107,28.7,51.4,28,34,2025-11-25 23:40:05+00:00,synthetic,synth_01732,,0.0,28.6139,77.209
103,27.9,53.3,6,6,2025-11-26 00:40:05+00:00,synthetic,synth_01733,,0.0,28.6139,77.209
100,30.2,49.3,61,64,2025-11-26 01:40:05+00:00,synthetic,synth_01734,,0.0,28.6139,77.209
98,29.7,50.0,38,39,2025-11-26 02:40:05+00:00,synthetic,synth_01735,,0.0,28.6139,77.209
103,32.4,45.9,45,48,2025-11-26 03:40:05+00:00,synthetic,synth_01736,,0.0,28.6139,77.209
101,31.8,47.5,34,34,2025-11-26 04:40:05+00:00,synthetic,synth_01737,,0.0,28.6139,77.209
105,32.7,46.0,13,13,2025-11-26 05:40:05+00:00,synthetic,synth_01738,,0.0,28.6139,77.209
106,33.3,43.1,48,48,2025-11-26 06:40:05+00:00,synthetic,synth_01739,,0.0,28.6139,77.209
105,34.9,39.3,29,30,2025-11-26 07:40:05+00:00,synthetic,synth_01740,,0.0,28.6139,77.209
111,34.9,39.5,21,21,2025-11-26 08:40:05+00:00,synthetic,synth_01741,,0.0,28.6139,77.209
115,35.6,38.9,60,70,2025-11-26 09:40:05+00:00,synthetic,synth_01742,,0.0,28.6139,77.209
110,35.5,38.4,67,69,2025-11-26 10:40:05+00:00,synthetic,synth_01743,,0.0,28.6139,77.209
104,34.5,42.8,28,31,2025-11-26 11:40:05+00:00,synthetic,synth_01744,,0.0,28.6139,77.209
102,34.6,39.6,39,39,2025-11-26 12:40:05+00:00,synthetic,synth_01745,,0.0,28.6139,77.209
95,36.4,39.3,61,63,2025-11-26 13:40:05+00:00,synthetic,synth_01746,,0.0,28.6139,77.209
89,34.1,42.9,41,46,2025-11-26 14:40:05+00:00,synthetic,synth_01747,,0.0,28.6139,77.209
88,31.1,47.8,10,10,2025-11-26 15:40:05+00:00,synthetic,synth_01748,,0.0,28.6139,77.209
89,29.8,50.5,32,33,2025-11-26 16:40:05+00:00,synthetic,synth_01749,,0.0,28.6139,77.209
100,31.5,48.4,61,66,2025-11-26 17:40:05+00:00,synthetic,synth_01750,,0.0,28.6139,77.209
102,28.9,49.6,5,5,2025-11-26 18:40:05+00:00,synthetic,synth_01751,,0.0,28.6139,77.209
103,28.1,55.0,5,6,2025-11-26 19:40:05+00:00,synthetic,synth_01752,,0.0,28.6139,77.209
98,28.8,54.3,65,69,2025-11-26 20:40:05+00:00,synthetic,synth_01753,,0.0,28.6139,77.209
100,27.4,53.8,39,40,2025-11-26 21:40:05+00:00,synthetic,synth_01754,,0.0,28.6139,77.209
106,27.4,56.7,18,18,2025-11-26 22:40:05+00:00,synthetic,synth_01755,,0.0,28.6139,77.209
109,26.2,60.3,7,7,2025-11-26 23:40:05+00:00,synthetic,synth_01756,,0.0,28.6139,77.209
106,27.3,54.8,5,5,2025-11-27 00:40:05+00:00,synthetic,synth_01757,,0.0,28.6139,77.209
101,29.4,49.6,43,43,2025-11-27 01:40:05+00:00,synthetic,synth_01758,,0.0,28.6139,77.209
104,30.1,48.9,7,10,2025-11-27 02:40:05+00:00,synthetic,synth_01759,,0.0,28.6139,77.209
99,31.9,46.8,58,58,2025-11-27 03:40:05+00:00,synthetic,synth_01760,,0.0,28.6139,77.209
104,32.5,48.5,39,39,2025-11-27 04:40:05+00:00,synthetic,synth_01761,,0.0,28.6139,77.209
98,32.9,45.5,41,41,2025-11-27 05:40:05+00:00,synthetic,synth_01762,,0.0,28.6139,77.209
101,33.4,48.0,26,26,2025-11-27 06:40:05+00:00,synthetic,synth_01763,,0.0,28.6139,77.209
100,35.3,39.7,12,12,2025-11-27 07:40:05+00:00,synthetic,synth_01764,,0.0,28.6139,77.209
103,35.4,40.7,30,32,2025-11-27 08:40:05+00:00,synthetic,synth_01765,,0.0,28.6139,77.209
108,36.6,38.5,60,61,2025-11-27 09:40:05+00:00,synthetic,synth_01766,,0.0,28.6139,77.209
103,35.5,35.6,16,16,2025-11-27 10:40:05+00:00,synthetic,synth_01767,,0.0,28.6139,77.209
105,35.1,41.8,30,30,2025-11-27 11:40:05+00:00,synthetic,synth_01768,,0.0,28.6139,77.209
102,35.4,39.3,48,48,2025-11-27 12:40:05+00:00,synthetic,synth_01769,,0.0,28.6139,77.209
97,34.8,43.5,48,48,2025-11-27 13:40:05+00:00,synthetic,synth_01770,,0.0,28.6139,77.209
101,33.8,45.7,26,27,2025-11-27 14:40:05+00:00,synthetic,synth_01771,,0.0,28.6139,77.209
98,31.8,44.0,5,5,2025-11-27 15:40:05+00:00,synthetic,synth_01772,,0.0,28.6139,77.209
97,31.4,46.5,39,39,2025-11-27 16:40:05+00:00,synthetic,synth_01773,,0.0,28.6139,77.209
97,32.0,47.4,36,36,2025-11-27 17:40:05+00:00,synthetic,synth_01774,,0.0,28.6139,77.209
100,29.1,49.4,36,42,2025-11-27 18:40:05+00:00,synthetic,synth_01775,,0.0,28.6139,77.209
108,28.8,50.4,28,29,2025-11-27 19:40:05+00:00,synthetic,synth_01776,,0.0,28.6139,77.209
111,28.0,53.6,10,12,2025-11-27 20:40:05+00:00,synthetic,synth_01777,,0.0,28.6139,77.209
109,28.3,53.4,22,22,2025-11-27 21:40:05+00:00,synthetic,synth_01778,,0.0,28.6139,77.209
101,28.7,53.2,23,26,2025-11-27 22:40:05+00:00,synthetic,synth_01779,,0.0,28.6139,77.209
97,28.2,55.4,27,27,2025-11-27 23:40:05+00:00,synthetic,synth_01780,,0.0,28.6139,77.209
91,29.8,50.0,24,28,2025-11-28 00:40:05+00:00,synthetic,synth_01781,,0.0,28.6139,77.209
97,30.2,48.3,39,47,2025-11-28 01:40:05+00:00,synthetic,synth_01782,,0.0,28.6139,77.209
98,29.1,51.9,5,5,2025-11-28 02:40:05+00:00,synthetic,synth_01783,,0.0,28.6139,77.209
100,31.3,45.9,21,21,2025-11-28 03:40:05+00:00,synthetic,synth_01784,,0.0,28.6139,77.209
104,32.4,43.4,76,76,2025-11-28 04:40:05+00:00,synthetic,synth_01785,,0.0,28.6139,77.209
103,35.2,41.0,49,49,2025-11-28 05:40:05+00:00,synthetic,synth_01786,,0.0,28.6139,77.209
103,35.1,39.2,35,35,2025-11-28 06:40:05+00:00,synthetic,synth_01787,,0.0,28.6139,77.209
96,33.4,43.4,9,9,2025-11-28 07:40:05+00:00,synthetic,synth_01788,,0.0,28.6139,77.209
97,35.5,36.1,5,5,2025-11-28 08:40:05+00:00,synthetic,synth_01789,,0.0,28.6139,77.209
105,35.3,39.2,47,49,2025-11-28 09:40:05+00:00,synthetic,synth_01790,,0.0,28.6139,77.209
104,33.8,41.7,19,23,2025-11-28 10:40:05+00:00,synthetic,synth_01791,,0.0,28.6139,77.209
92,34.5,40.6,9,9,2025-11-28 11:40:05+00:00,synthetic,synth_01792,,0.0,28.6139,77.209
94,35.4,40.0,14,18,2025-11-28 12:40:05+00:00,synthetic,synth_01793,,0.0,28.6139,77.209
99,32.1,49.1,55,62,2025-11-28 13:40:05+00:00,synthetic,synth_01794,,0.0,28.6139,77.209
102,34.8,44.3,75,79,2025-11-28 14:40:05+00:00,synthetic,synth_01795,,0.0,28.6139,77.209
94,32.5,45.5,21,21,2025-11-28 15:40:05+00:00,synthetic,synth_01796,,0.0,28.6139,77.209
93,32.9,46.8,53,55,2025-11-28 16:40:05+00:00,synthetic,synth_01797,,0.0,28.6139,77.209
90,29.8,49.7,23,25,2025-11-28 17:40:05+00:00,synthetic,synth_01798,,0.0,28.6139,77.209
100,27.6,53.9,29,34,2025-11-28 18:40:05+00:00,synthetic,synth_01799,,0.0,28.6139,77.209
100,29.1,52.6,49,49,2025-11-28 19:40:05+00:00,synthetic,synth_01800,,0.0,28.6139,77.209
100,27.6,56.0,31,32,2025-11-28 20:40:05+00:00,synthetic,synth_01801,,0.0,28.6139,77.209
100,27.6,54.6,39,42,2025-11-28 21:40:05+00:00,synthetic,synth_01802,,0.0,28.6139,77.209
100,27.9,55.3,60,64,2025-11-28 22:40:05+00:00,synthetic,synth_01803,,0.0,28.6139,77.209
96,27.8,55.0,25,25,2025-11-28 23:40:05+00:00,synthetic,synth_01804,,0.0,28.6139,77.209
99,28.5,53.1,48,49,2025-11-29 00:40:05+00:00,synthetic,synth_01805,,0.0,28.6139,77.209
92,28.8,51.2,13,13,2025-11-29 01:40:05+00:00,synthetic,synth_01806,,0.0,28.6139,77.209
87,30.5,49.4,48,53,2025-11-29 02:40:05+00:00,synthetic,synth_01807,,0.0,28.6139,77.209
85,30.5,50.0,16,16,2025-11-29 03:40:05+00:00,synthetic,synth_01808,,0.0,28.6139,77.209
83,32.5,42.7,20,20,2025-11-29 04:40:05+00:00,synthetic,synth_01809,,0.0,28.6139,77.209
84,33.0,43.1,5,7,2025-11-29 05:40:05+00:00,synthetic,synth_01810,,0.0,28.6139,77.209
88,33.5,43.8,21,22,2025-11-29 06:40:05+00:00,synthetic,synth_01811,,0.0,28.6139,77.209
94,36.7,34.3,49,54,2025-11-29 07:40:05+00:00,synthetic,synth_01812,,0.0,28.6139,77.209
92,34.5,39.4,13,14,2025-11-29 08:40:05+00:00,synthetic,synth_01813,,0.0,28.6139,77.209
98,35.7,38.1,62,66,2025-11-29 09:40:05+00:00,synthetic,synth_01814,,0.0,28.6139,77.209
97,36.0,39.5,41,43,2025-11-29 10:40:05+00:00,synthetic,synth_01815,,0.0,28.6139,77.209
87,34.7,40.0,12,12,2025-11-29 11:40:05+00:00,synthetic,synth_01816,,0.0,28.6139,77.209
79,35.2,37.5,35,38,2025-11-29 12:40:05+00:00,synthetic,synth_01817,,0.0,28.6139,77.209
78,33.8,42.9,6,8,2025-11-29 13:40:05+00:00,synthetic,synth_01818,,0.0,28.6139,77.209
76,33.2,43.0,21,22,2025-11-29 14:40:05+00:00,synthetic,synth_01819,,0.0,28.6139,77.209
86,33.1,43.2,5,5,2025-11-29 15:40:05+00:00,synthetic,synth_01820,,0.0,28.6139,77.209
84,30.1,49.4,17,23,2025-11-29 16:40:05+00:00,synthetic,synth_01821,,0.0,28.6139,77.209
83,30.5,47.7,35,35,2025-11-29 17:40:05+00:00,synthetic,synth_01822,,0.0,28.6139,77.209
78,28.7,51.4,43,44,2025-11-29 18:40:05+00:00,synthetic,synth_01823,,0.0,28.6139,77.209
88,28.6,55.1,50,58,2025-11-29 19:40:05+00:00,synthetic,synth_01824,,0.0,28.6139,77.209
88,29.3,53.0,47,49,2025-11-29 20:40:05+00:00,synthetic,synth_01825,,0.0,28.6139,77.209
80,28.3,54.2,17,17,2025-11-29 21:40:05+00:00,synthetic,synth_01826,,0.0,28.6139,77.209
81,28.4,53.6,37,37,2025-11-29 22:40:05+00:00,synthetic,synth_01827,,0.0,28.6139,77.209
86,28.8,52.8,48,51,2025-11-29 23:40:05+00:00,synthetic,synth_01828,,0.0,28.6139,77.209
83,29.6,50.4,39,42,2025-11-30 00:40:05+00:00,synthetic,synth_01829,,0.0,28.6139,77.209
74,29.4,52.6,36,37,2025-11-30 01:40:05+00:00,synthetic,synth_01830,,0.0,28.6139,77.209
84,31.0,49.8,25,28,2025-11-30 02:40:05+00:00,synthetic,synth_01831,,0.0,28.6139,77.209
82,30.3,49.9,22,25,2025-11-30 03:40:05+00:00,synthetic,synth_01832,,0.0,28.6139,77.209
87,31.5,47.9,30,32,2025-11-30 04:40:05+00:00,synthetic,synth_01833,,0.0,28.6139,77.209
92,33.1,42.7,28,29,2025-11-30 05:40:05+00:00,synthetic,synth_01834,,0.0,28.6139,77.209
93,34.3,40.4,35,36,2025-11-30 06:40:05+00:00,synthetic,synth_01835,,0.0,28.6139,77.209
94,33.7,44.6,20,20,2025-11-30 07:40:05+00:00,synthetic,synth_01836,,0.0,28.6139,77.209
100,36.2,41.3,53,53,2025-11-30 08:40:05+00:00,synthetic,synth_01837,,0.0,28.6139,77.209
102,35.5,40.4,31,36,2025-11-30 09:40:05+00:00,synthetic,synth_01838,,0.0,28.6139,77.209
96,35.3,39.9,15,15,2025-11-30 10:40:05+00:00,synthetic,synth_01839,,0.0,28.6139,77.209
91,34.8,41.9,9,11,2025-11-30 11:40:05+00:00,synthetic,synth_01840,,0.0,28.6139,77.209
94,34.6,44.7,27,27,2025-11-30 12:40:05+00:00,synthetic,synth_01841,,0.0,28.6139,77.209
91,34.9,39.4,28,28,2025-11-30 13:40:05+00:00,synthetic,synth_01842,,0.0,28.6139,77.209
87,32.7,44.3,37,42,2025-11-30 14:40:05+00:00,synthetic,synth_01843,,0.0,28.6139,77.209
92,31.9,47.2,33,34,2025-11-30 15:40:05+00:00,synthetic,synth_01844,,0.0,28.6139,77.209
89,29.5,50.4,5,5,2025-11-30 16:40:05+00:00,synthetic,synth_01845,,0.0,28.6139,77.209
89,28.7,54.8,14,18,2025-11-30 17:40:05+00:00,synthetic,synth_01846,,0.0,28.6139,77.209
94,30.3,49.7,26,26,2025-11-30 18:40:05+00:00,synthetic,synth_01847,,0.0,28.6139,77.209
84,29.8,52.4,60,63,2025-11-30 19:40:05+00:00,synthetic,synth_01848,,0.0,28.6139,77.209
85,27.3,56.2,44,45,2025-11-30 20:40:05+00:00,synthetic,synth_01849,,0.0,28.6139,77.209
89,26.7,56.8,15,15,2025-11-30 21:40:05+00:00,synthetic,synth_01850,,0.0,28.6139,77.209
91,27.6,52.6,18,21,2025-11-30 22:40:05+00:00,synthetic,synth_01851,,0.0,28.6139,77.209
91,28.0,55.0,26,27,2025-11-30 23:40:05+00:00,synthetic,synth_01852,,0.0,28.6139,77.209
98,29.7,51.8,56,59,2025-12-01 00:40:05+00:00,synthetic,synth_01853,,0.0,28.6139,77.209
101,29.2,50.6,49,55,2025-12-01 01:40:05+00:00,synthetic,synth_01854,,0.0,28.6139,77.209
93,31.0,50.6,40,40,2025-12-01 02:40:05+00:00,synthetic,synth_01855,,0.0,28.6139,77.209
90,30.6,48.2,5,7,2025-12-01 03:40:05+00:00,synthetic,synth_01856,,0.0,28.6139,77.209
87,34.2,44.4,52,56,2025-12-01 04:40:05+00:00,synthetic,synth_01857,,0.0,28.6139,77.209
85,34.0,42.3,41,41,2025-12-01 05:40:05+00:00,synthetic,synth_01858,,0.0,28.6139,77.209
87,34.7,41.4,55,62,2025-12-01 06:40:05+00:00,synthetic,synth_01859,,0.0,28.6139,77.209
99,33.1,47.4,25,25,2025-12-01 07:40:05+00:00,synthetic,synth_01860,,0.0,28.6139,77.209
98,36.0,38.7,57,60,2025-12-01 08:40:05+00:00,synthetic,synth_01861,,0.0,28.6139,77.209
97,36.3,38.6,29,32,2025-12-01 09:40:05+00:00,synthetic,synth_01862,,0.0,28.6139,77.209
98,33.1,43.1,41,41,2025-12-01 10:40:05+00:00,synthetic,synth_01863,,0.0,28.6139,77.209
95,35.9,39.0,17,17,2025-12-01 11:40:05+00:00,synthetic,synth_01864,,0.0,28.6139,77.209
93,34.6,39.9,25,29,2025-12-01 12:40:05+00:00,synthetic,synth_01865,,0.0,28.6139,77.209
85,35.4,40.6,68,68,2025-12-01 13:40:05+00:00,synthetic,synth_01866,,0.0,28.6139,77.209
85,34.4,41.7,30,30,2025-12-01 14:40:05+00:00,synthetic,synth_01867,,0.0,28.6139,77.209
90,33.9,43.6,67,72,2025-12-01 15:40:05+00:00,synthetic,synth_01868,,0.0,28.6139,77.209
96,32.7,45.7,58,60,2025-12-01 16:40:05+00:00,synthetic,synth_01869,,0.0,28.6139,77.209
95,30.0,47.3,33,33,2025-12-01 17:40:05+00:00,synthetic,synth_01870,,0.0,28.6139,77.209
110,29.8,51.6,69,70,2025-12-01 18:40:05+00:00,synthetic,synth_01871,,0.0,28.6139,77.209
111,28.5,53.6,29,31,2025-12-01 19:40:05+00:00,synthetic,synth_01872,,0.0,28.6139,77.209
110,28.0,56.3,38,40,2025-12-01 20:40:05+00:00,synthetic,synth_01873,,0.0,28.6139,77.209
113,28.1,54.1,44,45,2025-12-01 21:40:05+00:00,synthetic,synth_01874,,0.0,28.6139,77.209
114,27.2,57.0,36,39,2025-12-01 22:40:05+00:00,synthetic,synth_01875,,0.0,28.6139,77.209
99,27.9,52.7,32,32,2025-12-01 23:40:05+00:00,synthetic,synth_01876,,0.0,28.6139,77.209
99,28.5,55.0,9,11,2025-12-02 00:40:05+00:00,synthetic,synth_01877,,0.0,28.6139,77.209
102,31.8,47.0,56,62,2025-12-02 01:40:05+00:00,synthetic,synth_01878,,0.0,28.6139,77.209
103,32.5,46.1,53,53,2025-12-02 02:40:05+00:00,synthetic,synth_01879,,0.0,28.6139,77.209
109,31.2,47.3,28,28,2025-12-02 03:40:05+00:00,synthetic,synth_01880,,0.0,28.6139,77.209
103,31.3,50.2,12,14,2025-12-02 04:40:05+00:00,synthetic,synth_01881,,0.0,28.6139,77.209
107,32.9,43.2,69,71,2025-12-02 05:40:05+00:00,synthetic,synth_01882,,0.0,28.6139,77.209
105,34.5,41.3,24,24,2025-12-02 06:40:05+00:00,synthetic,synth_01883,,0.0,28.6139,77.209
102,34.7,38.7,23,23,2025-12-02 07:40:05+00:00,synthetic,synth_01884,,0.0,28.6139,77.209
105,34.5,38.5,15,15,2025-12-02 08:40:05+00:00,synthetic,synth_01885,,0.0,28.6139,77.209
111,36.0,37.2,49,53,2025-12-02 09:40:05+00:00,synthetic,synth_01886,,0.0,28.6139,77.209
109,37.0,39.0,69,74,2025-12-02 10:40:05+00:00,synthetic,synth_01887,,0.0,28.6139,77.209
102,35.6,39.5,29,33,2025-12-02 11:40:05+00:00,synthetic,synth_01888,,0.0,28.6139,77.209
93,34.7,39.2,31,32,2025-12-02 12:40:05+00:00,synthetic,synth_01889,,0.0,28.6139,77.209
92,33.6,43.0,22,22,2025-12-02 13:40:05+00:00,synthetic,synth_01890,,0.0,28.6139,77.209
91,35.1,41.7,51,55,2025-12-02 14:40:05+00:00,synthetic,synth_01891,,0.0,28.6139,77.209
99,33.5,46.7,60,65,2025-12-02 15:40:05+00:00,synthetic,synth_01892,,0.0,28.6139,77.209
97,32.5,44.8,35,38,2025-12-02 16:40:05+00:00,synthetic,synth_01893,,0.0,28.6139,77.209
99,30.1,53.4,40,45,2025-12-02 17:40:05+00:00,synthetic,synth_01894,,0.0,28.6139,77.209
99,28.7,51.5,5,5,2025-12-02 18:40:05+00:00,synthetic,synth_01895,,0.0,28.6139,77.209
102,29.6,52.0,57,59,2025-12-02 19:40:05+00:00,synthetic,synth_01896,,0.0,28.6139,77.209
97,27.3,54.6,10,12,2025-12-02 20:40:05+00:00,synthetic,synth_01897,,0.0,28.6139,77.209
101,26.6,57.5,32,32,2025-12-02 21:40:05+00:00,synthetic,synth_01898,,0.0,28.6139,77.209
98,27.8,53.1,21,21,2025-12-02 22:40:05+00:00,synthetic,synth_01899,,0.0,28.6139,77.209
98,27.4,53.2,22,25,2025-12-02 23:40:05+00:00,synthetic,synth_01900,,0.0,28.6139,77.209
95,29.3,55.3,58,58,2025-12-03 00:40:05+00:00,synthetic,synth_01901,,0.0,28.6139,77.209
97,29.8,49.9,39,39,2025-12-03 01:40:05+00:00,synthetic,synth_01902,,0.0,28.6139,77.209
95,31.1,49.8,48,49,2025-12-03 02:40:05+00:00,synthetic,synth_01903,,0.0,28.6139,77.209
91,28.6,51.6,24,26,2025-12-03 03:40:05+00:00,synthetic,synth_01904,,0.0,28.6139,77.209
91,30.9,48.4,30,30,2025-12-03 04:40:05+00:00,synthetic,synth_01905,,0.0,28.6139,77.209
93,34.5,42.2,57,58,2025-12-03 05:40:05+00:00,synthetic,synth_01906,,0.0,28.6139,77.209
94,33.5,44.5,38,42,2025-12-03 06:40:05+00:00,synthetic,synth_01907,,0.0,28.6139,77.209
103,33.9,40.0,5,5,2025-12-03 07:40:05+00:00,synthetic,synth_01908,,0.0,28.6139,77.209
116,37.6,37.3,48,50,2025-12-03 08:40:05+00:00,synthetic,synth_01909,,0.0,28.6139,77.209
117,35.6,36.8,66,67,2025-12-03 09:40:05+00:00,synthetic,synth_01910,,0.0,28.6139,77.209
111,35.7,39.2,47,48,2025-12-03 10:40:05+00:00,synthetic,synth_01911,,0.0,28.6139,77.209
102,35.1,42.5,37,38,2025-12-03 11:40:05+00:00,synthetic,synth_01912,,0.0,28.6139,77.209
94,34.4,41.4,7,7,2025-12-03 12:40:05+00:00,synthetic,synth_01913,,0.0,28.6139,77.209
90,32.2,43.8,28,32,2025-12-03 13:40:05+00:00,synthetic,synth_01914,,0.0,28.6139,77.209
88,33.6,45.7,40,41,2025-12-03 14:40:05+00:00,synthetic,synth_01915,,0.0,28.6139,77.209
89,31.8,45.7,21,23,2025-12-03 15:40:05+00:00,synthetic,synth_01916,,0.0,28.6139,77.209
95,33.4,44.9,63,65,2025-12-03 16:40:05+00:00,synthetic,synth_01917,,0.0,28.6139,77.209
103,31.6,48.2,53,53,2025-12-03 17:40:05+00:00,synthetic,synth_01918,,0.0,28.6139,77.209
105,29.8,53.0,70,72,2025-12-03 18:40:05+00:00,synthetic,synth_01919,,0.0,28.6139,77.209
111,26.3,54.4,5,5,2025-12-03 19:40:05+00:00,synthetic,synth_01920,,0.0,28.6139,77.209
111,28.8,51.4,41,44,2025-12-03 20:40:05+00:00,synthetic,synth_01921,,0.0,28.6139,77.209
106,28.0,55.9,14,14,2025-12-03 21:40:05+00:00,synthetic,synth_01922,,0.0,28.6139,77.209
107,28.1,56.9,64,69,2025-12-03 22:40:05+00:00,synthetic,synth_01923,,0.0,28.6139,77.209
106,29.1,50.5,70,70,2025-12-03 23:40:05+00:00,synthetic,synth_01924,,0.0,28.6139,77.209
108,29.8,52.9,37,40,2025-12-04 00:40:05+00:00,synthetic,synth_01925,,0.0,28.6139,77.209
106,28.8,49.7,5,5,2025-12-04 01:40:05+00:00,synthetic,synth_01926,,0.0,28.6139,77.209
98,32.2,47.1,66,69,2025-12-04 02:40:05+00:00,synthetic,synth_01927,,0.0,28.6139,77.209
100,32.1,45.5,20,21,2025-12-04 03:40:05+00:00,synthetic,synth_01928,,0.0,28.6139,77.209
96,32.3,46.7,45,45,2025-12-04 04:40:05+00:00,synthetic,synth_01929,,0.0,28.6139,77.209
97,33.4,44.5,45,50,2025-12-04 05:40:05+00:00,synthetic,synth_01930,,0.0,28.6139,77.209
96,33.8,40.6,18,18,2025-12-04 06:40:05+00:00,synthetic,synth_01931,,0.0,28.6139,77.209
110,35.8,41.1,55,65,2025-12-04 07:40:05+00:00,synthetic,synth_01932,,0.0,28.6139,77.209
109,34.0,42.8,29,31,2025-12-04 08:40:05+00:00,synthetic,synth_01933,,0.0,28.6139,77.209
107,34.7,40.6,10,10,2025-12-04 09:40:05+00:00,synthetic,synth_01934,,0.0,28.6139,77.209
109,37.5,35.5,87,91,2025-12-04 10:40:05+00:00,synthetic,synth_01935,,0.0,28.6139,77.209
103,36.1,40.2,51,57,2025-12-04 11:40:05+00:00,synthetic,synth_01936,,0.0,28.6139,77.209
99,36.4,34.2,13,13,2025-12-04 12:40:05+00:00,synthetic,synth_01937,,0.0,28.6139,77.209
107,36.3,38.5,84,89,2025-12-04 13:40:05+00:00,synthetic,synth_01938,,0.0,28.6139,77.209
106,33.3,43.4,39,43,2025-12-04 14:40:05+00:00,synthetic,synth_01939,,0.0,28.6139,77.209
105,33.5,38.4,40,44,2025-12-04 15:40:05+00:00,synthetic,synth_01940,,0.0,28.6139,77.209
109,31.4,49.4,43,44,2025-12-04 16:40:05+00:00,synthetic,synth_01941,,0.0,28.6139,77.209
109,29.2,51.5,77,84,2025-12-04 17:40:05+00:00,synthetic,synth_01942,,0.0,28.6139,77.209
111,28.4,52.2,38,38,2025-12-04 18:40:05+00:00,synthetic,synth_01943,,0.0,28.6139,77.209
111,29.0,51.1,24,24,2025-12-04 19:40:05+00:00,synthetic,synth_01944,,0.0,28.6139,77.209
103,27.0,59.8,24,24,2025-12-04 20:40:05+00:00,synthetic,synth_01945,,0.0,28.6139,77.209
103,26.8,54.7,24,24,2025-12-04 21:40:05+00:00,synthetic,synth_01946,,0.0,28.6139,77.209
110,29.0,53.5,45,45,2025-12-04 22:40:05+00:00,synthetic,synth_01947,,0.0,28.6139,77.209
106,28.4,57.3,68,69,2025-12-04 23:40:05+00:00,synthetic,synth_01948,,0.0,28.6139,77.209
101,27.9,51.9,18,18,2025-12-05 00:40:05+00:00,synthetic,synth_01949,,0.0,28.6139,77.209
102,28.5,56.2,49,53,2025-12-05 01:40:05+00:00,synthetic,synth_01950,,0.0,28.6139,77.209
97,31.8,47.2,56,58,2025-12-05 02:40:05+00:00,synthetic,synth_01951,,0.0,28.6139,77.209
101,32.2,43.4,43,43,2025-12-05 03:40:05+00:00,synthetic,synth_01952,,0.0,28.6139,77.209
97,33.2,43.2,66,66,2025-12-05 04:40:05+00:00,synthetic,synth_01953,,0.0,28.6139,77.209
103,33.7,44.9,19,21,2025-12-05 05:40:05+00:00,synthetic,synth_01954,,0.0,28.6139,77.209
99,36.4,38.8,78,82,2025-12-05 06:40:05+00:00,synthetic,synth_01955,,0.0,28.6139,77.209
101,35.0,41.5,72,75,2025-12-05 07:40:05+00:00,synthetic,synth_01956,,0.0,28.6139,77.209
104,36.4,38.8,36,36,2025-12-05 08:40:05+00:00,synthetic,synth_01957,,0.0,28.6139,77.209
108,35.7,40.7,5,5,2025-12-05 09:40:05+00:00,synthetic,synth_01958,,0.0,28.6139,77.209
104,36.5,41.1,61,64,2025-12-05 10:40:05+00:00,synthetic,synth_01959,,0.0,28.6139,77.209
102,34.4,41.9,50,55,2025-12-05 11:40:05+00:00,synthetic,synth_01960,,0.0,28.6139,77.209
98,34.5,38.9,5,8,2025-12-05 12:40:05+00:00,synthetic,synth_01961,,0.0,28.6139,77.209
98,35.5,38.7,36,39,2025-12-05 13:40:05+00:00,synthetic,synth_01962,,0.0,28.6139,77.209
95,32.8,43.2,8,8,2025-12-05 14:40:05+00:00,synthetic,synth_01963,,0.0,28.6139,77.209
91,31.8,48.7,43,46,2025-12-05 15:40:05+00:00,synthetic,synth_01964,,0.0,28.6139,77.209
88,33.3,45.0,66,68,2025-12-05 16:40:05+00:00,synthetic,synth_01965,,0.0,28.6139,77.209
86,31.4,45.0,16,17,2025-12-05 17:40:05+00:00,synthetic,synth_01966,,0.0,28.6139,77.209
91,29.2,50.8,16,18,2025-12-05 18:40:05+00:00,synthetic,synth_01967,,0.0,28.6139,77.209
101,28.4,52.0,51,58,2025-12-05 19:40:05+00:00,synthetic,synth_01968,,0.0,28.6139,77.209
105,29.2,53.2,50,55,2025-12-05 20:40:05+00:00,synthetic,synth_01969,,0.0,28.6139,77.209
102,27.9,56.0,5,5,2025-12-05 21:40:05+00:00,synthetic,synth_01970,,0.0,28.6139,77.209
108,27.3,55.9,34,34,2025-12-05 22:40:05+00:00,synthetic,synth_01971,,0.0,28.6139,77.209
108,26.3,56.6,6,7,2025-12-05 23:40:05+00:00,synthetic,synth_01972,,0.0,28.6139,77.209
109,29.4,50.1,44,45,2025-12-06 00:40:05+00:00,synthetic,synth_01973,,0.0,28.6139,77.209
103,30.5,47.3,23,24,2025-12-06 01:40:05+00:00,synthetic,synth_01974,,0.0,28.6139,77.209
99,31.7,48.1,34,34,2025-12-06 02:40:05+00:00,synthetic,synth_01975,,0.0,28.6139,77.209
94,31.7,47.6,54,54,2025-12-06 03:40:05+00:00,synthetic,synth_01976,,0.0,28.6139,77.209
94,33.2,43.0,64,64,2025-12-06 04:40:05+00:00,synthetic,synth_01977,,0.0,28.6139,77.209
94,35.2,40.1,44,44,2025-12-06 05:40:05+00:00,synthetic,synth_01978,,0.0,28.6139,77.209
93,33.6,41.7,5,5,2025-12-06 06:40:05+00:00,synthetic,synth_01979,,0.0,28.6139,77.209
95,34.8,40.8,27,30,2025-12-06 07:40:05+00:00,synthetic,synth_01980,,0.0,28.6139,77.209
97,35.4,38.2,25,32,2025-12-06 08:40:05+00:00,synthetic,synth_01981,,0.0,28.6139,77.209
95,35.4,38.9,26,28,2025-12-06 09:40:05+00:00,synthetic,synth_01982,,0.0,28.6139,77.209
87,36.9,35.2,40,40,2025-12-06 10:40:05+00:00,synthetic,synth_01983,,0.0,28.6139,77.209
86,37.2,34.5,77,82,2025-12-06 11:40:05+00:00,synthetic,synth_01984,,0.0,28.6139,77.209
85,34.3,39.9,5,5,2025-12-06 12:40:05+00:00,synthetic,synth_01985,,0.0,28.6139,77.209
87,35.1,40.0,50,53,2025-12-06 13:40:05+00:00,synthetic,synth_01986,,0.0,28.6139,77.209
87,32.6,44.9,30,31,2025-12-06 14:40:05+00:00,synthetic,synth_01987,,0.0,28.6139,77.209
84,31.5,50.7,10,12,2025-12-06 15:40:05+00:00,synthetic,synth_01988,,0.0,28.6139,77.209
85,32.0,45.7,32,38,2025-12-06 16:40:05+00:00,synthetic,synth_01989,,0.0,28.6139,77.209
92,31.3,49.3,57,59,2025-12-06 17:40:05+00:00,synthetic,synth_01990,,0.0,28.6139,77.209
97,28.0,51.4,12,12,2025-12-06 18:40:05+00:00,synthetic,synth_01991,,0.0,28.6139,77.209
96,26.6,54.6,5,5,2025-12-06 19:40:05+00:00,synthetic,synth_01992,,0.0,28.6139,77.209
92,28.7,53.8,46,46,2025-12-06 20:40:05+00:00,synthetic,synth_01993,,0.0,28.6139,77.209
89,28.0,57.1,33,33,2025-12-06 21:40:05+00:00,synthetic,synth_01994,,0.0,28.6139,77.209
91,26.5,55.0,5,5,2025-12-06 22:40:05+00:00,synthetic,synth_01995,,0.0,28.6139,77.209
91,28.0,57.6,5,5,2025-12-06 23:40:05+00:00,synthetic,synth_01996,,0.0,28.6139,77.209
80,29.3,53.0,22,25,2025-12-07 00:40:05+00:00,synthetic,synth_01997,,0.0,28.6139,77.209
92,30.0,48.9,64,64,2025-12-07 01:40:05+00:00,synthetic,synth_01998,,0.0,28.6139,77.209
92,29.9,51.3,8,8,2025-12-07 02:40:05+00:00,synthetic,synth_01999,,0.0,28.6139,77.209
95,30.4,48.3,5,5,2025-12-07 03:40:05+00:00,synthetic,synth_02000,,0.0,28.6139,77.209
95,32.3,45.1,29,33,2025-12-07 04:40:05+00:00,synthetic,synth_02001,,0.0,28.6139,77.209
91,34.0,42.0,51,51,2025-12-07 05:40:05+00:00,synthetic,synth_02002,,0.0,28.6139,77.209
94,34.1,43.2,39,44,2025-12-07 06:40:05+00:00,synthetic,synth_02003,,0.0,28.6139,77.209
100,34.5,45.8,36,40,2025-12-07 07:40:05+00:00,synthetic,synth_02004,,0.0,28.6139,77.209
103,35.0,39.5,20,20,2025-12-07 08:40:05+00:00,synthetic,synth_02005,,0.0,28.6139,77.209
101,36.3,34.8,5,5,2025-12-07 09:40:05+00:00,synthetic,synth_02006,,0.0,28.6139,77.209
98,37.6,36.3,53,56,2025-12-07 10:40:05+00:00,synthetic,synth_02007,,0.0,28.6139,77.209
99,36.2,39.7,30,30,2025-12-07 11:40:05+00:00,synthetic,synth_02008,,0.0,28.6139,77.209
93,33.9,45.2,36,38,2025-12-07 12:40:05+00:00,synthetic,synth_02009,,0.0,28.6139,77.209
87,33.1,43.7,8,8,2025-12-07 13:40:05+00:00,synthetic,synth_02010,,0.0,28.6139,77.209
87,33.6,45.7,26,29,2025-12-07 14:40:05+00:00,synthetic,synth_02011,,0.0,28.6139,77.209
88,30.7,48.8,5,5,2025-12-07 15:40:05+00:00,synthetic,synth_02012,,0.0,28.6139,77.209
96,32.6,45.9,43,46,2025-12-07 16:40:05+00:00,synthetic,synth_02013,,0.0,28.6139,77.209
93,31.6,49.1,68,68,2025-12-07 17:40:05+00:00,synthetic,synth_02014,,0.0,28.6139,77.209
97,28.7,51.6,12,12,2025-12-07 18:40:05+00:00,synthetic,synth_02015,,0.0,28.6139,77.209
103,29.0,52.5,16,16,2025-12-07 19:40:05+00:00,synthetic,synth_02016,,0.0,28.6139,77.209
100,29.1,51.0,56,65,2025-12-07 20:40:05+00:00,synthetic,synth_02017,,0.0,28.6139,77.209
98,28.2,55.2,25,27,2025-12-07 21:40:05+00:00,synthetic,synth_02018,,0.0,28.6139,77.209
95,28.5,54.8,43,43,2025-12-07 22:40:05+00:00,synthetic,synth_02019,,0.0,28.6139,77.209
97,28.5,52.9,37,37,2025-12-07 23:40:05+00:00,synthetic,synth_02020,,0.0,28.6139,77.209
97,30.2,49.7,59,62,2025-12-08 00:40:05+00:00,synthetic,synth_02021,,0.0,28.6139,77.209
92,29.5,52.4,39,40,2025-12-08 01:40:05+00:00,synthetic,synth_02022,,0.0,28.6139,77.209
90,30.0,48.9,52,59,2025-12-08 02:40:05+00:00,synthetic,synth_02023,,0.0,28.6139,77.209
90,32.8,46.8,43,43,2025-12-08 03:40:05+00:00,synthetic,synth_02024,,0.0,28.6139,77.209
83,33.5,41.5,28,28,2025-12-08 04:40:05+00:00,synthetic,synth_02025,,0.0,28.6139,77.209
88,33.4,44.3,42,46,2025-12-08 05:40:05+00:00,synthetic,synth_02026,,0.0,28.6139,77.209
94,35.8,40.1,30,31,2025-12-08 06:40:05+00:00,synthetic,synth_02027,,0.0,28.6139,77.209
98,37.4,36.7,26,26,2025-12-08 07:40:05+00:00,synthetic,synth_02028,,0.0,28.6139,77.209
95,33.8,40.8,19,21,2025-12-08 08:40:05+00:00,synthetic,synth_02029,,0.0,28.6139,77.209
100,36.0,36.3,44,51,2025-12-08 09:40:05+00:00,synthetic,synth_02030,,0.0,28.6139,77.209
103,34.4,39.5,30,34,2025-12-08 10:40:05+00:00,synthetic,synth_02031,,0.0,28.6139,77.209
101,36.5,38.8,47,50,2025-12-08 11:40:05+00:00,synthetic,synth_02032,,0.0,28.6139,77.209
95,35.3,42.8,26,29,2025-12-08 12:40:05+00:00,synthetic,synth_02033,,0.0,28.6139,77.209
100,35.3,41.5,56,56,2025-12-08 13:40:05+00:00,synthetic,synth_02034,,0.0,28.6139,77.209
92,31.4,49.3,37,37,2025-12-08 14:40:05+00:00,synthetic,synth_02035,,0.0,28.6139,77.209
92,32.3,46.0,33,34,2025-12-08 15:40:05+00:00,synthetic,synth_02036,,0.0,28.6139,77.209
99,30.9,51.1,35,37,2025-12-08 16:40:05+00:00,synthetic,synth_02037,,0.0,28.6139,77.209
105,30.2,50.6,18,18,2025-12-08 17:40:05+00:00,synthetic,synth_02038,,0.0,28.6139,77.209
106,31.1,47.0,32,32,2025-12-08 18:40:05+00:00,synthetic,synth_02039,,0.0,28.6139,77.209
102,29.2,53.7,45,54,2025-12-08 19:40:05+00:00,synthetic,synth_02040,,0.0,28.6139,77.209
104,28.2,53.2,28,28,2025-12-08 20:40:05+00:00,synthetic,synth_02041,,0.0,28.6139,77.209
113,26.9,55.7,60,65,2025-12-08 21:40:05+00:00,synthetic,synth_02042,,0.0,28.6139,77.209
104,26.6,57.1,55,55,2025-12-08 22:40:05+00:00,synthetic,synth_02043,,0.0,28.6139,77.209
97,27.8,55.8,32,32,2025-12-08 23:40:05+00:00,synthetic,synth_02044,,0.0,28.6139,77.209
89,28.8,50.9,36,40,2025-12-09 00:40:05+00:00,synthetic,synth_02045,,0.0,28.6139,77.209
90,30.0,48.6,47,47,2025-12-09 01:40:05+00:00,synthetic,synth_02046,,0.0,28.6139,77.209
94,30.8,50.3,48,48,2025-12-09 02:40:05+00:00,synthetic,synth_02047,,0.0,28.6139,77.209
93,30.9,46.0,27,32,2025-12-09 03:40:05+00:00,synthetic,synth_02048,,0.0,28.6139,77.209
98,32.9,44.2,55,60,2025-12-09 04:40:05+00:00,synthetic,synth_02049,,0.0,28.6139,77.209
100,34.7,41.9,29,29,2025-12-09 05:40:05+00:00,synthetic,synth_02050,,0.0,28.6139,77.209
104,35.4,43.5,63,67,2025-12-09 06:40:05+00:00,synthetic,synth_02051,,0.0,28.6139,77.209
102,34.3,42.4,19,19,2025-12-09 07:40:05+00:00,synthetic,synth_02052,,0.0,28.6139,77.209
110,36.1,39.6,23,24,2025-12-09 08:40:05+00:00,synthetic,synth_02053,,0.0,28.6139,77.209
114,35.0,36.2,44,46,2025-12-09 09:40:05+00:00,synthetic,synth_02054,,0.0,28.6139,77.209
107,36.4,39.0,28,28,2025-12-09 10:40:05+00:00,synthetic,synth_02055,,0.0,28.6139,77.209
103,36.2,39.2,45,46,2025-12-09 11:40:05+00:00,synthetic,synth_02056,,0.0,28.6139,77.209
96,34.6,43.1,49,50,2025-12-09 12:40:05+00:00,synthetic,synth_02057,,0.0,28.6139,77.209
92,33.0,42.9,5,5,2025-12-09 13:40:05+00:00,synthetic,synth_02058,,0.0,28.6139,77.209
96,33.1,44.5,41,44,2025-12-09 14:40:05+00:00,synthetic,synth_02059,,0.0,28.6139,77.209
102,33.2,43.9,58,58,2025-12-09 15:40:05+00:00,synthetic,synth_02060,,0.0,28.6139,77.209
101,32.1,47.8,47,49,2025-12-09 16:40:05+00:00,synthetic,synth_02061,,0.0,28.6139,77.209
105,29.1,51.7,19,19,2025-12-09 17:40:05+00:00,synthetic,synth_02062,,0.0,28.6139,77.209
108,29.6,55.7,48,49,2025-12-09 18:40:05+00:00,synthetic,synth_02063,,0.0,28.6139,77.209
107,28.3,51.3,34,35,2025-12-09 19:40:05+00:00,synthetic,synth_02064,,0.0,28.6139,77.209
111,30.3,50.0,78,82,2025-12-09 20:40:05+00:00,synthetic,synth_02065,,0.0,28.6139,77.209
116,26.7,55.8,41,44,2025-12-09 21:40:05+00:00,synthetic,synth_02066,,0.0,28.6139,77.209
110,26.4,57.9,55,55,2025-12-09 22:40:05+00:00,synthetic,synth_02067,,0.0,28.6139,77.209
104,28.8,50.7,5,5,2025-12-09 23:40:05+00:00,synthetic,synth_02068,,0.0,28.6139,77.209
108,28.3,53.9,41,41,2025-12-10 00:40:05+00:00,synthetic,synth_02069,,0.0,28.6139,77.209
101,27.9,55.1,5,5,2025-12-10 01:40:05+00:00,synthetic,synth_02070,,0.0,28.6139,77.209
96,30.4,49.2,42,47,2025-12-10 02:40:05+00:00,synthetic,synth_02071,,0.0,28.6139,77.209
90,31.1,47.9,39,40,2025-12-10 03:40:05+00:00,synthetic,synth_02072,,0.0,28.6139,77.209
93,33.2,43.4,42,42,2025-12-10 04:40:05+00:00,synthetic,synth_02073,,0.0,28.6139,77.209
91,33.8,41.7,71,75,2025-12-10 05:40:05+00:00,synthetic,synth_02074,,0.0,28.6139,77.209
94,35.6,39.2,58,60,2025-12-10 06:40:05+00:00,synthetic,synth_02075,,0.0,28.6139,77.209
102,33.5,42.8,22,29,2025-12-10 07:40:05+00:00,synthetic,synth_02076,,0.0,28.6139,77.209
102,35.8,38.2,31,34,2025-12-10 08:40:05+00:00,synthetic,synth_02077,,0.0,28.6139,77.209
111,37.5,34.3,56,59,2025-12-10 09:40:05+00:00,synthetic,synth_02078,,0.0,28.6139,77.209
110,36.3,37.9,67,67,2025-12-10 10:40:05+00:00,synthetic,synth_02079,,0.0,28.6139,77.209
105,34.7,42.6,28,29,2025-12-10 11:40:05+00:00,synthetic,synth_02080,,0.0,28.6139,77.209
102,35.6,41.6,64,67,2025-12-10 12:40:05+00:00,synthetic,synth_02081,,0.0,28.6139,77.209
94,33.6,41.4,10,12,2025-12-10 13:40:05+00:00,synthetic,synth_02082,,0.0,28.6139,77.209
93,33.2,41.7,7,7,2025-12-10 14:40:05+00:00,synthetic,synth_02083,,0.0,28.6139,77.209
94,32.8,44.7,48,52,2025-12-10 15:40:05+00:00,synthetic,synth_02084,,0.0,28.6139,77.209
93,31.0,49.9,33,34,2025-12-10 16:40:05+00:00,synthetic,synth_02085,,0.0,28.6139,77.209
99,31.9,47.7,75,78,2025-12-10 17:40:05+00:00,synthetic,synth_02086,,0.0,28.6139,77.209
98,28.4,54.2,18,22,2025-12-10 18:40:05+00:00,synthetic,synth_02087,,0.0,28.6139,77.209
105,28.7,52.2,38,43,2025-12-10 19:40:05+00:00,synthetic,synth_02088,,0.0,28.6139,77.209
102,28.1,54.1,5,5,2025-12-10 20:40:05+00:00,synthetic,synth_02089,,0.0,28.6139,77.209
99,27.3,54.8,17,17,2025-12-10 21:40:05+00:00,synthetic,synth_02090,,0.0,28.6139,77.209
98,27.8,56.9,39,39,2025-12-10 22:40:05+00:00,synthetic,synth_02091,,0.0,28.6139,77.209
101,28.2,51.7,47,50,2025-12-10 23:40:05+00:00,synthetic,synth_02092,,0.0,28.6139,77.209
96,28.1,52.9,5,5,2025-12-11 00:40:05+00:00,synthetic,synth_02093,,0.0,28.6139,77.209
91,29.9,49.9,15,15,2025-12-11 01:40:05+00:00,synthetic,synth_02094,,0.0,28.6139,77.209
88,30.9,45.9,40,40,2025-12-11 02:40:05+00:00,synthetic,synth_02095,,0.0,28.6139,77.209
97,30.5,47.3,35,35,2025-12-11 03:40:05+00:00,synthetic,synth_02096,,0.0,28.6139,77.209
96,32.8,45.8,71,75,2025-12-11 04:40:05+00:00,synthetic,synth_02097,,0.0,28.6139,77.209
91,32.9,47.3,36,46,2025-12-11 05:40:05+00:00,synthetic,synth_02098,,0.0,28.6139,77.209
101,34.1,43.0,23,25,2025-12-11 06:40:05+00:00,synthetic,synth_02099,,0.0,28.6139,77.209
108,34.8,40.0,39,42,2025-12-11 07:40:05+00:00,synthetic,synth_02100,,0.0,28.6139,77.209
111,34.3,42.5,54,61,2025-12-11 08:40:05+00:00,synthetic,synth_02101,,0.0,28.6139,77.209
105,36.7,38.8,74,79,2025-12-11 09:40:05+00:00,synthetic,synth_02102,,0.0,28.6139,77.209
106,35.6,39.3,38,39,2025-12-11 10:40:05+00:00,synthetic,synth_02103,,0.0,28.6139,77.209
94,35.6,38.8,42,42,2025-12-11 11:40:05+00:00,synthetic,synth_02104,,0.0,28.6139,77.209
100,34.8,39.1,33,39,2025-12-11 12:40:05+00:00,synthetic,synth_02105,,0.0,28.6139,77.209
102,35.1,40.2,45,47,2025-12-11 13:40:05+00:00,synthetic,synth_02106,,0.0,28.6139,77.209
98,34.0,45.8,59,60,2025-12-11 14:40:05+00:00,synthetic,synth_02107,,0.0,28.6139,77.209
91,34.1,41.0,67,71,2025-12-11 15:40:05+00:00,synthetic,synth_02108,,0.0,28.6139,77.209
95,33.1,46.5,66,71,2025-12-11 16:40:05+00:00,synthetic,synth_02109,,0.0,28.6139,77.209
96,29.4,50.8,30,30,2025-12-11 17:40:05+00:00,synthetic,synth_02110,,0.0,28.6139,77.209
101,29.6,48.3,29,31,2025-12-11 18:40:05+00:00,synthetic,synth_02111,,0.0,28.6139,77.209
102,27.2,56.3,35,37,2025-12-11 19:40:05+00:00,synthetic,synth_02112,,0.0,28.6139,77.209
107,28.7,53.6,44,44,2025-12-11 20:40:05+00:00,synthetic,synth_02113,,0.0,28.6139,77.209
102,26.6,57.6,71,74,2025-12-11 21:40:05+00:00,synthetic,synth_02114,,0.0,28.6139,77.209
100,27.7,55.0,34,38,2025-12-11 22:40:05+00:00,synthetic,synth_02115,,0.0,28.6139,77.209
106,27.1,55.1,33,36,2025-12-11 23:40:05+00:00,synthetic,synth_02116,,0.0,28.6139,77.209
99,28.9,53.8,16,16,2025-12-12 00:40:05+00:00,synthetic,synth_02117,,0.0,28.6139,77.209
112,29.8,52.8,53,57,2025-12-12 01:40:05+00:00,synthetic,synth_02118,,0.0,28.6139,77.209
107,30.5,47.0,49,49,2025-12-12 02:40:05+00:00,synthetic,synth_02119,,0.0,28.6139,77.209
98,30.7,48.8,33,37,2025-12-12 03:40:05+00:00,synthetic,synth_02120,,0.0,28.6139,77.209
101,32.5,45.9,20,23,2025-12-12 04:40:05+00:00,synthetic,synth_02121,,0.0,28.6139,77.209
95,34.2,42.8,68,70,2025-12-12 05:40:05+00:00,synthetic,synth_02122,,0.0,28.6139,77.209
107,33.6,46.1,60,61,2025-12-12 06:40:05+00:00,synthetic,synth_02123,,0.0,28.6139,77.209
109,36.9,35.6,39,40,2025-12-12 07:40:05+00:00,synthetic,synth_02124,,0.0,28.6139,77.209
105,35.7,40.6,70,73,2025-12-12 08:40:05+00:00,synthetic,synth_02125,,0.0,28.6139,77.209
108,36.0,37.5,27,32,2025-12-12 09:40:05+00:00,synthetic,synth_02126,,0.0,28.6139,77.209
104,36.0,39.5,37,39,2025-12-12 10:40:05+00:00,synthetic,synth_02127,,0.0,28.6139,77.209
101,36.7,38.4,41,44,2025-12-12 11:40:05+00:00,synthetic,synth_02128,,0.0,28.6139,77.209
97,34.2,44.2,25,27,2025-12-12 12:40:05+00:00,synthetic,synth_02129,,0.0,28.6139,77.209
100,33.9,40.6,7,10,2025-12-12 13:40:05+00:00,synthetic,synth_02130,,0.0,28.6139,77.209
99,31.5,47.7,5,5,2025-12-12 14:40:05+00:00,synthetic,synth_02131,,0.0,28.6139,77.209
105,34.2,42.1,25,25,2025-12-12 15:40:05+00:00,synthetic,synth_02132,,0.0,28.6139,77.209
95,33.3,43.2,64,67,2025-12-12 16:40:05+00:00,synthetic,synth_02133,,0.0,28.6139,77.209
94,29.2,50.3,5,5,2025-12-12 17:40:05+00:00,synthetic,synth_02134,,0.0,28.6139,77.209
105,29.4,52.8,33,33,2025-12-12 18:40:05+00:00,synthetic,synth_02135,,0.0,28.6139,77.209
106,27.9,56.9,54,54,2025-12-12 19:40:05+00:00,synthetic,synth_02136,,0.0,28.6139,77.209
107,28.0,55.6,50,50,2025-12-12 20:40:05+00:00,synthetic,synth_02137,,0.0,28.6139,77.209
107,28.2,52.3,16,20,2025-12-12 21:40:05+00:00,synthetic,synth_02138,,0.0,28.6139,77.209
107,26.6,55.4,18,20,2025-12-12 22:40:05+00:00,synthetic,synth_02139,,0.0,28.6139,77.209
102,28.0,53.5,24,24,2025-12-12 23:40:05+00:00,synthetic,synth_02140,,0.0,28.6139,77.209
105,27.0,53.6,20,25,2025-12-13 00:40:05+00:00,synthetic,synth_02141,,0.0,28.6139,77.209
96,28.4,50.0,29,30,2025-12-13 01:40:05+00:00,synthetic,synth_02142,,0.0,28.6139,77.209
93,31.3,46.4,8,8,2025-12-13 02:40:05+00:00,synthetic,synth_02143,,0.0,28.6139,77.209
90,32.0,46.9,39,39,2025-12-13 03:40:05+00:00,synthetic,synth_02144,,0.0,28.6139,77.209
90,32.9,44.9,27,27,2025-12-13 04:40:05+00:00,synthetic,synth_02145,,0.0,28.6139,77.209
81,34.7,43.1,45,45,2025-12-13 05:40:05+00:00,synthetic,synth_02146,,0.0,28.6139,77.209
81,34.7,40.8,33,35,2025-12-13 06:40:05+00:00,synthetic,synth_02147,,0.0,28.6139,77.209
87,35.7,38.0,12,12,2025-12-13 07:40:05+00:00,synthetic,synth_02148,,0.0,28.6139,77.209
90,36.1,38.5,44,49,2025-12-13 08:40:05+00:00,synthetic,synth_02149,,0.0,28.6139,77.209
91,37.1,37.2,22,22,2025-12-13 09:40:05+00:00,synthetic,synth_02150,,0.0,28.6139,77.209
91,35.9,38.2,9,9,2025-12-13 10:40:05+00:00,synthetic,synth_02151,,0.0,28.6139,77.209
97,36.6,39.4,89,92,2025-12-13 11:40:05+00:00,synthetic,synth_02152,,0.0,28.6139,77.209
89,33.5,43.3,7,7,2025-12-13 12:40:05+00:00,synthetic,synth_02153,,0.0,28.6139,77.209
88,35.3,40.5,22,22,2025-12-13 13:40:05+00:00,synthetic,synth_02154,,0.0,28.6139,77.209
84,33.8,42.6,23,23,2025-12-13 14:40:05+00:00,synthetic,synth_02155,,0.0,28.6139,77.209
89,30.9,51.1,44,47,2025-12-13 15:40:05+00:00,synthetic,synth_02156,,0.0,28.6139,77.209
86,30.8,50.8,58,58,2025-12-13 16:40:05+00:00,synthetic,synth_02157,,0.0,28.6139,77.209
97,30.9,46.2,49,49,2025-12-13 17:40:05+00:00,synthetic,synth_02158,,0.0,28.6139,77.209
102,28.4,54.4,21,21,2025-12-13 18:40:05+00:00,synthetic,synth_02159,,0.0,28.6139,77.209
105,28.3,57.0,48,49,2025-12-13 19:40:05+00:00,synthetic,synth_02160,,0.0,28.6139,77.209
104,28.0,54.4,19,21,2025-12-13 20:40:05+00:00,synthetic,synth_02161,,0.0,28.6139,77.209
100,29.0,54.0,43,43,2025-12-13 21:40:05+00:00,synthetic,synth_02162,,0.0,28.6139,77.209
99,26.5,56.6,13,15,2025-12-13 22:40:05+00:00,synthetic,synth_02163,,0.0,28.6139,77.209
100,26.7,53.2,5,5,2025-12-13 23:40:05+00:00,synthetic,synth_02164,,0.0,28.6139,77.209
95,29.7,46.9,29,29,2025-12-14 00:40:05+00:00,synthetic,synth_02165,,0.0,28.6139,77.209
92,30.7,46.8,23,25,2025-12-14 01:40:05+00:00,synthetic,synth_02166,,0.0,28.6139,77.209
84,30.0,48.3,8,8,2025-12-14 02:40:05+00:00,synthetic,synth_02167,,0.0,28.6139,77.209
87,32.3,44.0,18,25,2025-12-14 03:40:05+00:00,synthetic,synth_02168,,0.0,28.6139,77.209
84,30.5,50.2,5,5,2025-12-14 04:40:05+00:00,synthetic,synth_02169,,0.0,28.6139,77.209
85,33.9,47.2,48,53,2025-12-14 05:40:05+00:00,synthetic,synth_02170,,0.0,28.6139,77.209
91,34.0,42.9,33,33,2025-12-14 06:40:05+00:00,synthetic,synth_02171,,0.0,28.6139,77.209
94,37.5,37.9,65,66,2025-12-14 07:40:05+00:00,synthetic,synth_02172,,0.0,28.6139,77.209
100,35.5,39.2,69,69,2025-12-14 08:40:05+00:00,synthetic,synth_02173,,0.0,28.6139,77.209
95,37.6,37.0,62,64,2025-12-14 09:40:05+00:00,synthetic,synth_02174,,0.0,28.6139,77.209
96,36.8,41.5,58,61,2025-12-14 10:40:05+00:00,synthetic,synth_02175,,0.0,28.6139,77.209
91,34.9,40.6,13,19,2025-12-14 11:40:05+00:00,synthetic,synth_02176,,0.0,28.6139,77.209
90,35.6,42.8,64,68,2025-12-14 12:40:05+00:00,synthetic,synth_02177,,0.0,28.6139,77.209
83,34.2,42.5,21,23,2025-12-14 13:40:05+00:00,synthetic,synth_02178,,0.0,28.6139,77.209
83,33.3,46.6,21,22,2025-12-14 14:40:05+00:00,synthetic,synth_02179,,0.0,28.6139,77.209
88,31.7,45.5,23,23,2025-12-14 15:40:05+00:00,synthetic,synth_02180,,0.0,28.6139,77.209
94,30.3,52.7,20,21,2025-12-14 16:40:05+00:00,synthetic,synth_02181,,0.0,28.6139,77.209
97,30.8,49.5,19,19,2025-12-14 17:40:05+00:00,synthetic,synth_02182,,0.0,28.6139,77.209
98,29.6,48.8,36,36,2025-12-14 18:40:05+00:00,synthetic,synth_02183,,0.0,28.6139,77.209
100,26.1,58.1,5,5,2025-12-14 19:40:05+00:00,synthetic,synth_02184,,0.0,28.6139,77.209
104,29.1,52.3,56,56,2025-12-14 20:40:05+00:00,synthetic,synth_02185,,0.0,28.6139,77.209
107,26.5,58.0,37,37,2025-12-14 21:40:05+00:00,synthetic,synth_02186,,0.0,28.6139,77.209
99,28.3,49.7,40,41,2025-12-14 22:40:05+00:00,synthetic,synth_02187,,0.0,28.6139,77.209
91,28.7,55.6,51,53,2025-12-14 23:40:05+00:00,synthetic,synth_02188,,0.0,28.6139,77.209
92,28.7,51.7,45,46,2025-12-15 00:40:05+00:00,synthetic,synth_02189,,0.0,28.6139,77.209
94,30.0,51.0,51,54,2025-12-15 01:40:05+00:00,synthetic,synth_02190,,0.0,28.6139,77.209
95,30.5,49.1,54,57,2025-12-15 02:40:05+00:00,synthetic,synth_02191,,0.0,28.6139,77.209
92,30.7,50.8,50,58,2025-12-15 03:40:05+00:00,synthetic,synth_02192,,0.0,28.6139,77.209
87,33.1,44.3,53,58,2025-12-15 04:40:05+00:00,synthetic,synth_02193,,0.0,28.6139,77.209
87,33.8,39.5,12,22,2025-12-15 05:40:05+00:00,synthetic,synth_02194,,0.0,28.6139,77.209
88,34.5,42.8,55,61,2025-12-15 06:40:05+00:00,synthetic,synth_02195,,0.0,28.6139,77.209
94,35.6,40.7,72,72,2025-12-15 07:40:05+00:00,synthetic,synth_02196,,0.0,28.6139,77.209
99,35.4,43.9,32,36,2025-12-15 08:40:05+00:00,synthetic,synth_02197,,0.0,28.6139,77.209
106,35.2,38.6,34,34,2025-12-15 09:40:05+00:00,synthetic,synth_02198,,0.0,28.6139,77.209
101,36.3,38.2,10,12,2025-12-15 10:40:05+00:00,synthetic,synth_02199,,0.0,28.6139,77.209
100,35.7,40.0,66,66,2025-12-15 11:40:05+00:00,synthetic,synth_02200,,0.0,28.6139,77.209
110,35.1,42.4,43,44,2025-12-15 12:40:05+00:00,synthetic,synth_02201,,0.0,28.6139,77.209
105,33.1,44.2,9,12,2025-12-15 13:40:05+00:00,synthetic,synth_02202,,0.0,28.6139,77.209
101,33.6,45.1,12,12,2025-12-15 14:40:05+00:00,synthetic,synth_02203,,0.0,28.6139,77.209
104,33.9,42.3,100,107,2025-12-15 15:40:05+00:00,synthetic,synth_02204,,0.0,28.6139,77.209
97,31.6,50.0,43,46,2025-12-15 16:40:05+00:00,synthetic,synth_02205,,0.0,28.6139,77.209
91,31.2,49.0,41,41,2025-12-15 17:40:05+00:00,synthetic,synth_02206,,0.0,28.6139,77.209
92,28.4,51.0,6,6,2025-12-15 18:40:05+00:00,synthetic,synth_02207,,0.0,28.6139,77.209
102,27.5,54.6,5,5,2025-12-15 19:40:05+00:00,synthetic,synth_02208,,0.0,28.6139,77.209
102,29.6,51.9,33,36,2025-12-15 20:40:05+00:00,synthetic,synth_02209,,0.0,28.6139,77.209
105,27.6,55.4,40,45,2025-12-15 21:40:05+00:00,synthetic,synth_02210,,0.0,28.6139,77.209
103,28.2,54.6,48,50,2025-12-15 22:40:05+00:00,synthetic,synth_02211,,0.0,28.6139,77.209
107,28.5,51.1,38,39,2025-12-15 23:40:05+00:00,synthetic,synth_02212,,0.0,28.6139,77.209
101,28.5,53.5,36,36,2025-12-16 00:40:05+00:00,synthetic,synth_02213,,0.0,28.6139,77.209
98,30.7,49.7,32,35,2025-12-16 01:40:05+00:00,synthetic,synth_02214,,0.0,28.6139,77.209
104,31.4,49.4,61,66,2025-12-16 02:40:05+00:00,synthetic,synth_02215,,0.0,28.6139,77.209
104,31.1,46.0,58,61,2025-12-16 03:40:05+00:00,synthetic,synth_02216,,0.0,28.6139,77.209
99,31.4,46.9,48,48,2025-12-16 04:40:05+00:00,synthetic,synth_02217,,0.0,28.6139,77.209
105,32.5,46.1,13,13,2025-12-16 05:40:05+00:00,synthetic,synth_02218,,0.0,28.6139,77.209
108,36.6,38.4,42,42,2025-12-16 06:40:05+00:00,synthetic,synth_02219,,0.0,28.6139,77.209
105,36.0,38.2,23,28,2025-12-16 07:40:05+00:00,synthetic,synth_02220,,0.0,28.6139,77.209
98,36.3,39.3,54,55,2025-12-16 08:40:05+00:00,synthetic,synth_02221,,0.0,28.6139,77.209
104,37.8,38.4,81,83,2025-12-16 09:40:05+00:00,synthetic,synth_02222,,0.0,28.6139,77.209
101,33.9,40.8,23,23,2025-12-16 10:40:05+00:00,synthetic,synth_02223,,0.0,28.6139,77.209
100,35.7,38.2,32,33,2025-12-16 11:40:05+00:00,synthetic,synth_02224,,0.0,28.6139,77.209
93,36.0,40.5,45,46,2025-12-16 12:40:05+00:00,synthetic,synth_02225,,0.0,28.6139,77.209
90,32.6,46.3,15,15,2025-12-16 13:40:05+00:00,synthetic,synth_02226,,0.0,28.6139,77.209
88,32.9,45.9,12,12,2025-12-16 14:40:05+00:00,synthetic,synth_02227,,0.0,28.6139,77.209
90,32.0,45.2,30,31,2025-12-16 15:40:05+00:00,synthetic,synth_02228,,0.0,28.6139,77.209
93,31.0,47.7,47,50,2025-12-16 16:40:05+00:00,synthetic,synth_02229,,0.0,28.6139,77.209
100,31.2,50.3,50,54,2025-12-16 17:40:05+00:00,synthetic,synth_02230,,0.0,28.6139,77.209
103,30.9,48.6,70,74,2025-12-16 18:40:05+00:00,synthetic,synth_02231,,0.0,28.6139,77.209
106,28.5,52.5,19,19,2025-12-16 19:40:05+00:00,synthetic,synth_02232,,0.0,28.6139,77.209
104,27.8,53.7,59,59,2025-12-16 20:40:05+00:00,synthetic,synth_02233,,0.0,28.6139,77.209
100,26.7,55.1,47,50,2025-12-16 21:40:05+00:00,synthetic,synth_02234,,0.0,28.6139,77.209
97,28.7,55.1,41,45,2025-12-16 22:40:05+00:00,synthetic,synth_02235,,0.0,28.6139,77.209
90,27.9,54.5,6,7,2025-12-16 23:40:05+00:00,synthetic,synth_02236,,0.0,28.6139,77.209
90,29.6,52.8,21,21,2025-12-17 00:40:05+00:00,synthetic,synth_02237,,0.0,28.6139,77.209
90,29.1,54.0,32,34,2025-12-17 01:40:05+00:00,synthetic,synth_02238,,0.0,28.6139,77.209
87,28.7,54.7,56,57,2025-12-17 02:40:05+00:00,synthetic,synth_02239,,0.0,28.6139,77.209
94,31.6,47.8,47,51,2025-12-17 03:40:05+00:00,synthetic,synth_02240,,0.0,28.6139,77.209
98,32.3,43.9,21,22,2025-12-17 04:40:05+00:00,synthetic,synth_02241,,0.0,28.6139,77.209
94,32.9,44.8,30,31,2025-12-17 05:40:05+00:00,synthetic,synth_02242,,0.0,28.6139,77.209
100,34.1,42.4,37,37,2025-12-17 06:40:05+00:00,synthetic,synth_02243,,0.0,28.6139,77.209
104,36.3,38.8,65,69,2025-12-17 07:40:05+00:00,synthetic,synth_02244,,0.0,28.6139,77.209
110,33.4,43.9,5,5,2025-12-17 08:40:05+00:00,synthetic,synth_02245,,0.0,28.6139,77.209
109,35.7,38.7,29,29,2025-12-17 09:40:05+00:00,synthetic,synth_02246,,0.0,28.6139,77.209
113,35.5,41.0,48,50,2025-12-17 10:40:05+00:00,synthetic,synth_02247,,0.0,28.6139,77.209
109,34.6,42.1,25,25,2025-12-17 11:40:05+00:00,synthetic,synth_02248,,0.0,28.6139,77.209
105,33.9,44.8,41,42,2025-12-17 12:40:05+00:00,synthetic,synth_02249,,0.0,28.6139,77.209
102,35.0,41.6,43,49,2025-12-17 13:40:05+00:00,synthetic,synth_02250,,0.0,28.6139,77.209
103,32.3,48.5,30,30,2025-12-17 14:40:05+00:00,synthetic,synth_02251,,0.0,28.6139,77.209
94,32.5,42.9,42,43,2025-12-17 15:40:05+00:00,synthetic,synth_02252,,0.0,28.6139,77.209
107,30.6,47.3,33,33,2025-12-17 16:40:05+00:00,synthetic,synth_02253,,0.0,28.6139,77.209
104,29.4,52.9,58,61,2025-12-17 17:40:05+00:00,synthetic,synth_02254,,0.0,28.6139,77.209
108,31.2,50.8,56,61,2025-12-17 18:40:05+00:00,synthetic,synth_02255,,0.0,28.6139,77.209
105,28.1,53.8,36,40,2025-12-17 19:40:05+00:00,synthetic,synth_02256,,0.0,28.6139,77.209
103,29.0,55.0,51,57,2025-12-17 20:40:05+00:00,synthetic,synth_02257,,0.0,28.6139,77.209
111,29.0,53.4,51,55,2025-12-17 21:40:05+00:00,synthetic,synth_02258,,0.0,28.6139,77.209
102,26.3,56.1,31,33,2025-12-17 22:40:05+00:00,synthetic,synth_02259,,0.0,28.6139,77.209
102,26.8,56.1,35,35,2025-12-17 23:40:05+00:00,synthetic,synth_02260,,0.0,28.6139,77.209
103,27.9,50.3,19,19,2025-12-18 00:40:05+00:00,synthetic,synth_02261,,0.0,28.6139,77.209
101,29.3,51.1,25,27,2025-12-18 01:40:05+00:00,synthetic,synth_02262,,0.0,28.6139,77.209
92,30.0,48.0,5,5,2025-12-18 02:40:05+00:00,synthetic,synth_02263,,0.0,28.6139,77.209
96,31.3,48.8,40,42,2025-12-18 03:40:05+00:00,synthetic,synth_02264,,0.0,28.6139,77.209
93,32.0,49.2,61,62,2025-12-18 04:40:05+00:00,synthetic,synth_02265,,0.0,28.6139,77.209
95,35.1,41.4,43,45,2025-12-18 05:40:05+00:00,synthetic,synth_02266,,0.0,28.6139,77.209
105,35.9,40.9,66,72,2025-12-18 06:40:05+00:00,synthetic,synth_02267,,0.0,28.6139,77.209
105,34.6,39.0,6,6,2025-12-18 07:40:05+00:00,synthetic,synth_02268,,0.0,28.6139,77.209
117,36.0,36.4,35,35,2025-12-18 08:40:05+00:00,synthetic,synth_02269,,0.0,28.6139,77.209
121,36.6,38.8,45,51,2025-12-18 09:40:05+00:00,synthetic,synth_02270,,0.0,28.6139,77.209
113,36.9,34.5,64,64,2025-12-18 10:40:05+00:00,synthetic,synth_02271,,0.0,28.6139,77.209
113,33.6,43.4,36,36,2025-12-18 11:40:05+00:00,synthetic,synth_02272,,0.0,28.6139,77.209
113,34.8,40.2,34,34,2025-12-18 12:40:05+00:00,synthetic,synth_02273,,0.0,28.6139,77.209
111,34.0,38.6,24,27,2025-12-18 13:40:05+00:00,synthetic,synth_02274,,0.0,28.6139,77.209
107,35.2,40.8,74,76,2025-12-18 14:40:05+00:00,synthetic,synth_02275,,0.0,28.6139,77.209
113,32.9,45.6,68,73,2025-12-18 15:40:05+00:00,synthetic,synth_02276,,0.0,28.6139,77.209
115,30.6,47.1,7,10,2025-12-18 16:40:05+00:00,synthetic,synth_02277,,0.0,28.6139,77.209
113,32.4,46.8,81,84,2025-12-18 17:40:05+00:00,synthetic,synth_02278,,0.0,28.6139,77.209
111,29.4,52.1,62,64,2025-12-18 18:40:05+00:00,synthetic,synth_02279,,0.0,28.6139,77.209
104,28.2,55.6,46,52,2025-12-18 19:40:05+00:00,synthetic,synth_02280,,0.0,28.6139,77.209
108,28.1,56.2,68,68,2025-12-18 20:40:05+00:00,synthetic,synth_02281,,0.0,28.6139,77.209
113,27.0,56.6,32,35,2025-12-18 21:40:05+00:00,synthetic,synth_02282,,0.0,28.6139,77.209
106,27.6,52.8,41,41,2025-12-18 22:40:05+00:00,synthetic,synth_02283,,0.0,28.6139,77.209
106,27.6,56.3,53,57,2025-12-18 23:40:05+00:00,synthetic,synth_02284,,0.0,28.6139,77.209
101,29.1,50.8,14,14,2025-12-19 00:40:05+00:00,synthetic,synth_02285,,0.0,28.6139,77.209
103,30.0,48.3,58,59,2025-12-19 01:40:05+00:00,synthetic,synth_02286,,0.0,28.6139,77.209
99,31.0,50.9,81,86,2025-12-19 02:40:05+00:00,synthetic,synth_02287,,0.0,28.6139,77.209
99,32.0,46.6,49,49,2025-12-19 03:40:05+00:00,synthetic,synth_02288,,0.0,28.6139,77.209
103,33.6,45.7,51,51,2025-12-19 04:40:05+00:00,synthetic,synth_02289,,0.0,28.6139,77.209
101,32.5,42.5,14,14,2025-12-19 05:40:05+00:00,synthetic,synth_02290,,0.0,28.6139,77.209
93,36.7,38.8,45,47,2025-12-19 06:40:05+00:00,synthetic,synth_02291,,0.0,28.6139,77.209
96,35.2,38.6,44,44,2025-12-19 07:40:05+00:00,synthetic,synth_02292,,0.0,28.6139,77.209
104,37.2,36.7,32,33,2025-12-19 08:40:05+00:00,synthetic,synth_02293,,0.0,28.6139,77.209
106,34.7,37.1,11,12,2025-12-19 09:40:05+00:00,synthetic,synth_02294,,0.0,28.6139,77.209
107,34.8,40.5,5,5,2025-12-19 10:40:05+00:00,synthetic,synth_02295,,0.0,28.6139,77.209
102,34.8,40.8,36,36,2025-12-19 11:40:05+00:00,synthetic,synth_02296,,0.0,28.6139,77.209
97,34.4,43.4,20,20,2025-12-19 12:40:05+00:00,synthetic,synth_02297,,0.0,28.6139,77.209
99,33.4,44.1,33,34,2025-12-19 13:40:05+00:00,synthetic,synth_02298,,0.0,28.6139,77.209
94,33.2,45.6,48,48,2025-12-19 14:40:05+00:00,synthetic,synth_02299,,0.0,28.6139,77.209
95,33.5,41.8,5,5,2025-12-19 15:40:05+00:00,synthetic,synth_02300,,0.0,28.6139,77.209
94,32.2,47.4,24,24,2025-12-19 16:40:05+00:00,synthetic,synth_02301,,0.0,28.6139,77.209
99,29.9,48.7,30,30,2025-12-19 17:40:05+00:00,synthetic,synth_02302,,0.0,28.6139,77.209
104,29.7,54.1,38,42,2025-12-19 18:40:05+00:00,synthetic,synth_02303,,0.0,28.6139,77.209
114,30.2,50.4,66,66,2025-12-19 19:40:05+00:00,synthetic,synth_02304,,0.0,28.6139,77.209
113,28.3,55.7,38,44,2025-12-19 20:40:05+00:00,synthetic,synth_02305,,0.0,28.6139,77.209
114,27.8,55.6,45,47,2025-12-19 21:40:05+00:00,synthetic,synth_02306,,0.0,28.6139,77.209
110,29.5,51.0,39,45,2025-12-19 22:40:05+00:00,synthetic,synth_02307,,0.0,28.6139,77.209
108,28.0,54.5,67,67,2025-12-19 23:40:05+00:00,synthetic,synth_02308,,0.0,28.6139,77.209
101,28.1,53.4,41,42,2025-12-20 00:40:05+00:00,synthetic,synth_02309,,0.0,28.6139,77.209
102,29.6,52.2,68,75,2025-12-20 01:40:05+00:00,synthetic,synth_02310,,0.0,28.6139,77.209
100,31.3,49.3,35,38,2025-12-20 02:40:05+00:00,synthetic,synth_02311,,0.0,28.6139,77.209
101,31.6,46.7,20,21,2025-12-20 03:40:05+00:00,synthetic,synth_02312,,0.0,28.6139,77.209
98,31.4,45.6,28,34,2025-12-20 04:40:05+00:00,synthetic,synth_02313,,0.0,28.6139,77.209
101,33.7,41.2,7,7,2025-12-20 05:40:05+00:00,synthetic,synth_02314,,0.0,28.6139,77.209
102,34.8,41.1,56,60,2025-12-20 06:40:05+00:00,synthetic,synth_02315,,0.0,28.6139,77.209
106,34.6,38.6,12,12,2025-12-20 07:40:05+00:00,synthetic,synth_02316,,0.0,28.6139,77.209
105,34.0,38.0,21,21,2025-12-20 08:40:05+00:00,synthetic,synth_02317,,0.0,28.6139,77.209
101,35.8,41.9,68,68,2025-12-20 09:40:05+00:00,synthetic,synth_02318,,0.0,28.6139,77.209
99,33.2,40.9,31,37,2025-12-20 10:40:05+00:00,synthetic,synth_02319,,0.0,28.6139,77.209
99,35.7,42.1,50,50,2025-12-20 11:40:05+00:00,synthetic,synth_02320,,0.0,28.6139,77.209
85,35.1,39.0,5,5,2025-12-20 12:40:05+00:00,synthetic,synth_02321,,0.0,28.6139,77.209
81,34.3,41.1,17,17,2025-12-20 13:40:05+00:00,synthetic,synth_02322,,0.0,28.6139,77.209
87,33.9,41.3,21,21,2025-12-20 14:40:05+00:00,synthetic,synth_02323,,0.0,28.6139,77.209
83,35.2,41.8,49,52,2025-12-20 15:40:05+00:00,synthetic,synth_02324,,0.0,28.6139,77.209
83,32.9,48.2,32,34,2025-12-20 16:40:05+00:00,synthetic,synth_02325,,0.0,28.6139,77.209
81,31.9,47.3,41,44,2025-12-20 17:40:05+00:00,synthetic,synth_02326,,0.0,28.6139,77.209
89,29.5,51.1,37,41,2025-12-20 18:40:05+00:00,synthetic,synth_02327,,0.0,28.6139,77.209
88,28.0,55.1,11,11,2025-12-20 19:40:05+00:00,synthetic,synth_02328,,0.0,28.6139,77.209
91,28.8,53.4,24,25,2025-12-20 20:40:05+00:00,synthetic,synth_02329,,0.0,28.6139,77.209
97,28.0,54.0,25,25,2025-12-20 21:40:05+00:00,synthetic,synth_02330,,0.0,28.6139,77.209
95,27.7,53.3,48,48,2025-12-20 22:40:05+00:00,synthetic,synth_02331,,0.0,28.6139,77.209
96,27.4,55.8,8,8,2025-12-20 23:40:05+00:00,synthetic,synth_02332,,0.0,28.6139,77.209
94,28.7,52.7,46,49,2025-12-21 00:40:05+00:00,synthetic,synth_02333,,0.0,28.6139,77.209
102,29.3,49.2,22,29,2025-12-21 01:40:05+00:00,synthetic,synth_02334,,0.0,28.6139,77.209
95,30.4,48.8,69,72,2025-12-21 02:40:05+00:00,synthetic,synth_02335,,0.0,28.6139,77.209
96,31.4,47.5,40,40,2025-12-21 03:40:05+00:00,synthetic,synth_02336,,0.0,28.6139,77.209
90,31.5,50.5,48,48,2025-12-21 04:40:05+00:00,synthetic,synth_02337,,0.0,28.6139,77.209
92,35.2,41.8,66,66,2025-12-21 05:40:05+00:00,synthetic,synth_02338,,0.0,28.6139,77.209
91,35.1,39.2,19,20,2025-12-21 06:40:05+00:00,synthetic,synth_02339,,0.0,28.6139,77.209
90,36.0,36.9,21,21,2025-12-21 07:40:05+00:00,synthetic,synth_02340,,0.0,28.6139,77.209
93,35.0,38.6,33,33,2025-12-21 08:40:05+00:00,synthetic,synth_02341,,0.0,28.6139,77.209
92,35.4,40.7,21,21,2025-12-21 09:40:05+00:00,synthetic,synth_02342,,0.0,28.6139,77.209
101,36.3,36.1,12,12,2025-12-21 10:40:05+00:00,synthetic,synth_02343,,0.0,28.6139,77.209
96,36.4,36.5,40,40,2025-12-21 11:40:05+00:00,synthetic,synth_02344,,0.0,28.6139,77.209
91,34.1,42.5,38,38,2025-12-21 12:40:05+00:00,synthetic,synth_02345,,0.0,28.6139,77.209
86,34.0,43.8,37,43,2025-12-21 13:40:05+00:00,synthetic,synth_02346,,0.0,28.6139,77.209
87,32.5,44.1,25,25,2025-12-21 14:40:05+00:00,synthetic,synth_02347,,0.0,28.6139,77.209
84,32.0,45.6,11,11,2025-12-21 15:40:05+00:00,synthetic,synth_02348,,0.0,28.6139,77.209
86,31.5,48.7,17,18,2025-12-21 16:40:05+00:00,synthetic,synth_02349,,0.0,28.6139,77.209
80,30.9,47.8,16,24,2025-12-21 17:40:05+00:00,synthetic,synth_02350,,0.0,28.6139,77.209
93,30.5,46.0,39,40,2025-12-21 18:40:05+00:00,synthetic,synth_02351,,0.0,28.6139,77.209
94,26.2,57.9,25,30,2025-12-21 19:40:05+00:00,synthetic,synth_02352,,0.0,28.6139,77.209
91,25.5,58.0,19,19,2025-12-21 20:40:05+00:00,synthetic,synth_02353,,0.0,28.6139,77.209
100,27.9,52.1,32,32,2025-12-21 21:40:05+00:00,synthetic,synth_02354,,0.0,28.6139,77.209
100,29.5,50.4,50,54,2025-12-21 22:40:05+00:00,synthetic,synth_02355,,0.0,28.6139,77.209
99,25.9,58.4,16,16,2025-12-21 23:40:05+00:00,synthetic,synth_02356,,0.0,28.6139,77.209
102,27.7,51.5,30,38,2025-12-22 00:40:05+00:00,synthetic,synth_02357,,0.0,28.6139,77.209
103,29.6,51.0,45,45,2025-12-22 01:40:05+00:00,synthetic,synth_02358,,0.0,28.6139,77.209
103,32.0,47.7,35,35,2025-12-22 02:40:05+00:00,synthetic,synth_02359,,0.0,28.6139,77.209
105,31.5,50.0,24,26,2025-12-22 03:40:05+00:00,synthetic,synth_02360,,0.0,28.6139,77.209
104,32.5,49.3,39,44,2025-12-22 04:40:05+00:00,synthetic,synth_02361,,0.0,28.6139,77.209
108,33.1,43.5,82,82,2025-12-22 05:40:05+00:00,synthetic,synth_02362,,0.0,28.6139,77.209
100,34.4,44.0,24,24,2025-12-22 06:40:05+00:00,synthetic,synth_02363,,0.0,28.6139,77.209
104,35.8,38.9,36,36,2025-12-22 07:40:05+00:00,synthetic,synth_02364,,0.0,28.6139,77.209
113,35.5,41.4,37,38,2025-12-22 08:40:05+00:00,synthetic,synth_02365,,0.0,28.6139,77.209
113,35.8,38.3,24,26,2025-12-22 09:40:05+00:00,synthetic,synth_02366,,0.0,28.6139,77.209
105,37.1,36.0,34,36,2025-12-22 10:40:05+00:00,synthetic,synth_02367,,0.0,28.6139,77.209
99,35.7,42.3,51,52,2025-12-22 11:40:05+00:00,synthetic,synth_02368,,0.0,28.6139,77.209
99,34.8,39.9,31,36,2025-12-22 12:40:05+00:00,synthetic,synth_02369,,0.0,28.6139,77.209
100,35.4,41.2,47,54,2025-12-22 13:40:05+00:00,synthetic,synth_02370,,0.0,28.6139,77.209
105,32.9,45.5,34,35,2025-12-22 14:40:05+00:00,synthetic,synth_02371,,0.0,28.6139,77.209
98,32.9,46.2,41,42,2025-12-22 15:40:05+00:00,synthetic,synth_02372,,0.0,28.6139,77.209
103,30.9,48.4,28,30,2025-12-22 16:40:05+00:00,synthetic,synth_02373,,0.0,28.6139,77.209
107,31.7,47.0,46,51,2025-12-22 17:40:05+00:00,synthetic,synth_02374,,0.0,28.6139,77.209
117,28.5,54.8,52,52,2025-12-22 18:40:05+00:00,synthetic,synth_02375,,0.0,28.6139,77.209
118,30.1,51.4,61,64,2025-12-22 19:40:05+00:00,synthetic,synth_02376,,0.0,28.6139,77.209
116,28.9,52.6,61,66,2025-12-22 20:40:05+00:00,synthetic,synth_02377,,0.0,28.6139,77.209
113,27.4,56.7,16,16,2025-12-22 21:40:05+00:00,synthetic,synth_02378,,0.0,28.6139,77.209
116,28.7,51.5,54,57,2025-12-22 22:40:05+00:00,synthetic,synth_02379,,0.0,28.6139,77.209
105,29.1,52.4,62,62,2025-12-22 23:40:05+00:00,synthetic,synth_02380,,0.0,28.6139,77.209
105,28.8,55.1,34,34,2025-12-23 00:40:05+00:00,synthetic,synth_02381,,0.0,28.6139,77.209
99,29.6,51.9,27,27,2025-12-23 01:40:05+00:00,synthetic,synth_02382,,0.0,28.6139,77.209
105,31.8,47.0,91,91,2025-12-23 02:40:05+00:00,synthetic,synth_02383,,0.0,28.6139,77.209
101,30.3,48.8,17,18,2025-12-23 03:40:05+00:00,synthetic,synth_02384,,0.0,28.6139,77.209
100,32.0,45.6,27,27,2025-12-23 04:40:05+00:00,synthetic,synth_02385,,0.0,28.6139,77.209
103,34.4,44.5,41,42,2025-12-23 05:40:05+00:00,synthetic,synth_02386,,0.0,28.6139,77.209
110,32.0,45.6,34,34,2025-12-23 06:40:05+00:00,synthetic,synth_02387,,0.0,28.6139,77.209
115,35.1,39.4,20,20,2025-12-23 07:40:05+00:00,synthetic,synth_02388,,0.0,28.6139,77.209
111,36.0,38.0,55,61,2025-12-23 08:40:05+00:00,synthetic,synth_02389,,0.0,28.6139,77.209
117,36.9,37.9,57,60,2025-12-23 09:40:05+00:00,synthetic,synth_02390,,0.0,28.6139,77.209
110,35.9,36.5,9,11,2025-12-23 10:40:05+00:00,synthetic,synth_02391,,0.0,28.6139,77.209
108,35.3,43.3,48,51,2025-12-23 11:40:05+00:00,synthetic,synth_02392,,0.0,28.6139,77.209
100,35.0,40.4,13,13,2025-12-23 12:40:05+00:00,synthetic,synth_02393,,0.0,28.6139,77.209
92,34.2,42.0,62,62,2025-12-23 13:40:05+00:00,synthetic,synth_02394,,0.0,28.6139,77.209
90,34.3,45.0,19,22,2025-12-23 14:40:05+00:00,synthetic,synth_02395,,0.0,28.6139,77.209
90,33.4,46.3,68,70,2025-12-23 15:40:05+00:00,synthetic,synth_02396,,0.0,28.6139,77.209
100,32.7,46.0,41,42,2025-12-23 16:40:05+00:00,synthetic,synth_02397,,0.0,28.6139,77.209
102,29.0,53.9,20,21,2025-12-23 17:40:05+00:00,synthetic,synth_02398,,0.0,28.6139,77.209
106,30.3,47.7,27,29,2025-12-23 18:40:05+00:00,synthetic,synth_02399,,0.0,28.6139,77.209
106,28.8,53.5,8,10,2025-12-23 19:40:05+00:00,synthetic,synth_02400,,0.0,28.6139,77.209
108,26.8,57.8,14,14,2025-12-23 20:40:05+00:00,synthetic,synth_02401,,0.0,28.6139,77.209
103,27.3,54.0,18,22,2025-12-23 21:40:05+00:00,synthetic,synth_02402,,0.0,28.6139,77.209
106,27.5,53.1,11,11,2025-12-23 22:40:05+00:00,synthetic,synth_02403,,0.0,28.6139,77.209
103,28.8,52.5,71,78,2025-12-23 23:40:05+00:00,synthetic,synth_02404,,0.0,28.6139,77.209
94,29.7,51.1,19,25,2025-12-24 00:40:05+00:00,synthetic,synth_02405,,0.0,28.6139,77.209
96,29.1,49.9,26,29,2025-12-24 01:40:05+00:00,synthetic,synth_02406,,0.0,28.6139,77.209
100,30.8,47.9,58,59,2025-12-24 02:40:05+00:00,synthetic,synth_02407,,0.0,28.6139,77.209
99,31.9,47.4,56,60,2025-12-24 03:40:05+00:00,synthetic,synth_02408,,0.0,28.6139,77.209
96,32.0,46.9,5,5,2025-12-24 04:40:05+00:00,synthetic,synth_02409,,0.0,28.6139,77.209
92,34.0,42.6,50,50,2025-12-24 05:40:05+00:00,synthetic,synth_02410,,0.0,28.6139,77.209
103,32.9,44.0,41,41,2025-12-24 06:40:05+00:00,synthetic,synth_02411,,0.0,28.6139,77.209
99,34.4,42.3,35,35,2025-12-24 07:40:05+00:00,synthetic,synth_02412,,0.0,28.6139,77.209
101,35.3,38.3,44,48,2025-12-24 08:40:05+00:00,synthetic,synth_02413,,0.0,28.6139,77.209
105,35.6,41.4,18,18,2025-12-24 09:40:05+00:00,synthetic,synth_02414,,0.0,28.6139,77.209
106,35.2,41.0,38,38,2025-12-24 10:40:05+00:00,synthetic,synth_02415,,0.0,28.6139,77.209
100,37.1,38.8,85,89,2025-12-24 11:40:05+00:00,synthetic,synth_02416,,0.0,28.6139,77.209
101,35.8,38.8,50,51,2025-12-24 12:40:05+00:00,synthetic,synth_02417,,0.0,28.6139,77.209
98,33.0,43.1,7,7,2025-12-24 13:40:05+00:00,synthetic,synth_02418,,0.0,28.6139,77.209
96,34.3,41.4,48,52,2025-12-24 14:40:05+00:00,synthetic,synth_02419,,0.0,28.6139,77.209
98,32.6,47.4,42,47,2025-12-24 15:40:05+00:00,synthetic,synth_02420,,0.0,28.6139,77.209
99,32.6,44.6,44,46,2025-12-24 16:40:05+00:00,synthetic,synth_02421,,0.0,28.6139,77.209
105,30.5,47.4,56,56,2025-12-24 17:40:05+00:00,synthetic,synth_02422,,0.0,28.6139,77.209
100,29.0,54.0,10,10,2025-12-24 18:40:05+00:00,synthetic,synth_02423,,0.0,28.6139,77.209
108,28.4,52.8,11,11,2025-12-24 19:40:05+00:00,synthetic,synth_02424,,0.0,28.6139,77.209
104,29.6,53.0,36,36,2025-12-24 20:40:05+00:00,synthetic,synth_02425,,0.0,28.6139,77.209
97,27.7,55.0,66,66,2025-12-24 21:40:05+00:00,synthetic,synth_02426,,0.0,28.6139,77.209
104,26.9,55.9,28,30,2025-12-24 22:40:05+00:00,synthetic,synth_02427,,0.0,28.6139,77.209
100,27.2,52.5,5,5,2025-12-24 23:40:05+00:00,synthetic,synth_02428,,0.0,28.6139,77.209
97,28.8,53.4,40,40,2025-12-25 00:40:05+00:00,synthetic,synth_02429,,0.0,28.6139,77.209
97,28.3,51.4,5,5,2025-12-25 01:40:05+00:00,synthetic,synth_02430,,0.0,28.6139,77.209
101,29.5,51.2,19,19,2025-12-25 02:40:05+00:00,synthetic,synth_02431,,0.0,28.6139,77.209
104,30.0,47.1,39,43,2025-12-25 03:40:05+00:00,synthetic,synth_02432,,0.0,28.6139,77.209
96,34.0,46.2,43,46,2025-12-25 04:40:05+00:00,synthetic,synth_02433,,0.0,28.6139,77.209
88,34.1,41.8,70,78,2025-12-25 05:40:05+00:00,synthetic,synth_02434,,0.0,28.6139,77.209
102,35.4,39.9,33,39,2025-12-25 06:40:05+00:00,synthetic,synth_02435,,0.0,28.6139,77.209
102,37.0,38.6,74,83,2025-12-25 07:40:05+00:00,synthetic,synth_02436,,0.0,28.6139,77.209
105,33.7,46.1,17,20,2025-12-25 08:40:05+00:00,synthetic,synth_02437,,0.0,28.6139,77.209
104,36.0,37.1,65,67,2025-12-25 09:40:05+00:00,synthetic,synth_02438,,0.0,28.6139,77.209
106,36.4,37.2,33,33,2025-12-25 10:40:05+00:00,synthetic,synth_02439,,0.0,28.6139,77.209
111,34.0,41.4,43,50,2025-12-25 11:40:05+00:00,synthetic,synth_02440,,0.0,28.6139,77.209
109,36.6,36.9,27,27,2025-12-25 12:40:05+00:00,synthetic,synth_02441,,0.0,28.6139,77.209
94,30.8,51.1,5,5,2025-12-25 13:40:05+00:00,synthetic,synth_02442,,0.0,28.6139,77.209
96,33.9,44.9,35,35,2025-12-25 14:40:05+00:00,synthetic,synth_02443,,0.0,28.6139,77.209
99,32.7,49.2,47,47,2025-12-25 15:40:05+00:00,synthetic,synth_02444,,0.0,28.6139,77.209
102,31.3,46.0,21,27,2025-12-25 16:40:05+00:00,synthetic,synth_02445,,0.0,28.6139,77.209
101,30.9,46.6,17,19,2025-12-25 17:40:05+00:00,synthetic,synth_02446,,0.0,28.6139,77.209
108,29.3,53.5,58,59,2025-12-25 18:40:05+00:00,synthetic,synth_02447,,0.0,28.6139,77.209
113,28.6,53.1,23,27,2025-12-25 19:40:05+00:00,synthetic,synth_02448,,0.0,28.6139,77.209
113,27.5,53.0,7,7,2025-12-25 20:40:05+00:00,synthetic,synth_02449,,0.0,28.6139,77.209
108,28.1,55.7,37,43,2025-12-25 21:40:05+00:00,synthetic,synth_02450,,0.0,28.6139,77.209
108,29.3,52.6,57,59,2025-12-25 22:40:05+00:00,synthetic,synth_02451,,0.0,28.6139,77.209
112,28.4,49.5,66,69,2025-12-25 23:40:05+00:00,synthetic,synth_02452,,0.0,28.6139,77.209
107,29.8,52.9,49,49,2025-12-26 00:40:05+00:00,synthetic,synth_02453,,0.0,28.6139,77.209
102,31.0,50.5,81,87,2025-12-26 01:40:05+00:00,synthetic,synth_02454,,0.0,28.6139,77.209
91,30.4,51.6,27,27,2025-12-26 02:40:05+00:00,synthetic,synth_02455,,0.0,28.6139,77.209
94,30.2,48.0,20,24,2025-12-26 03:40:05+00:00,synthetic,synth_02456,,0.0,28.6139,77.209
97,33.3,44.4,49,49,2025-12-26 04:40:05+00:00,synthetic,synth_02457,,0.0,28.6139,77.209
98,34.1,41.5,14,14,2025-12-26 05:40:05+00:00,synthetic,synth_02458,,0.0,28.6139,77.209
104,35.3,39.0,45,48,2025-12-26 06:40:05+00:00,synthetic,synth_02459,,0.0,28.6139,77.209
103,33.6,42.4,53,56,2025-12-26 07:40:05+00:00,synthetic,synth_02460,,0.0,28.6139,77.209
107,34.6,40.6,73,79,2025-12-26 08:40:05+00:00,synthetic,synth_02461,,0.0,28.6139,77.209
112,36.4,36.6,28,28,2025-12-26 09:40:05+00:00,synthetic,synth_02462,,0.0,28.6139,77.209
109,36.5,36.3,29,31,2025-12-26 10:40:05+00:00,synthetic,synth_02463,,0.0,28.6139,77.209
107,36.1,38.0,53,55,2025-12-26 11:40:05+00:00,synthetic,synth_02464,,0.0,28.6139,77.209
103,34.9,37.9,37,39,2025-12-26 12:40:05+00:00,synthetic,synth_02465,,0.0,28.6139,77.209
103,32.7,44.1,35,38,2025-12-26 13:40:05+00:00,synthetic,synth_02466,,0.0,28.6139,77.209
92,33.7,41.9,33,33,2025-12-26 14:40:05+00:00,synthetic,synth_02467,,0.0,28.6139,77.209
91,31.5,48.3,20,20,2025-12-26 15:40:05+00:00,synthetic,synth_02468,,0.0,28.6139,77.209
101,30.1,49.2,55,58,2025-12-26 16:40:05+00:00,synthetic,synth_02469,,0.0,28.6139,77.209
97,31.5,49.1,63,66,2025-12-26 17:40:05+00:00,synthetic,synth_02470,,0.0,28.6139,77.209
102,31.0,48.0,69,71,2025-12-26 18:40:05+00:00,synthetic,synth_02471,,0.0,28.6139,77.209
106,27.7,54.9,47,48,2025-12-26 19:40:05+00:00,synthetic,synth_02472,,0.0,28.6139,77.209
107,28.5,54.3,59,63,2025-12-26 20:40:05+00:00,synthetic,synth_02473,,0.0,28.6139,77.209
107,28.1,54.4,25,25,2025-12-26 21:40:05+00:00,synthetic,synth_02474,,0.0,28.6139,77.209
98,27.8,52.9,5,5,2025-12-26 22:40:05+00:00,synthetic,synth_02475,,0.0,28.6139,77.209
98,27.5,55.2,29,29,2025-12-26 23:40:05+00:00,synthetic,synth_02476,,0.0,28.6139,77.209
93,29.5,51.1,33,38,2025-12-27 00:40:05+00:00,synthetic,synth_02477,,0.0,28.6139,77.209
95,30.1,52.0,43,48,2025-12-27 01:40:05+00:00,synthetic,synth_02478,,0.0,28.6139,77.209
94,31.1,48.2,25,25,2025-12-27 02:40:05+00:00,synthetic,synth_02479,,0.0,28.6139,77.209
92,32.8,46.2,54,60,2025-12-27 03:40:05+00:00,synthetic,synth_02480,,0.0,28.6139,77.209
90,33.2,42.6,7,7,2025-12-27 04:40:05+00:00,synthetic,synth_02481,,0.0,28.6139,77.209
92,32.2,45.9,5,5,2025-12-27 05:40:05+00:00,synthetic,synth_02482,,0.0,28.6139,77.209
92,33.6,43.0,12,12,2025-12-27 06:40:05+00:00,synthetic,synth_02483,,0.0,28.6139,77.209
89,36.1,40.2,59,59,2025-12-27 07:40:05+00:00,synthetic,synth_02484,,0.0,28.6139,77.209
92,37.5,34.5,5,5,2025-12-27 08:40:05+00:00,synthetic,synth_02485,,0.0,28.6139,77.209
99,36.7,36.4,70,70,2025-12-27 09:40:05+00:00,synthetic,synth_02486,,0.0,28.6139,77.209
97,36.2,38.0,52,56,2025-12-27 10:40:05+00:00,synthetic,synth_02487,,0.0,28.6139,77.209
87,37.7,33.2,32,40,2025-12-27 11:40:05+00:00,synthetic,synth_02488,,0.0,28.6139,77.209
89,34.9,40.3,17,18,2025-12-27 12:40:05+00:00,synthetic,synth_02489,,0.0,28.6139,77.209
86,33.6,40.9,32,39,2025-12-27 13:40:05+00:00,synthetic,synth_02490,,0.0,28.6139,77.209
85,33.8,42.5,32,33,2025-12-27 14:40:05+00:00,synthetic,synth_02491,,0.0,28.6139,77.209
89,32.3,45.8,16,16,2025-12-27 15:40:05+00:00,synthetic,synth_02492,,0.0,28.6139,77.209
87,31.9,46.7,37,39,2025-12-27 16:40:05+00:00,synthetic,synth_02493,,0.0,28.6139,77.209
90,30.2,54.6,28,30,2025-12-27 17:40:05+00:00,synthetic,synth_02494,,0.0,28.6139,77.209
95,30.3,49.3,33,34,2025-12-27 18:40:05+00:00,synthetic,synth_02495,,0.0,28.6139,77.209
92,27.9,55.6,33,33,2025-12-27 19:40:05+00:00,synthetic,synth_02496,,0.0,28.6139,77.209
88,28.0,55.8,90,97,2025-12-27 20:40:05+00:00,synthetic,synth_02497,,0.0,28.6139,77.209
92,28.9,54.1,27,28,2025-12-27 21:40:05+00:00,synthetic,synth_02498,,0.0,28.6139,77.209
91,28.6,55.1,9,9,2025-12-27 22:40:05+00:00,synthetic,synth_02499,,0.0,28.6139,77.209
90,28.3,55.4,26,26,2025-12-27 23:40:05+00:00,synthetic,synth_02500,,0.0,28.6139,77.209
94,27.6,54.0,22,27,2025-12-28 00:40:05+00:00,synthetic,synth_02501,,0.0,28.6139,77.209
96,30.8,51.1,52,54,2025-12-28 01:40:05+00:00,synthetic,synth_02502,,0.0,28.6139,77.209
88,31.0,48.5,33,33,2025-12-28 02:40:05+00:00,synthetic,synth_02503,,0.0,28.6139,77.209
90,31.1,48.8,6,7,2025-12-28 03:40:05+00:00,synthetic,synth_02504,,0.0,28.6139,77.209
85,32.3,47.9,5,5,2025-12-28 04:40:05+00:00,synthetic,synth_02505,,0.0,28.6139,77.209
86,32.0,45.4,5,5,2025-12-28 05:40:05+00:00,synthetic,synth_02506,,0.0,28.6139,77.209
82,34.3,41.4,10,10,2025-12-28 06:40:05+00:00,synthetic,synth_02507,,0.0,28.6139,77.209
91,35.3,41.7,34,35,2025-12-28 07:40:05+00:00,synthetic,synth_02508,,0.0,28.6139,77.209
94,34.8,36.6,19,19,2025-12-28 08:40:05+00:00,synthetic,synth_02509,,0.0,28.6139,77.209
103,36.4,36.9,38,41,2025-12-28 09:40:05+00:00,synthetic,synth_02510,,0.0,28.6139,77.209
103,35.9,38.2,43,47,2025-12-28 10:40:05+00:00,synthetic,synth_02511,,0.0,28.6139,77.209
102,36.5,37.0,59,65,2025-12-28 11:40:05+00:00,synthetic,synth_02512,,0.0,28.6139,77.209
88,34.6,40.8,24,25,2025-12-28 12:40:05+00:00,synthetic,synth_02513,,0.0,28.6139,77.209
76,32.3,46.7,23,23,2025-12-28 13:40:05+00:00,synthetic,synth_02514,,0.0,28.6139,77.209
75,34.0,42.5,17,21,2025-12-28 14:40:05+00:00,synthetic,synth_02515,,0.0,28.6139,77.209
78,33.2,42.4,50,50,2025-12-28 15:40:05+00:00,synthetic,synth_02516,,0.0,28.6139,77.209
86,31.0,50.7,5,5,2025-12-28 16:40:05+00:00,synthetic,synth_02517,,0.0,28.6139,77.209
91,31.6,47.6,24,24,2025-12-28 17:40:05+00:00,synthetic,synth_02518,,0.0,28.6139,77.209
90,28.8,51.6,16,23,2025-12-28 18:40:05+00:00,synthetic,synth_02519,,0.0,28.6139,77.209
89,29.2,53.2,33,34,2025-12-28 19:40:05+00:00,synthetic,synth_02520,,0.0,28.6139,77.209
93,28.1,51.7,36,36,2025-12-28 20:40:05+00:00,synthetic,synth_02521,,0.0,28.6139,77.209
90,28.3,57.0,28,32,2025-12-28 21:40:05+00:00,synthetic,synth_02522,,0.0,28.6139,77.209
91,29.1,51.4,49,53,2025-12-28 22:40:05+00:00,synthetic,synth_02523,,0.0,28.6139,77.209
89,26.8,56.4,19,19,2025-12-28 23:40:05+00:00,synthetic,synth_02524,,0.0,28.6139,77.209
94,27.7,56.0,25,26,2025-12-29 00:40:05+00:00,synthetic,synth_02525,,0.0,28.6139,77.209
93,29.1,53.2,45,46,2025-12-29 01:40:05+00:00,synthetic,synth_02526,,0.0,28.6139,77.209
79,32.0,46.4,63,65,2025-12-29 02:40:05+00:00,synthetic,synth_02527,,0.0,28.6139,77.209
87,30.6,51.2,5,5,2025-12-29 03:40:05+00:00,synthetic,synth_02528,,0.0,28.6139,77.209
99,33.0,45.7,44,50,2025-12-29 04:40:05+00:00,synthetic,synth_02529,,0.0,28.6139,77.209
97,32.4,42.8,5,5,2025-12-29 05:40:05+00:00,synthetic,synth_02530,,0.0,28.6139,77.209
104,35.0,40.8,44,44,2025-12-29 06:40:05+00:00,synthetic,synth_02531,,0.0,28.6139,77.209
106,35.5,39.0,55,57,2025-12-29 07:40:05+00:00,synthetic,synth_02532,,0.0,28.6139,77.209
115,37.1,38.5,57,62,2025-12-29 08:40:05+00:00,synthetic,synth_02533,,0.0,28.6139,77.209
116,36.6,38.4,65,67,2025-12-29 09:40:05+00:00,synthetic,synth_02534,,0.0,28.6139,77.209
116,36.3,39.2,33,38,2025-12-29 10:40:05+00:00,synthetic,synth_02535,,0.0,28.6139,77.209
106,35.5,40.7,28,32,2025-12-29 11:40:05+00:00,synthetic,synth_02536,,0.0,28.6139,77.209
99,34.7,40.2,15,15,2025-12-29 12:40:05+00:00,synthetic,synth_02537,,0.0,28.6139,77.209
95,34.2,41.4,31,31,2025-12-29 13:40:05+00:00,synthetic,synth_02538,,0.0,28.6139,77.209
98,35.3,40.5,35,44,2025-12-29 14:40:05+00:00,synthetic,synth_02539,,0.0,28.6139,77.209
99,33.2,45.7,56,56,2025-12-29 15:40:05+00:00,synthetic,synth_02540,,0.0,28.6139,77.209
101,30.5,47.4,12,12,2025-12-29 16:40:05+00:00,synthetic,synth_02541,,0.0,28.6139,77.209
105,29.8,50.4,47,51,2025-12-29 17:40:05+00:00,synthetic,synth_02542,,0.0,28.6139,77.209
102,28.0,55.1,11,11,2025-12-29 18:40:05+00:00,synthetic,synth_02543,,0.0,28.6139,77.209
105,29.8,54.3,76,77,2025-12-29 19:40:05+00:00,synthetic,synth_02544,,0.0,28.6139,77.209
105,28.3,55.5,39,39,2025-12-29 20:40:05+00:00,synthetic,synth_02545,,0.0,28.6139,77.209
99,27.1,55.4,5,5,2025-12-29 21:40:05+00:00,synthetic,synth_02546,,0.0,28.6139,77.209
102,27.2,53.7,50,57,2025-12-29 22:40:05+00:00,synthetic,synth_02547,,0.0,28.6139,77.209
108,27.9,56.3,46,46,2025-12-29 23:40:05+00:00,synthetic,synth_02548,,0.0,28.6139,77.209
96,28.4,53.8,24,26,2025-12-30 00:40:05+00:00,synthetic,synth_02549,,0.0,28.6139,77.209
87,30.6,49.5,54,54,2025-12-30 01:40:05+00:00,synthetic,synth_02550,,0.0,28.6139,77.209
90,28.3,53.1,46,48,2025-12-30 02:40:05+00:00,synthetic,synth_02551,,0.0,28.6139,77.209
97,30.5,45.3,20,20,2025-12-30 03:40:05+00:00,synthetic,synth_02552,,0.0,28.6139,77.209
95,33.1,44.8,45,47,2025-12-30 04:40:05+00:00,synthetic,synth_02553,,0.0,28.6139,77.209
95,33.0,41.4,23,26,2025-12-30 05:40:05+00:00,synthetic,synth_02554,,0.0,28.6139,77.209
95,35.4,36.9,8,8,2025-12-30 06:40:05+00:00,synthetic,synth_02555,,0.0,28.6139,77.209
93,35.1,40.1,45,45,2025-12-30 07:40:05+00:00,synthetic,synth_02556,,0.0,28.6139,77.209
102,36.0,40.5,63,68,2025-12-30 08:40:05+00:00,synthetic,synth_02557,,0.0,28.6139,77.209
99,34.8,38.2,5,5,2025-12-30 09:40:05+00:00,synthetic,synth_02558,,0.0,28.6139,77.209
103,35.0,39.5,24,24,2025-12-30 10:40:05+00:00,synthetic,synth_02559,,0.0,28.6139,77.209
94,35.1,41.8,26,26,2025-12-30 11:40:05+00:00,synthetic,synth_02560,,0.0,28.6139,77.209
101,34.4,39.0,11,16,2025-12-30 12:40:05+00:00,synthetic,synth_02561,,0.0,28.6139,77.209
98,32.8,45.2,42,46,2025-12-30 13:40:05+00:00,synthetic,synth_02562,,0.0,28.6139,77.209
99,33.0,44.9,5,5,2025-12-30 14:40:05+00:00,synthetic,synth_02563,,0.0,28.6139,77.209
102,31.4,49.4,52,56,2025-12-30 15:40:05+00:00,synthetic,synth_02564,,0.0,28.6139,77.209
99,32.2,45.8,47,48,2025-12-30 16:40:05+00:00,synthetic,synth_02565,,0.0,28.6139,77.209
108,29.4,50.2,36,39,2025-12-30 17:40:05+00:00,synthetic,synth_02566,,0.0,28.6139,77.209
103,30.5,51.4,71,74,2025-12-30 18:40:05+00:00,synthetic,synth_02567,,0.0,28.6139,77.209
104,29.1,54.1,53,56,2025-12-30 19:40:05+00:00,synthetic,synth_02568,,0.0,28.6139,77.209
102,28.0,54.4,57,59,2025-12-30 20:40:05+00:00,synthetic,synth_02569,,0.0,28.6139,77.209
105,29.0,51.1,32,32,2025-12-30 21:40:05+00:00,synthetic,synth_02570,,0.0,28.6139,77.209
105,27.8,56.7,32,35,2025-12-30 22:40:05+00:00,synthetic,synth_02571,,0.0,28.6139,77.209
101,27.3,54.5,37,43,2025-12-30 23:40:05+00:00,synthetic,synth_02572,,0.0,28.6139,77.209
100,29.8,51.2,74,79,2025-12-31 00:40:05+00:00,synthetic,synth_02573,,0.0,28.6139,77.209
96,29.6,48.1,48,53,2025-12-31 01:40:05+00:00,synthetic,synth_02574,,0.0,28.6139,77.209
103,30.5,51.0,48,54,2025-12-31 02:40:05+00:00,synthetic,synth_02575,,0.0,28.6139,77.209
101,30.9,49.4,24,27,2025-12-31 03:40:05+00:00,synthetic,synth_02576,,0.0,28.6139,77.209
102,33.0,47.4,50,50,2025-12-31 04:40:05+00:00,synthetic,synth_02577,,0.0,28.6139,77.209
99,33.7,40.9,23,27,2025-12-31 05:40:05+00:00,synthetic,synth_02578,,0.0,28.6139,77.209
97,34.4,43.0,38,38,2025-12-31 06:40:05+00:00,synthetic,synth_02579,,0.0,28.6139,77.209
99,33.9,41.5,31,32,2025-12-31 07:40:05+00:00,synthetic,synth_02580,,0.0,28.6139,77.209
98,37.2,37.9,84,89,2025-12-31 08:40:05+00:00,synthetic,synth_02581,,0.0,28.6139,77.209
101,34.1,42.3,8,8,2025-12-31 09:40:05+00:00,synthetic,synth_02582,,0.0,28.6139,77.209
106,35.7,40.8,41,46,2025-12-31 10:40:05+00:00,synthetic,synth_02583,,0.0,28.6139,77.209
99,35.7,38.5,35,39,2025-12-31 11:40:05+00:00,synthetic,synth_02584,,0.0,28.6139,77.209
100,35.5,38.1,70,78,2025-12-31 12:40:05+00:00,synthetic,synth_02585,,0.0,28.6139,77.209
96,35.1,41.0,47,47,2025-12-31 13:40:05+00:00,synthetic,synth_02586,,0.0,28.6139,77.209
86,32.4,46.7,7,7,2025-12-31 14:40:05+00:00,synthetic,synth_02587,,0.0,28.6139,77.209
86,33.7,45.4,45,45,2025-12-31 15:40:05+00:00,synthetic,synth_02588,,0.0,28.6139,77.209
89,33.1,42.9,69,74,2025-12-31 16:40:05+00:00,synthetic,synth_02589,,0.0,28.6139,77.209
91,29.3,49.2,5,5,2025-12-31 17:40:05+00:00,synthetic,synth_02590,,0.0,28.6139,77.209
96,28.6,52.7,24,27,2025-12-31 18:40:05+00:00,synthetic,synth_02591,,0.0,28.6139,77.209
89,29.3,50.0,29,34,2025-12-31 19:40:05+00:00,synthetic,synth_02592,,0.0,28.6139,77.209
80,25.6,58.4,24,24,2025-12-31 20:40:05+00:00,synthetic,synth_02593,,0.0,28.6139,77.209
95,27.3,58.3,29,29,2025-12-31 21:40:05+00:00,synthetic,synth_02594,,0.0,28.6139,77.209
87,29.1,54.5,66,71,2025-12-31 22:40:05+00:00,synthetic,synth_02595,,0.0,28.6139,77.209
92,28.5,52.5,37,40,2025-12-31 23:40:05+00:00,synthetic,synth_02596,,0.0,28.6139,77.209
94,27.0,57.1,5,5,2026-01-01 00:40:05+00:00,synthetic,synth_02597,,0.0,28.6139,77.209
90,28.2,52.6,5,5,2026-01-01 01:40:05+00:00,synthetic,synth_02598,,0.0,28.6139,77.209
92,31.7,43.9,74,74,2026-01-01 02:40:05+00:00,synthetic,synth_02599,,0.0,28.6139,77.209
94,33.0,46.7,14,14,2026-01-01 03:40:05+00:00,synthetic,synth_02600,,0.0,28.6139,77.209
96,33.0,43.1,47,49,2026-01-01 04:40:05+00:00,synthetic,synth_02601,,0.0,28.6139,77.209
102,33.1,45.4,41,45,2026-01-01 05:40:05+00:00,synthetic,synth_02602,,0.0,28.6139,77.209
113,35.0,39.0,32,34,2026-01-01 06:40:05+00:00,synthetic,synth_02603,,0.0,28.6139,77.209
111,36.1,40.7,76,82,2026-01-01 07:40:05+00:00,synthetic,synth_02604,,0.0,28.6139,77.209
116,33.3,43.1,30,33,2026-01-01 08:40:05+00:00,synthetic,synth_02605,,0.0,28.6139,77.209
123,35.0,38.1,37,39,2026-01-01 09:40:05+00:00,synthetic,synth_02606,,0.0,28.6139,77.209
115,36.6,37.8,50,52,2026-01-01 10:40:05+00:00,synthetic,synth_02607,,0.0,28.6139,77.209
99,35.7,39.5,41,44,2026-01-01 11:40:05+00:00,synthetic,synth_02608,,0.0,28.6139,77.209
96,33.8,41.6,35,35,2026-01-01 12:40:05+00:00,synthetic,synth_02609,,0.0,28.6139,77.209
98,34.1,42.1,25,28,2026-01-01 13:40:05+00:00,synthetic,synth_02610,,0.0,28.6139,77.209
99,33.3,45.3,5,5,2026-01-01 14:40:05+00:00,synthetic,synth_02611,,0.0,28.6139,77.209
95,30.7,46.7,5,5,2026-01-01 15:40:05+00:00,synthetic,synth_02612,,0.0,28.6139,77.209
94,30.6,50.1,35,43,2026-01-01 16:40:05+00:00,synthetic,synth_02613,,0.0,28.6139,77.209
102,29.8,51.3,41,42,2026-01-01 17:40:05+00:00,synthetic,synth_02614,,0.0,28.6139,77.209
108,28.5,53.5,9,9,2026-01-01 18:40:05+00:00,synthetic,synth_02615,,0.0,28.6139,77.209
108,29.3,49.8,24,26,2026-01-01 19:40:05+00:00,synthetic,synth_02616,,0.0,28.6139,77.209
103,27.4,57.9,31,31,2026-01-01 20:40:05+00:00,synthetic,synth_02617,,0.0,28.6139,77.209
98,28.7,53.4,8,8,2026-01-01 21:40:05+00:00,synthetic,synth_02618,,0.0,28.6139,77.209
102,28.3,52.0,17,20,2026-01-01 22:40:05+00:00,synthetic,synth_02619,,0.0,28.6139,77.209
105,27.7,54.5,49,49,2026-01-01 23:40:05+00:00,synthetic,synth_02620,,0.0,28.6139,77.209
108,27.1,53.8,5,5,2026-01-02 00:40:05+00:00,synthetic,synth_02621,,0.0,28.6139,77.209
107,31.0,51.4,39,42,2026-01-02 01:40:05+00:00,synthetic,synth_02622,,0.0,28.6139,77.209
104,28.1,52.5,5,5,2026-01-02 02:40:05+00:00,synthetic,synth_02623,,0.0,28.6139,77.209
98,33.3,46.3,57,57,2026-01-02 03:40:05+00:00,synthetic,synth_02624,,0.0,28.6139,77.209
102,33.1,45.0,37,37,2026-01-02 04:40:05+00:00,synthetic,synth_02625,,0.0,28.6139,77.209
101,33.7,45.1,57,59,2026-01-02 05:40:05+00:00,synthetic,synth_02626,,0.0,28.6139,77.209
107,35.6,39.9,30,30,2026-01-02 06:40:05+00:00,synthetic,synth_02627,,0.0,28.6139,77.209
108,34.0,41.7,29,32,2026-01-02 07:40:05+00:00,synthetic,synth_02628,,0.0,28.6139,77.209
115,36.6,36.6,12,14,2026-01-02 08:40:05+00:00,synthetic,synth_02629,,0.0,28.6139,77.209
112,35.5,37.9,41,42,2026-01-02 09:40:05+00:00,synthetic,synth_02630,,0.0,28.6139,77.209
104,35.1,38.4,53,53,2026-01-02 10:40:05+00:00,synthetic,synth_02631,,0.0,28.6139,77.209
92,35.6,39.2,42,45,2026-01-02 11:40:05+00:00,synthetic,synth_02632,,0.0,28.6139,77.209
89,34.4,43.0,62,63,2026-01-02 12:40:05+00:00,synthetic,synth_02633,,0.0,28.6139,77.209
85,33.8,42.2,54,56,2026-01-02 13:40:05+00:00,synthetic,synth_02634,,0.0,28.6139,77.209
80,33.6,43.4,63,68,2026-01-02 14:40:05+00:00,synthetic,synth_02635,,0.0,28.6139,77.209
93,32.2,46.4,5,5,2026-01-02 15:40:05+00:00,synthetic,synth_02636,,0.0,28.6139,77.209
99,32.1,43.0,5,5,2026-01-02 16:40:05+00:00,synthetic,synth_02637,,0.0,28.6139,77.209
109,30.1,52.6,30,30,2026-01-02 17:40:05+00:00,synthetic,synth_02638,,0.0,28.6139,77.209
108,30.0,54.5,67,67,2026-01-02 18:40:05+00:00,synthetic,synth_02639,,0.0,28.6139,77.209
108,27.7,62.1,24,26,2026-01-02 19:40:05+00:00,synthetic,synth_02640,,0.0,28.6139,77.209
105,29.8,55.1,75,75,2026-01-02 20:40:05+00:00,synthetic,synth_02641,,0.0,28.6139,77.209
100,26.7,56.9,12,18,2026-01-02 21:40:05+00:00,synthetic,synth_02642,,0.0,28.6139,77.209
108,29.6,54.0,35,35,2026-01-02 22:40:05+00:00,synthetic,synth_02643,,0.0,28.6139,77.209
105,28.2,53.9,24,26,2026-01-02 23:40:05+00:00,synthetic,synth_02644,,0.0,28.6139,77.209
95,28.7,53.6,45,45,2026-01-03 00:40:05+00:00,synthetic,synth_02645,,0.0,28.6139,77.209
91,29.1,53.5,25,25,2026-01-03 01:40:05+00:00,synthetic,synth_02646,,0.0,28.6139,77.209
86,30.6,50.5,60,62,2026-01-03 02:40:05+00:00,synthetic,synth_02647,,0.0,28.6139,77.209
91,33.2,45.1,67,67,2026-01-03 03:40:05+00:00,synthetic,synth_02648,,0.0,28.6139,77.209
86,34.2,40.5,15,15,2026-01-03 04:40:05+00:00,synthetic,synth_02649,,0.0,28.6139,77.209
90,34.6,42.6,27,27,2026-01-03 05:40:05+00:00,synthetic,synth_02650,,0.0,28.6139,77.209
96,35.4,39.4,25,25,2026-01-03 06:40:05+00:00,synthetic,synth_02651,,0.0,28.6139,77.209
93,35.1,40.8,13,14,2026-01-03 07:40:05+00:00,synthetic,synth_02652,,0.0,28.6139,77.209
94,35.5,38.1,27,31,2026-01-03 08:40:05+00:00,synthetic,synth_02653,,0.0,28.6139,77.209
101,34.9,40.4,25,25,2026-01-03 09:40:05+00:00,synthetic,synth_02654,,0.0,28.6139,77.209
94,35.5,40.5,35,39,2026-01-03 10:40:05+00:00,synthetic,synth_02655,,0.0,28.6139,77.209
86,35.1,38.2,36,41,2026-01-03 11:40:05+00:00,synthetic,synth_02656,,0.0,28.6139,77.209
83,36.2,38.4,65,69,2026-01-03 12:40:05+00:00,synthetic,synth_02657,,0.0,28.6139,77.209
79,35.3,41.0,59,66,2026-01-03 13:40:05+00:00,synthetic,synth_02658,,0.0,28.6139,77.209
82,33.1,45.9,45,45,2026-01-03 14:40:05+00:00,synthetic,synth_02659,,0.0,28.6139,77.209
78,31.2,48.4,36,41,2026-01-03 15:40:05+00:00,synthetic,synth_02660,,0.0,28.6139,77.209
80,31.3,50.1,59,59,2026-01-03 16:40:05+00:00,synthetic,synth_02661,,0.0,28.6139,77.209
86,31.5,49.1,87,91,2026-01-03 17:40:05+00:00,synthetic,synth_02662,,0.0,28.6139,77.209
84,28.2,53.7,57,58,2026-01-03 18:40:05+00:00,synthetic,synth_02663,,0.0,28.6139,77.209
85,28.3,52.1,48,50,2026-01-03 19:40:05+00:00,synthetic,synth_02664,,0.0,28.6139,77.209
84,28.8,52.5,40,44,2026-01-03 20:40:05+00:00,synthetic,synth_02665,,0.0,28.6139,77.209
91,28.4,54.6,30,31,2026-01-03 21:40:05+00:00,synthetic,synth_02666,,0.0,28.6139,77.209
87,28.1,57.2,18,21,2026-01-03 22:40:05+00:00,synthetic,synth_02667,,0.0,28.6139,77.209
87,29.6,52.7,26,26,2026-01-03 23:40:05+00:00,synthetic,synth_02668,,0.0,28.6139,77.209
92,27.9,53.0,38,42,2026-01-04 00:40:05+00:00,synthetic,synth_02669,,0.0,28.6139,77.209
90,31.5,48.6,75,77,2026-01-04 01:40:05+00:00,synthetic,synth_02670,,0.0,28.6139,77.209
90,31.8,49.4,24,24,2026-01-04 02:40:05+00:00,synthetic,synth_02671,,0.0,28.6139,77.209
86,31.7,49.7,56,58,2026-01-04 03:40:05+00:00,synthetic,synth_02672,,0.0,28.6139,77.209
84,32.7,46.7,22,23,2026-01-04 04:40:05+00:00,synthetic,synth_02673,,0.0,28.6139,77.209
85,33.1,42.1,46,46,2026-01-04 05:40:05+00:00,synthetic,synth_02674,,0.0,28.6139,77.209
93,33.1,43.1,31,31,2026-01-04 06:40:05+00:00,synthetic,synth_02675,,0.0,28.6139,77.209
95,35.4,38.5,46,52,2026-01-04 07:40:05+00:00,synthetic,synth_02676,,0.0,28.6139,77.209
104,35.7,38.5,5,5,2026-01-04 08:40:05+00:00,synthetic,synth_02677,,0.0,28.6139,77.209
96,35.4,37.5,39,43,2026-01-04 09:40:05+00:00,synthetic,synth_02678,,0.0,28.6139,77.209
96,36.8,36.7,48,49,2026-01-04 10:40:05+00:00,synthetic,synth_02679,,0.0,28.6139,77.209
92,35.4,40.9,9,12,2026-01-04 11:40:05+00:00,synthetic,synth_02680,,0.0,28.6139,77.209
89,33.6,39.9,37,41,2026-01-04 12:40:05+00:00,synthetic,synth_02681,,0.0,28.6139,77.209
84,35.6,38.7,62,72,2026-01-04 13:40:05+00:00,synthetic,synth_02682,,0.0,28.6139,77.209
79,33.3,45.4,43,44,2026-01-04 14:40:05+00:00,synthetic,synth_02683,,0.0,28.6139,77.209
86,33.3,46.4,69,73,2026-01-04 15:40:05+00:00,synthetic,synth_02684,,0.0,28.6139,77.209
87,32.6,45.6,53,60,2026-01-04 16:40:05+00:00,synthetic,synth_02685,,0.0,28.6139,77.209
93,29.5,49.7,27,27,2026-01-04 17:40:05+00:00,synthetic,synth_02686,,0.0,28.6139,77.209
98,29.6,50.8,20,23,2026-01-04 18:40:05+00:00,synthetic,synth_02687,,0.0,28.6139,77.209
104,29.4,50.4,60,60,2026-01-04 19:40:05+00:00,synthetic,synth_02688,,0.0,28.6139,77.209
97,27.7,54.6,37,38,2026-01-04 20:40:05+00:00,synthetic,synth_02689,,0.0,28.6139,77.209
91,27.1,55.5,37,37,2026-01-04 21:40:05+00:00,synthetic,synth_02690,,0.0,28.6139,77.209
98,28.1,53.0,62,68,2026-01-04 22:40:05+00:00,synthetic,synth_02691,,0.0,28.6139,77.209
94,29.7,50.3,47,52,2026-01-04 23:40:05+00:00,synthetic,synth_02692,,0.0,28.6139,77.209
96,28.2,53.4,12,15,2026-01-05 00:40:05+00:00,synthetic,synth_02693,,0.0,28.6139,77.209
94,28.3,50.8,5,5,2026-01-05 01:40:05+00:00,synthetic,synth_02694,,0.0,28.6139,77.209
90,30.2,48.8,44,44,2026-01-05 02:40:05+00:00,synthetic,synth_02695,,0.0,28.6139,77.209
86,32.9,45.3,63,68,2026-01-05 03:40:05+00:00,synthetic,synth_02696,,0.0,28.6139,77.209
93,32.6,44.0,17,18,2026-01-05 04:40:05+00:00,synthetic,synth_02697,,0.0,28.6139,77.209
95,34.4,39.6,41,43,2026-01-05 05:40:05+00:00,synthetic,synth_02698,,0.0,28.6139,77.209
105,33.9,41.1,17,19,2026-01-05 06:40:05+00:00,synthetic,synth_02699,,0.0,28.6139,77.209
112,34.7,45.8,47,47,2026-01-05 07:40:05+00:00,synthetic,synth_02700,,0.0,28.6139,77.209
118,36.9,35.1,40,41,2026-01-05 08:40:05+00:00,synthetic,synth_02701,,0.0,28.6139,77.209
121,35.8,41.9,71,72,2026-01-05 09:40:05+00:00,synthetic,synth_02702,,0.0,28.6139,77.209
113,36.1,38.2,50,53,2026-01-05 10:40:05+00:00,synthetic,synth_02703,,0.0,28.6139,77.209
110,37.6,36.1,57,62,2026-01-05 11:40:05+00:00,synthetic,synth_02704,,0.0,28.6139,77.209
100,35.5,38.9,16,16,2026-01-05 12:40:05+00:00,synthetic,synth_02705,,0.0,28.6139,77.209
97,35.7,40.0,66,68,2026-01-05 13:40:05+00:00,synthetic,synth_02706,,0.0,28.6139,77.209
96,31.7,46.8,5,5,2026-01-05 14:40:05+00:00,synthetic,synth_02707,,0.0,28.6139,77.209
98,32.8,41.6,56,62,2026-01-05 15:40:05+00:00,synthetic,synth_02708,,0.0,28.6139,77.209
95,30.1,45.4,34,35,2026-01-05 16:40:05+00:00,synthetic,synth_02709,,0.0,28.6139,77.209
105,30.3,50.1,56,61,2026-01-05 17:40:05+00:00,synthetic,synth_02710,,0.0,28.6139,77.209
108,29.6,50.1,59,62,2026-01-05 18:40:05+00:00,synthetic,synth_02711,,0.0,28.6139,77.209
103,28.4,52.2,9,9,2026-01-05 19:40:05+00:00,synthetic,synth_02712,,0.0,28.6139,77.209
110,27.7,54.7,67,71,2026-01-05 20:40:05+00:00,synthetic,synth_02713,,0.0,28.6139,77.209
108,26.8,55.1,17,22,2026-01-05 21:40:05+00:00,synthetic,synth_02714,,0.0,28.6139,77.209
103,27.4,56.7,8,12,2026-01-05 22:40:05+00:00,synthetic,synth_02715,,0.0,28.6139,77.209
101,26.6,57.8,19,20,2026-01-05 23:40:05+00:00,synthetic,synth_02716,,0.0,28.6139,77.209
97,28.3,53.4,24,24,2026-01-06 00:40:05+00:00,synthetic,synth_02717,,0.0,28.6139,77.209
107,29.2,48.3,5,5,2026-01-06 01:40:05+00:00,synthetic,synth_02718,,0.0,28.6139,77.209
104,31.5,48.0,56,63,2026-01-06 02:40:05+00:00,synthetic,synth_02719,,0.0,28.6139,77.209
105,31.0,47.9,11,13,2026-01-06 03:40:05+00:00,synthetic,synth_02720,,0.0,28.6139,77.209
106,32.3,48.3,37,38,2026-01-06 04:40:05+00:00,synthetic,synth_02721,,0.0,28.6139,77.209
98,34.4,37.3,43,44,2026-01-06 05:40:05+00:00,synthetic,synth_02722,,0.0,28.6139,77.209
99,33.9,44.4,14,17,2026-01-06 06:40:05+00:00,synthetic,synth_02723,,0.0,28.6139,77.209
99,35.5,40.4,49,53,2026-01-06 07:40:05+00:00,synthetic,synth_02724,,0.0,28.6139,77.209
93,35.4,35.4,5,5,2026-01-06 08:40:05+00:00,synthetic,synth_02725,,0.0,28.6139,77.209
95,35.8,40.1,14,14,2026-01-06 09:40:05+00:00,synthetic,synth_02726,,0.0,28.6139,77.209
95,34.9,40.9,5,5,2026-01-06 10:40:05+00:00,synthetic,synth_02727,,0.0,28.6139,77.209
90,36.3,38.3,33,38,2026-01-06 11:40:05+00:00,synthetic,synth_02728,,0.0,28.6139,77.209
87,36.3,37.6,20,20,2026-01-06 12:40:05+00:00,synthetic,synth_02729,,0.0,28.6139,77.209
85,33.6,43.7,32,32,2026-01-06 13:40:05+00:00,synthetic,synth_02730,,0.0,28.6139,77.209
88,33.8,41.8,30,33,2026-01-06 14:40:05+00:00,synthetic,synth_02731,,0.0,28.6139,77.209
97,32.6,44.7,26,31,2026-01-06 15:40:05+00:00,synthetic,synth_02732,,0.0,28.6139,77.209
102,31.4,49.0,53,60,2026-01-06 16:40:05+00:00,synthetic,synth_02733,,0.0,28.6139,77.209
107,29.1,52.2,39,43,2026-01-06 17:40:05+00:00,synthetic,synth_02734,,0.0,28.6139,77.209
113,31.1,45.5,41,41,2026-01-06 18:40:05+00:00,synthetic,synth_02735,,0.0,28.6139,77.209
105,27.3,55.2,33,37,2026-01-06 19:40:05+00:00,synthetic,synth_02736,,0.0,28.6139,77.209
99,28.7,55.4,49,49,2026-01-06 20:40:05+00:00,synthetic,synth_02737,,0.0,28.6139,77.209
95,27.7,56.8,5,6,2026-01-06 21:40:05+00:00,synthetic,synth_02738,,0.0,28.6139,77.209
91,28.6,50.9,35,39,2026-01-06 22:40:05+00:00,synthetic,synth_02739,,0.0,28.6139,77.209
82,29.2,54.1,52,52,2026-01-06 23:40:05+00:00,synthetic,synth_02740,,0.0,28.6139,77.209
89,28.8,54.5,32,39,2026-01-07 00:40:05+00:00,synthetic,synth_02741,,0.0,28.6139,77.209
92,29.1,52.4,23,23,2026-01-07 01:40:05+00:00,synthetic,synth_02742,,0.0,28.6139,77.209
93,31.1,50.8,65,71,2026-01-07 02:40:05+00:00,synthetic,synth_02743,,0.0,28.6139,77.209
90,31.2,44.9,15,16,2026-01-07 03:40:05+00:00,synthetic,synth_02744,,0.0,28.6139,77.209
99,33.3,46.1,37,38,2026-01-07 04:40:05+00:00,synthetic,synth_02745,,0.0,28.6139,77.209
109,34.5,43.1,29,31,2026-01-07 05:40:05+00:00,synthetic,synth_02746,,0.0,28.6139,77.209
108,34.0,40.6,42,44,2026-01-07 06:40:05+00:00,synthetic,synth_02747,,0.0,28.6139,77.209
113,37.2,38.7,69,72,2026-01-07 07:40:05+00:00,synthetic,synth_02748,,0.0,28.6139,77.209
114,35.9,39.6,30,33,2026-01-07 08:40:05+00:00,synthetic,synth_02749,,0.0,28.6139,77.209
110,35.7,37.8,59,65,2026-01-07 09:40:05+00:00,synthetic,synth_02750,,0.0,28.6139,77.209
110,36.1,38.4,33,33,2026-01-07 10:40:05+00:00,synthetic,synth_02751,,0.0,28.6139,77.209
105,35.6,40.4,37,40,2026-01-07 11:40:05+00:00,synthetic,synth_02752,,0.0,28.6139,77.209
100,35.9,43.7,70,73,2026-01-07 12:40:05+00:00,synthetic,synth_02753,,0.0,28.6139,77.209
94,32.7,42.5,7,7,2026-01-07 13:40:05+00:00,synthetic,synth_02754,,0.0,28.6139,77.209
94,33.8,47.1,50,53,2026-01-07 14:40:05+00:00,synthetic,synth_02755,,0.0,28.6139,77.209
93,30.8,46.6,50,57,2026-01-07 15:40:05+00:00,synthetic,synth_02756,,0.0,28.6139,77.209
96,29.6,53.1,5,5,2026-01-07 16:40:05+00:00,synthetic,synth_02757,,0.0,28.6139,77.209
105,31.8,46.0,49,52,2026-01-07 17:40:05+00:00,synthetic,synth_02758,,0.0,28.6139,77.209
108,30.8,46.3,50,50,2026-01-07 18:40:05+00:00,synthetic,synth_02759,,0.0,28.6139,77.209
112,27.7,53.5,23,24,2026-01-07 19:40:05+00:00,synthetic,synth_02760,,0.0,28.6139,77.209
107,29.1,55.7,53,57,2026-01-07 20:40:05+00:00,synthetic,synth_02761,,0.0,28.6139,77.209
111,26.4,57.4,19,27,2026-01-07 21:40:05+00:00,synthetic,synth_02762,,0.0,28.6139,77.209
114,29.0,54.6,79,85,2026-01-07 22:40:05+00:00,synthetic,synth_02763,,0.0,28.6139,77.209
105,26.5,53.4,5,5,2026-01-07 23:40:05+00:00,synthetic,synth_02764,,0.0,28.6139,77.209
97,30.3,48.1,57,59,2026-01-08 00:40:05+00:00,synthetic,synth_02765,,0.0,28.6139,77.209
100,29.0,50.5,14,14,2026-01-08 01:40:05+00:00,synthetic,synth_02766,,0.0,28.6139,77.209
96,32.2,45.5,25,28,2026-01-08 02:40:05+00:00,synthetic,synth_02767,,0.0,28.6139,77.209
95,32.8,43.7,5,5,2026-01-08 03:40:05+00:00,synthetic,synth_02768,,0.0,28.6139,77.209
103,32.1,48.9,5,5,2026-01-08 04:40:05+00:00,synthetic,synth_02769,,0.0,28.6139,77.209
99,34.8,40.5,43,43,2026-01-08 05:40:05+00:00,synthetic,synth_02770,,0.0,28.6139,77.209
95,35.5,39.5,25,27,2026-01-08 06:40:05+00:00,synthetic,synth_02771,,0.0,28.6139,77.209
104,35.5,37.7,35,35,2026-01-08 07:40:05+00:00,synthetic,synth_02772,,0.0,28.6139,77.209
103,36.0,39.3,47,47,2026-01-08 08:40:05+00:00,synthetic,synth_02773,,0.0,28.6139,77.209
112,37.5,35.3,59,62,2026-01-08 09:40:05+00:00,synthetic,synth_02774,,0.0,28.6139,77.209
114,36.6,35.4,71,76,2026-01-08 10:40:05+00:00,synthetic,synth_02775,,0.0,28.6139,77.209
106,34.4,43.4,37,38,2026-01-08 11:40:05+00:00,synthetic,synth_02776,,0.0,28.6139,77.209
102,35.5,41.0,55,57,2026-01-08 12:40:05+00:00,synthetic,synth_02777,,0.0,28.6139,77.209
99,32.7,43.4,32,32,2026-01-08 13:40:05+00:00,synthetic,synth_02778,,0.0,28.6139,77.209
97,32.4,44.4,26,27,2026-01-08 14:40:05+00:00,synthetic,synth_02779,,0.0,28.6139,77.209
98,31.3,45.1,44,44,2026-01-08 15:40:05+00:00,synthetic,synth_02780,,0.0,28.6139,77.209
97,31.8,48.1,41,44,2026-01-08 16:40:05+00:00,synthetic,synth_02781,,0.0,28.6139,77.209
100,30.3,51.5,28,29,2026-01-08 17:40:05+00:00,synthetic,synth_02782,,0.0,28.6139,77.209
107,31.1,45.9,61,66,2026-01-08 18:40:05+00:00,synthetic,synth_02783,,0.0,28.6139,77.209
104,29.7,50.0,44,48,2026-01-08 19:40:05+00:00,synthetic,synth_02784,,0.0,28.6139,77.209
100,28.4,52.3,28,29,2026-01-08 20:40:05+00:00,synthetic,synth_02785,,0.0,28.6139,77.209
104,27.5,56.8,44,44,2026-01-08 21:40:05+00:00,synthetic,synth_02786,,0.0,28.6139,77.209
102,29.1,53.1,55,57,2026-01-08 22:40:05+00:00,synthetic,synth_02787,,0.0,28.6139,77.209
102,27.5,54.4,8,8,2026-01-08 23:40:05+00:00,synthetic,synth_02788,,0.0,28.6139,77.209
102,28.6,51.6,44,44,2026-01-09 00:40:05+00:00,synthetic,synth_02789,,0.0,28.6139,77.209
101,29.4,52.1,19,20,2026-01-09 01:40:05+00:00,synthetic,synth_02790,,0.0,28.6139,77.209
104,31.2,49.0,81,87,2026-01-09 02:40:05+00:00,synthetic,synth_02791,,0.0,28.6139,77.209
99,32.1,44.3,28,30,2026-01-09 03:40:05+00:00,synthetic,synth_02792,,0.0,28.6139,77.209
101,32.0,48.8,28,28,2026-01-09 04:40:05+00:00,synthetic,synth_02793,,0.0,28.6139,77.209
100,32.8,43.8,35,39,2026-01-09 05:40:05+00:00,synthetic,synth_02794,,0.0,28.6139,77.209
97,32.0,42.6,7,7,2026-01-09 06:40:05+00:00,synthetic,synth_02795,,0.0,28.6139,77.209
103,35.5,39.6,51,54,2026-01-09 07:40:05+00:00,synthetic,synth_02796,,0.0,28.6139,77.209
112,35.4,39.0,47,53,2026-01-09 08:40:05+00:00,synthetic,synth_02797,,0.0,28.6139,77.209
110,35.8,38.2,24,30,2026-01-09 09:40:05+00:00,synthetic,synth_02798,,0.0,28.6139,77.209
112,34.7,40.0,43,43,2026-01-09 10:40:05+00:00,synthetic,synth_02799,,0.0,28.6139,77.209
115,35.6,38.1,43,43,2026-01-09 11:40:05+00:00,synthetic,synth_02800,,0.0,28.6139,77.209
117,36.4,36.1,68,75,2026-01-09 12:40:05+00:00,synthetic,synth_02801,,0.0,28.6139,77.209
111,33.2,42.6,16,21,2026-01-09 13:40:05+00:00,synthetic,synth_02802,,0.0,28.6139,77.209
98,32.5,44.0,37,38,2026-01-09 14:40:05+00:00,synthetic,synth_02803,,0.0,28.6139,77.209
104,31.4,49.4,47,48,2026-01-09 15:40:05+00:00,synthetic,synth_02804,,0.0,28.6139,77.209
111,32.2,45.3,58,61,2026-01-09 16:40:05+00:00,synthetic,synth_02805,,0.0,28.6139,77.209
112,30.0,48.6,15,19,2026-01-09 17:40:05+00:00,synthetic,synth_02806,,0.0,28.6139,77.209
105,29.7,51.7,37,39,2026-01-09 18:40:05+00:00,synthetic,synth_02807,,0.0,28.6139,77.209
108,30.5,50.6,52,52,2026-01-09 19:40:05+00:00,synthetic,synth_02808,,0.0,28.6139,77.209
109,28.3,55.1,49,53,2026-01-09 20:40:05+00:00,synthetic,synth_02809,,0.0,28.6139,77.209
111,28.4,52.3,53,58,2026-01-09 21:40:05+00:00,synthetic,synth_02810,,0.0,28.6139,77.209
118,28.2,52.9,30,30,2026-01-09 22:40:05+00:00,synthetic,synth_02811,,0.0,28.6139,77.209
104,27.0,56.4,56,57,2026-01-09 23:40:05+00:00,synthetic,synth_02812,,0.0,28.6139,77.209
105,28.1,53.1,37,38,2026-01-10 00:40:05+00:00,synthetic,synth_02813,,0.0,28.6139,77.209
100,28.9,53.5,69,75,2026-01-10 01:40:05+00:00,synthetic,synth_02814,,0.0,28.6139,77.209
97,31.1,47.0,51,56,2026-01-10 02:40:05+00:00,synthetic,synth_02815,,0.0,28.6139,77.209
97,32.5,48.7,59,61,2026-01-10 03:40:05+00:00,synthetic,synth_02816,,0.0,28.6139,77.209
94,32.2,48.8,33,34,2026-01-10 04:40:05+00:00,synthetic,synth_02817,,0.0,28.6139,77.209
94,34.0,42.5,83,88,2026-01-10 05:40:05+00:00,synthetic,synth_02818,,0.0,28.6139,77.209
95,33.8,42.7,21,23,2026-01-10 06:40:05+00:00,synthetic,synth_02819,,0.0,28.6139,77.209
101,36.3,40.3,49,51,2026-01-10 07:40:05+00:00,synthetic,synth_02820,,0.0,28.6139,77.209
99,35.1,41.3,28,31,2026-01-10 08:40:05+00:00,synthetic,synth_02821,,0.0,28.6139,77.209
95,36.2,36.9,59,69,2026-01-10 09:40:05+00:00,synthetic,synth_02822,,0.0,28.6139,77.209
93,35.5,38.8,22,24,2026-01-10 10:40:05+00:00,synthetic,synth_02823,,0.0,28.6139,77.209
95,34.7,40.4,36,38,2026-01-10 11:40:05+00:00,synthetic,synth_02824,,0.0,28.6139,77.209
96,34.8,43.7,34,36,2026-01-10 12:40:05+00:00,synthetic,synth_02825,,0.0,28.6139,77.209
99,32.7,46.3,35,38,2026-01-10 13:40:05+00:00,synthetic,synth_02826,,0.0,28.6139,77.209
88,32.8,43.2,20,24,2026-01-10 14:40:05+00:00,synthetic,synth_02827,,0.0,28.6139,77.209
85,31.7,46.9,42,42,2026-01-10 15:40:05+00:00,synthetic,synth_02828,,0.0,28.6139,77.209
81,32.4,45.9,36,38,2026-01-10 16:40:05+00:00,synthetic,synth_02829,,0.0,28.6139,77.209
86,28.2,52.0,30,32,2026-01-10 17:40:05+00:00,synthetic,synth_02830,,0.0,28.6139,77.209
91,29.9,48.9,52,57,2026-01-10 18:40:05+00:00,synthetic,synth_02831,,0.0,28.6139,77.209
88,28.3,54.2,42,49,2026-01-10 19:40:05+00:00,synthetic,synth_02832,,0.0,28.6139,77.209
94,28.0,54.8,45,46,2026-01-10 20:40:05+00:00,synthetic,synth_02833,,0.0,28.6139,77.209
90,27.6,54.7,5,5,2026-01-10 21:40:05+00:00,synthetic,synth_02834,,0.0,28.6139,77.209
88,27.9,53.9,29,34,2026-01-10 22:40:05+00:00,synthetic,synth_02835,,0.0,28.6139,77.209
84,28.7,53.7,43,45,2026-01-10 23:40:05+00:00,synthetic,synth_02836,,0.0,28.6139,77.209
87,28.8,53.8,42,44,2026-01-11 00:40:05+00:00,synthetic,synth_02837,,0.0,28.6139,77.209
86,29.9,51.6,39,39,2026-01-11 01:40:05+00:00,synthetic,synth_02838,,0.0,28.6139,77.209
86,30.8,47.9,25,29,2026-01-11 02:40:05+00:00,synthetic,synth_02839,,0.0,28.6139,77.209
84,31.4,47.6,30,30,2026-01-11 03:40:05+00:00,synthetic,synth_02840,,0.0,28.6139,77.209
87,32.5,45.8,15,15,2026-01-11 04:40:05+00:00,synthetic,synth_02841,,0.0,28.6139,77.209
97,33.9,45.7,26,26,2026-01-11 05:40:05+00:00,synthetic,synth_02842,,0.0,28.6139,77.209
96,34.9,41.3,15,15,2026-01-11 06:40:05+00:00,synthetic,synth_02843,,0.0,28.6139,77.209
92,35.7,39.9,47,47,2026-01-11 07:40:05+00:00,synthetic,synth_02844,,0.0,28.6139,77.209
99,36.5,37.0,34,38,2026-01-11 08:40:05+00:00,synthetic,synth_02845,,0.0,28.6139,77.209
103,36.0,39.9,56,58,2026-01-11 09:40:05+00:00,synthetic,synth_02846,,0.0,28.6139,77.209
98,35.9,40.4,59,59,2026-01-11 10:40:05+00:00,synthetic,synth_02847,,0.0,28.6139,77.209
99,32.6,44.2,5,5,2026-01-11 11:40:05+00:00,synthetic,synth_02848,,0.0,28.6139,77.209
94,34.4,40.6,5,5,2026-01-11 12:40:05+00:00,synthetic,synth_02849,,0.0,28.6139,77.209
92,32.6,48.7,36,36,2026-01-11 13:40:05+00:00,synthetic,synth_02850,,0.0,28.6139,77.209
88,34.1,38.5,25,25,2026-01-11 14:40:05+00:00,synthetic,synth_02851,,0.0,28.6139,77.209
87,32.1,44.9,18,20,2026-01-11 15:40:05+00:00,synthetic,synth_02852,,0.0,28.6139,77.209
90,31.3,47.1,41,45,2026-01-11 16:40:05+00:00,synthetic,synth_02853,,0.0,28.6139,77.209
83,30.7,49.5,36,36,2026-01-11 17:40:05+00:00,synthetic,synth_02854,,0.0,28.6139,77.209
86,30.2,50.6,65,69,2026-01-11 18:40:05+00:00,synthetic,synth_02855,,0.0,28.6139,77.209
93,28.9,55.4,32,39,2026-01-11 19:40:05+00:00,synthetic,synth_02856,,0.0,28.6139,77.209
91,28.3,55.4,67,69,2026-01-11 20:40:05+00:00,synthetic,synth_02857,,0.0,28.6139,77.209
92,27.7,58.2,42,49,2026-01-11 21:40:05+00:00,synthetic,synth_02858,,0.0,28.6139,77.209
95,27.6,54.2,31,32,2026-01-11 22:40:05+00:00,synthetic,synth_02859,,0.0,28.6139,77.209
99,29.4,51.4,70,73,2026-01-11 23:40:05+00:00,synthetic,synth_02860,,0.0,28.6139,77.209
94,30.1,50.3,6,8,2026-01-12 00:40:05+00:00,synthetic,synth_02861,,0.0,28.6139,77.209
90,28.4,55.6,8,8,2026-01-12 01:40:05+00:00,synthetic,synth_02862,,0.0,28.6139,77.209
97,28.8,51.7,30,32,2026-01-12 02:40:05+00:00,synthetic,synth_02863,,0.0,28.6139,77.209
103,31.2,46.3,12,15,2026-01-12 03:40:05+00:00,synthetic,synth_02864,,0.0,28.6139,77.209
103,33.1,43.3,37,39,2026-01-12 04:40:05+00:00,synthetic,synth_02865,,0.0,28.6139,77.209
107,35.0,41.5,69,73,2026-01-12 05:40:05+00:00,synthetic,synth_02866,,0.0,28.6139,77.209
102,33.4,43.3,44,47,2026-01-12 06:40:05+00:00,synthetic,synth_02867,,0.0,28.6139,77.209
100,34.5,41.2,38,41,2026-01-12 07:40:05+00:00,synthetic,synth_02868,,0.0,28.6139,77.209
114,36.4,39.5,61,61,2026-01-12 08:40:05+00:00,synthetic,synth_02869,,0.0,28.6139,77.209
119,36.2,39.1,67,72,2026-01-12 09:40:05+00:00,synthetic,synth_02870,,0.0,28.6139,77.209
108,35.8,40.8,47,52,2026-01-12 10:40:05+00:00,synthetic,synth_02871,,0.0,28.6139,77.209
100,36.1,36.8,13,15,2026-01-12 11:40:05+00:00,synthetic,synth_02872,,0.0,28.6139,77.209
95,36.1,39.7,66,73,2026-01-12 12:40:05+00:00,synthetic,synth_02873,,0.0,28.6139,77.209
95,33.4,43.2,20,24,2026-01-12 13:40:05+00:00,synthetic,synth_02874,,0.0,28.6139,77.209
87,33.7,43.5,24,27,2026-01-12 14:40:05+00:00,synthetic,synth_02875,,0.0,28.6139,77.209
87,32.8,45.7,26,31,2026-01-12 15:40:05+00:00,synthetic,synth_02876,,0.0,28.6139,77.209
91,32.9,47.3,51,54,2026-01-12 16:40:05+00:00,synthetic,synth_02877,,0.0,28.6139,77.209
99,29.3,52.3,39,42,2026-01-12 17:40:05+00:00,synthetic,synth_02878,,0.0,28.6139,77.209
102,29.6,48.7,29,29,2026-01-12 18:40:05+00:00,synthetic,synth_02879,,0.0,28.6139,77.209
105,29.4,49.6,52,55,2026-01-12 19:40:05+00:00,synthetic,synth_02880,,0.0,28.6139,77.209
103,27.5,52.6,30,35,2026-01-12 20:40:05+00:00,synthetic,synth_02881,,0.0,28.6139,77.209
104,27.7,56.2,40,40,2026-01-12 21:40:05+00:00,synthetic,synth_02882,,0.0,28.6139,77.209
99,27.2,55.0,63,63,2026-01-12 22:40:05+00:00,synthetic,synth_02883,,0.0,28.6139,77.209
104,28.2,56.6,59,61,2026-01-12 23:40:05+00:00,synthetic,synth_02884,,0.0,28.6139,77.209
100,30.5,51.3,85,90,2026-01-13 00:40:05+00:00,synthetic,synth_02885,,0.0,28.6139,77.209
97,30.5,46.1,35,41,2026-01-13 01:40:05+00:00,synthetic,synth_02886,,0.0,28.6139,77.209
94,32.5,46.5,60,62,2026-01-13 02:40:05+00:00,synthetic,synth_02887,,0.0,28.6139,77.209
105,32.5,45.4,73,78,2026-01-13 03:40:05+00:00,synthetic,synth_02888,,0.0,28.6139,77.209
98,33.8,40.0,41,46,2026-01-13 04:40:05+00:00,synthetic,synth_02889,,0.0,28.6139,77.209
96,33.8,44.5,64,66,2026-01-13 05:40:05+00:00,synthetic,synth_02890,,0.0,28.6139,77.209
96,35.5,39.8,40,44,2026-01-13 06:40:05+00:00,synthetic,synth_02891,,0.0,28.6139,77.209
102,36.7,34.5,21,21,2026-01-13 07:40:05+00:00,synthetic,synth_02892,,0.0,28.6139,77.209
108,34.4,42.6,19,20,2026-01-13 08:40:05+00:00,synthetic,synth_02893,,0.0,28.6139,77.209
112,35.4,40.7,24,24,2026-01-13 09:40:05+00:00,synthetic,synth_02894,,0.0,28.6139,77.209
108,36.5,39.5,45,49,2026-01-13 10:40:05+00:00,synthetic,synth_02895,,0.0,28.6139,77.209
107,35.7,38.2,26,26,2026-01-13 11:40:05+00:00,synthetic,synth_02896,,0.0,28.6139,77.209
107,33.4,42.2,31,35,2026-01-13 12:40:05+00:00,synthetic,synth_02897,,0.0,28.6139,77.209
109,34.0,45.0,66,67,2026-01-13 13:40:05+00:00,synthetic,synth_02898,,0.0,28.6139,77.209
104,33.0,42.8,18,20,2026-01-13 14:40:05+00:00,synthetic,synth_02899,,0.0,28.6139,77.209
104,33.3,43.4,31,35,2026-01-13 15:40:05+00:00,synthetic,synth_02900,,0.0,28.6139,77.209
103,29.1,51.9,28,28,2026-01-13 16:40:05+00:00,synthetic,synth_02901,,0.0,28.6139,77.209
98,29.3,50.3,17,18,2026-01-13 17:40:05+00:00,synthetic,synth_02902,,0.0,28.6139,77.209
94,29.7,50.6,34,36,2026-01-13 18:40:05+00:00,synthetic,synth_02903,,0.0,28.6139,77.209
102,27.7,56.6,11,13,2026-01-13 19:40:05+00:00,synthetic,synth_02904,,0.0,28.6139,77.209
105,30.5,50.3,64,67,2026-01-13 20:40:05+00:00,synthetic,synth_02905,,0.0,28.6139,77.209
117,26.8,53.4,12,12,2026-01-13 21:40:05+00:00,synthetic,synth_02906,,0.0,28.6139,77.209
111,27.6,56.2,5,5,2026-01-13 22:40:05+00:00,synthetic,synth_02907,,0.0,28.6139,77.209
107,28.3,55.1,46,46,2026-01-13 23:40:05+00:00,synthetic,synth_02908,,0.0,28.6139,77.209
103,28.1,51.2,55,59,2026-01-14 00:40:05+00:00,synthetic,synth_02909,,0.0,28.6139,77.209
98,28.7,51.1,27,27,2026-01-14 01:40:05+00:00,synthetic,synth_02910,,0.0,28.6139,77.209
96,28.9,53.4,13,13,2026-01-14 02:40:05+00:00,synthetic,synth_02911,,0.0,28.6139,77.209
90,31.9,50.8,6,6,2026-01-14 03:40:05+00:00,synthetic,synth_02912,,0.0,28.6139,77.209
94,33.1,42.6,22,22,2026-01-14 04:40:05+00:00,synthetic,synth_02913,,0.0,28.6139,77.209
100,33.0,45.6,16,17,2026-01-14 05:40:05+00:00,synthetic,synth_02914,,0.0,28.6139,77.209
94,34.3,39.5,9,11,2026-01-14 06:40:05+00:00,synthetic,synth_02915,,0.0,28.6139,77.209
96,35.8,40.2,55,58,2026-01-14 07:40:05+00:00,synthetic,synth_02916,,0.0,28.6139,77.209
108,35.6,41.8,56,57,2026-01-14 08:40:05+00:00,synthetic,synth_02917,,0.0,28.6139,77.209
110,36.8,40.7,64,68,2026-01-14 09:40:05+00:00,synthetic,synth_02918,,0.0,28.6139,77.209
104,35.8,39.8,35,37,2026-01-14 10:40:05+00:00,synthetic,synth_02919,,0.0,28.6139,77.209
102,35.1,43.3,38,44,2026-01-14 11:40:05+00:00,synthetic,synth_02920,,0.0,28.6139,77.209
98,35.8,40.1,56,61,2026-01-14 12:40:05+00:00,synthetic,synth_02921,,0.0,28.6139,77.209
95,33.8,43.3,57,62,2026-01-14 13:40:05+00:00,synthetic,synth_02922,,0.0,28.6139,77.209
96,33.9,41.4,35,36,2026-01-14 14:40:05+00:00,synthetic,synth_02923,,0.0,28.6139,77.209
90,31.8,46.4,18,18,2026-01-14 15:40:05+00:00,synthetic,synth_02924,,0.0,28.6139,77.209
94,30.3,52.0,6,7,2026-01-14 16:40:05+00:00,synthetic,synth_02925,,0.0,28.6139,77.209
99,30.7,47.2,43,49,2026-01-14 17:40:05+00:00,synthetic,synth_02926,,0.0,28.6139,77.209
102,30.1,52.2,89,91,2026-01-14 18:40:05+00:00,synthetic,synth_02927,,0.0,28.6139,77.209
99,29.7,49.5,5,5,2026-01-14 19:40:05+00:00,synthetic,synth_02928,,0.0,28.6139,77.209
105,27.4,55.6,16,16,2026-01-14 20:40:05+00:00,synthetic,synth_02929,,0.0,28.6139,77.209
110,28.2,54.6,44,52,2026-01-14 21:40:05+00:00,synthetic,synth_02930,,0.0,28.6139,77.209
104,28.2,55.9,45,46,2026-01-14 22:40:05+00:00,synthetic,synth_02931,,0.0,28.6139,77.209
104,26.5,54.5,40,40,2026-01-14 23:40:05+00:00,synthetic,synth_02932,,0.0,28.6139,77.209
97,29.2,52.1,42,44,2026-01-15 00:40:05+00:00,synthetic,synth_02933,,0.0,28.6139,77.209
86,29.6,51.5,19,21,2026-01-15 01:40:05+00:00,synthetic,synth_02934,,0.0,28.6139,77.209
85,30.8,51.9,13,13,2026-01-15 02:40:05+00:00,synthetic,synth_02935,,0.0,28.6139,77.209
89,32.5,50.7,44,47,2026-01-15 03:40:05+00:00,synthetic,synth_02936,,0.0,28.6139,77.209
97,31.6,47.7,69,80,2026-01-15 04:40:05+00:00,synthetic,synth_02937,,0.0,28.6139,77.209
101,32.6,48.7,30,30,2026-01-15 05:40:05+00:00,synthetic,synth_02938,,0.0,28.6139,77.209
101,35.1,38.9,38,38,2026-01-15 06:40:05+00:00,synthetic,synth_02939,,0.0,28.6139,77.209
108,35.4,41.9,31,32,2026-01-15 07:40:05+00:00,synthetic,synth_02940,,0.0,28.6139,77.209
110,36.8,37.6,37,41,2026-01-15 08:40:05+00:00,synthetic,synth_02941,,0.0,28.6139,77.209
115,36.6,37.3,16,18,2026-01-15 09:40:05+00:00,synthetic,synth_02942,,0.0,28.6139,77.209
110,36.0,36.4,52,57,2026-01-15 10:40:05+00:00,synthetic,synth_02943,,0.0,28.6139,77.209
101,37.3,39.2,66,70,2026-01-15 11:40:05+00:00,synthetic,synth_02944,,0.0,28.6139,77.209
94,35.8,40.5,60,60,2026-01-15 12:40:05+00:00,synthetic,synth_02945,,0.0,28.6139,77.209
92,33.6,43.0,41,41,2026-01-15 13:40:05+00:00,synthetic,synth_02946,,0.0,28.6139,77.209
98,33.6,43.7,5,5,2026-01-15 14:40:05+00:00,synthetic,synth_02947,,0.0,28.6139,77.209
89,32.8,44.4,21,21,2026-01-15 15:40:05+00:00,synthetic,synth_02948,,0.0,28.6139,77.209
96,30.1,49.5,16,16,2026-01-15 16:40:05+00:00,synthetic,synth_02949,,0.0,28.6139,77.209
98,31.4,49.6,42,45,2026-01-15 17:40:05+00:00,synthetic,synth_02950,,0.0,28.6139,77.209
103,28.9,52.9,19,21,2026-01-15 18:40:05+00:00,synthetic,synth_02951,,0.0,28.6139,77.209
110,27.9,54.7,24,24,2026-01-15 19:40:05+00:00,synthetic,synth_02952,,0.0,28.6139,77.209
108,27.5,58.4,45,45,2026-01-15 20:40:05+00:00,synthetic,synth_02953,,0.0,28.6139,77.209
106,29.2,54.4,69,72,2026-01-15 21:40:05+00:00,synthetic,synth_02954,,0.0,28.6139,77.209
99,27.1,57.1,5,5,2026-01-15 22:40:05+00:00,synthetic,synth_02955,,0.0,28.6139,77.209
105,28.3,52.5,53,56,2026-01-15 23:40:05+00:00,synthetic,synth_02956,,0.0,28.6139,77.209
99,29.4,49.4,22,22,2026-01-16 00:40:05+00:00,synthetic,synth_02957,,0.0,28.6139,77.209
104,29.9,50.5,55,59,2026-01-16 01:40:05+00:00,synthetic,synth_02958,,0.0,28.6139,77.209
98,29.9,49.6,5,5,2026-01-16 02:40:05+00:00,synthetic,synth_02959,,0.0,28.6139,77.209
95,32.2,48.7,37,37,2026-01-16 03:40:05+00:00,synthetic,synth_02960,,0.0,28.6139,77.209
97,31.5,47.9,44,45,2026-01-16 04:40:05+00:00,synthetic,synth_02961,,0.0,28.6139,77.209
91,32.6,46.6,34,35,2026-01-16 05:40:05+00:00,synthetic,synth_02962,,0.0,28.6139,77.209
94,34.4,40.2,22,27,2026-01-16 06:40:05+00:00,synthetic,synth_02963,,0.0,28.6139,77.209
97,35.5,40.1,31,31,2026-01-16 07:40:05+00:00,synthetic,synth_02964,,0.0,28.6139,77.209
100,35.2,39.5,53,53,2026-01-16 08:40:05+00:00,synthetic,synth_02965,,0.0,28.6139,77.209
100,36.7,36.8,77,81,2026-01-16 09:40:05+00:00,synthetic,synth_02966,,0.0,28.6139,77.209
100,35.4,37.9,38,38,2026-01-16 10:40:05+00:00,synthetic,synth_02967,,0.0,28.6139,77.209
98,36.4,39.8,38,41,2026-01-16 11:40:05+00:00,synthetic,synth_02968,,0.0,28.6139,77.209
98,34.7,39.3,43,43,2026-01-16 12:40:05+00:00,synthetic,synth_02969,,0.0,28.6139,77.209
95,31.9,43.4,5,5,2026-01-16 13:40:05+00:00,synthetic,synth_02970,,0.0,28.6139,77.209
92,34.4,41.9,39,41,2026-01-16 14:40:05+00:00,synthetic,synth_02971,,0.0,28.6139,77.209
93,32.0,46.2,11,11,2026-01-16 15:40:05+00:00,synthetic,synth_02972,,0.0,28.6139,77.209
99,31.3,47.0,28,33,2026-01-16 16:40:05+00:00,synthetic,synth_02973,,0.0,28.6139,77.209
93,30.1,49.3,51,51,2026-01-16 17:40:05+00:00,synthetic,synth_02974,,0.0,28.6139,77.209
95,28.8,51.0,25,30,2026-01-16 18:40:05+00:00,synthetic,synth_02975,,0.0,28.6139,77.209
91,29.6,52.5,39,40,2026-01-16 19:40:05+00:00,synthetic,synth_02976,,0.0,28.6139,77.209
92,26.9,55.9,16,17,2026-01-16 20:40:05+00:00,synthetic,synth_02977,,0.0,28.6139,77.209
90,27.5,56.0,40,46,2026-01-16 21:40:05+00:00,synthetic,synth_02978,,0.0,28.6139,77.209
83,27.3,56.0,5,5,2026-01-16 22:40:05+00:00,synthetic,synth_02979,,0.0,28.6139,77.209
89,28.7,54.0,34,36,2026-01-16 23:40:05+00:00,synthetic,synth_02980,,0.0,28.6139,77.209
89,27.3,58.6,32,32,2026-01-17 00:40:05+00:00,synthetic,synth_02981,,0.0,28.6139,77.209
87,27.4,55.6,47,51,2026-01-17 01:40:05+00:00,synthetic,synth_02982,,0.0,28.6139,77.209
84,29.9,49.7,18,18,2026-01-17 02:40:05+00:00,synthetic,synth_02983,,0.0,28.6139,77.209
86,32.0,46.8,36,40,2026-01-17 03:40:05+00:00,synthetic,synth_02984,,0.0,28.6139,77.209
79,32.0,45.8,8,10,2026-01-17 04:40:05+00:00,synthetic,synth_02985,,0.0,28.6139,77.209
90,33.8,44.5,25,27,2026-01-17 05:40:05+00:00,synthetic,synth_02986,,0.0,28.6139,77.209
95,33.2,43.2,20,20,2026-01-17 06:40:05+00:00,synthetic,synth_02987,,0.0,28.6139,77.209
105,34.0,41.8,32,32,2026-01-17 07:40:05+00:00,synthetic,synth_02988,,0.0,28.6139,77.209
107,36.5,38.0,25,27,2026-01-17 08:40:05+00:00,synthetic,synth_02989,,0.0,28.6139,77.209
108,35.1,42.0,28,28,2026-01-17 09:40:05+00:00,synthetic,synth_02990,,0.0,28.6139,77.209
105,35.1,40.4,33,35,2026-01-17 10:40:05+00:00,synthetic,synth_02991,,0.0,28.6139,77.209
98,35.5,40.4,51,51,2026-01-17 11:40:05+00:00,synthetic,synth_02992,,0.0,28.6139,77.209
96,35.3,38.0,5,5,2026-01-17 12:40:05+00:00,synthetic,synth_02993,,0.0,28.6139,77.209
93,32.7,43.9,7,7,2026-01-17 13:40:05+00:00,synthetic,synth_02994,,0.0,28.6139,77.209
90,33.2,46.1,11,11,2026-01-17 14:40:05+00:00,synthetic,synth_02995,,0.0,28.6139,77.209
97,32.7,46.3,15,18,2026-01-17 15:40:05+00:00,synthetic,synth_02996,,0.0,28.6139,77.209
97,31.9,48.4,27,28,2026-01-17 16:40:05+00:00,synthetic,synth_02997,,0.0,28.6139,77.209
94,31.1,50.2,34,36,2026-01-17 17:40:05+00:00,synthetic,synth_02998,,0.0,28.6139,77.209
90,29.1,54.0,44,49,2026-01-17 18:40:05+00:00,synthetic,synth_02999,,0.0,28.6139,77.209
94,28.9,51.3,22,22,2026-01-17 19:40:05+00:00,synthetic,synth_03000,,0.0,28.6139,77.209
88,27.3,57.4,15,19,2026-01-17 20:40:05+00:00,synthetic,synth_03001,,0.0,28.6139,77.209
96,27.5,54.3,20,20,2026-01-17 21:40:05+00:00,synthetic,synth_03002,,0.0,28.6139,77.209
94,27.4,58.6,5,5,2026-01-17 22:40:05+00:00,synthetic,synth_03003,,0.0,28.6139,77.209
97,28.7,52.7,38,38,2026-01-17 23:40:05+00:00,synthetic,synth_03004,,0.0,28.6139,77.209
97,28.9,49.4,6,6,2026-01-18 00:40:05+00:00,synthetic,synth_03005,,0.0,28.6139,77.209
89,30.7,48.8,46,46,2026-01-18 01:40:05+00:00,synthetic,synth_03006,,0.0,28.6139,77.209
83,31.0,46.0,51,52,2026-01-18 02:40:05+00:00,synthetic,synth_03007,,0.0,28.6139,77.209
83,31.6,47.0,28,30,2026-01-18 03:40:05+00:00,synthetic,synth_03008,,0.0,28.6139,77.209
86,32.8,43.2,59,62,2026-01-18 04:40:05+00:00,synthetic,synth_03009,,0.0,28.6139,77.209
87,32.8,45.8,22,25,2026-01-18 05:40:05+00:00,synthetic,synth_03010,,0.0,28.6139,77.209
93,34.9,40.7,49,50,2026-01-18 06:40:05+00:00,synthetic,synth_03011,,0.0,28.6139,77.209
96,34.3,40.9,14,17,2026-01-18 07:40:05+00:00,synthetic,synth_03012,,0.0,28.6139,77.209
93,35.8,35.7,33,35,2026-01-18 08:40:05+00:00,synthetic,synth_03013,,0.0,28.6139,77.209
97,36.4,37.4,30,32,2026-01-18 09:40:05+00:00,synthetic,synth_03014,,0.0,28.6139,77.209
100,35.1,38.5,20,25,2026-01-18 10:40:05+00:00,synthetic,synth_03015,,0.0,28.6139,77.209
98,34.5,41.3,7,7,2026-01-18 11:40:05+00:00,synthetic,synth_03016,,0.0,28.6139,77.209
98,35.5,41.3,18,18,2026-01-18 12:40:05+00:00,synthetic,synth_03017,,0.0,28.6139,77.209
92,33.8,41.8,13,17,2026-01-18 13:40:05+00:00,synthetic,synth_03018,,0.0,28.6139,77.209
93,31.8,47.5,50,50,2026-01-18 14:40:05+00:00,synthetic,synth_03019,,0.0,28.6139,77.209
94,31.5,48.6,37,40,2026-01-18 15:40:05+00:00,synthetic,synth_03020,,0.0,28.6139,77.209
91,30.9,49.6,11,11,2026-01-18 16:40:05+00:00,synthetic,synth_03021,,0.0,28.6139,77.209
104,31.7,45.3,54,58,2026-01-18 17:40:05+00:00,synthetic,synth_03022,,0.0,28.6139,77.209
99,31.3,48.1,74,78,2026-01-18 18:40:05+00:00,synthetic,synth_03023,,0.0,28.6139,77.209
109,29.2,54.6,46,49,2026-01-18 19:40:05+00:00,synthetic,synth_03024,,0.0,28.6139,77.209
105,27.7,55.5,41,41,2026-01-18 20:40:05+00:00,synthetic,synth_03025,,0.0,28.6139,77.209
101,29.3,52.5,68,69,2026-01-18 21:40:05+00:00,synthetic,synth_03026,,0.0,28.6139,77.209
90,26.0,58.4,5,5,2026-01-18 22:40:05+00:00,synthetic,synth_03027,,0.0,28.6139,77.209
97,28.2,54.4,8,12,2026-01-18 23:40:05+00:00,synthetic,synth_03028,,0.0,28.6139,77.209
96,30.5,50.4,31,35,2026-01-19 00:40:05+00:00,synthetic,synth_03029,,0.0,28.6139,77.209
93,29.8,50.6,55,56,2026-01-19 01:40:05+00:00,synthetic,synth_03030,,0.0,28.6139,77.209
97,30.3,51.1,37,38,2026-01-19 02:40:05+00:00,synthetic,synth_03031,,0.0,28.6139,77.209
97,32.1,45.9,47,48,2026-01-19 03:40:05+00:00,synthetic,synth_03032,,0.0,28.6139,77.209
94,32.8,44.2,5,8,2026-01-19 04:40:05+00:00,synthetic,synth_03033,,0.0,28.6139,77.209
94,33.0,44.1,5,8,2026-01-19 05:40:05+00:00,synthetic,synth_03034,,0.0,28.6139,77.209
87,35.7,40.6,35,42,2026-01-19 06:40:05+00:00,synthetic,synth_03035,,0.0,28.6139,77.209
90,34.8,41.2,24,27,2026-01-19 07:40:05+00:00,synthetic,synth_03036,,0.0,28.6139,77.209
100,36.1,36.5,36,41,2026-01-19 08:40:05+00:00,synthetic,synth_03037,,0.0,28.6139,77.209
107,35.8,40.7,45,50,2026-01-19 09:40:05+00:00,synthetic,synth_03038,,0.0,28.6139,77.209
105,35.3,43.5,66,68,2026-01-19 10:40:05+00:00,synthetic,synth_03039,,0.0,28.6139,77.209
103,35.2,38.4,19,21,2026-01-19 11:40:05+00:00,synthetic,synth_03040,,0.0,28.6139,77.209
96,33.5,42.0,25,25,2026-01-19 12:40:05+00:00,synthetic,synth_03041,,0.0,28.6139,77.209
91,34.0,46.3,33,35,2026-01-19 13:40:05+00:00,synthetic,synth_03042,,0.0,28.6139,77.209
96,33.9,42.9,61,63,2026-01-19 14:40:05+00:00,synthetic,synth_03043,,0.0,28.6139,77.209
94,30.5,50.2,8,8,2026-01-19 15:40:05+00:00,synthetic,synth_03044,,0.0,28.6139,77.209
96,30.7,48.5,76,79,2026-01-19 16:40:05+00:00,synthetic,synth_03045,,0.0,28.6139,77.209
97,29.1,52.6,20,21,2026-01-19 17:40:05+00:00,synthetic,synth_03046,,0.0,28.6139,77.209
98,31.3,48.1,61,63,2026-01-19 18:40:05+00:00,synthetic,synth_03047,,0.0,28.6139,77.209
98,29.9,51.8,71,75,2026-01-19 19:40:05+00:00,synthetic,synth_03048,,0.0,28.6139,77.209
100,27.3,56.0,8,10,2026-01-19 20:40:05+00:00,synthetic,synth_03049,,0.0,28.6139,77.209
102,26.4,56.6,16,17,2026-01-19 21:40:05+00:00,synthetic,synth_03050,,0.0,28.6139,77.209
99,28.6,53.3,19,20,2026-01-19 22:40:05+00:00,synthetic,synth_03051,,0.0,28.6139,77.209
105,28.9,51.5,48,56,2026-01-19 23:40:05+00:00,synthetic,synth_03052,,0.0,28.6139,77.209
99,28.5,54.3,11,11,2026-01-20 00:40:05+00:00,synthetic,synth_03053,,0.0,28.6139,77.209
98,29.6,52.6,51,53,2026-01-20 01:40:05+00:00,synthetic,synth_03054,,0.0,28.6139,77.209
97,30.2,48.7,49,50,2026-01-20 02:40:05+00:00,synthetic,synth_03055,,0.0,28.6139,77.209
93,34.3,42.7,68,72,2026-01-20 03:40:05+00:00,synthetic,synth_03056,,0.0,28.6139,77.209
99,31.7,48.3,53,60,2026-01-20 04:40:05+00:00,synthetic,synth_03057,,0.0,28.6139,77.209
101,33.0,43.3,22,25,2026-01-20 05:40:05+00:00,synthetic,synth_03058,,0.0,28.6139,77.209
97,36.7,36.8,70,79,2026-01-20 06:40:05+00:00,synthetic,synth_03059,,0.0,28.6139,77.209
106,35.7,44.0,29,29,2026-01-20 07:40:05+00:00,synthetic,synth_03060,,0.0,28.6139,77.209
109,35.3,40.6,36,36,2026-01-20 08:40:05+00:00,synthetic,synth_03061,,0.0,28.6139,77.209
113,35.9,34.3,5,5,2026-01-20 09:40:05+00:00,synthetic,synth_03062,,0.0,28.6139,77.209
111,36.5,37.7,67,68,2026-01-20 10:40:05+00:00,synthetic,synth_03063,,0.0,28.6139,77.209
107,35.1,39.4,10,11,2026-01-20 11:40:05+00:00,synthetic,synth_03064,,0.0,28.6139,77.209
103,34.2,42.4,54,59,2026-01-20 12:40:05+00:00,synthetic,synth_03065,,0.0,28.6139,77.209
102,33.8,44.4,37,37,2026-01-20 13:40:05+00:00,synthetic,synth_03066,,0.0,28.6139,77.209
94,33.8,37.7,40,42,2026-01-20 14:40:05+00:00,synthetic,synth_03067,,0.0,28.6139,77.209
89,33.2,45.2,38,38,2026-01-20 15:40:05+00:00,synthetic,synth_03068,,0.0,28.6139,77.209
91,32.3,46.7,28,28,2026-01-20 16:40:05+00:00,synthetic,synth_03069,,0.0,28.6139,77.209
93,31.3,47.2,30,32,2026-01-20 17:40:05+00:00,synthetic,synth_03070,,0.0,28.6139,77.209
98,28.9,51.8,21,25,2026-01-20 18:40:05+00:00,synthetic,synth_03071,,0.0,28.6139,77.209
108,27.9,52.6,23,23,2026-01-20 19:40:05+00:00,synthetic,synth_03072,,0.0,28.6139,77.209
108,26.5,58.5,56,60,2026-01-20 20:40:05+00:00,synthetic,synth_03073,,0.0,28.6139,77.209
103,29.3,53.7,63,63,2026-01-20 21:40:05+00:00,synthetic,synth_03074,,0.0,28.6139,77.209
100,27.7,57.9,47,50,2026-01-20 22:40:05+00:00,synthetic,synth_03075,,0.0,28.6139,77.209
108,28.0,55.8,28,28,2026-01-20 23:40:05+00:00,synthetic,synth_03076,,0.0,28.6139,77.209
103,30.0,50.0,32,32,2026-01-21 00:40:05+00:00,synthetic,synth_03077,,0.0,28.6139,77.209
104,28.8,51.0,30,30,2026-01-21 01:40:05+00:00,synthetic,synth_03078,,0.0,28.6139,77.209
104,31.7,48.8,61,66,2026-01-21 02:40:05+00:00,synthetic,synth_03079,,0.0,28.6139,77.209
103,32.3,49.1,74,79,2026-01-21 03:40:05+00:00,synthetic,synth_03080,,0.0,28.6139,77.209
93,32.9,44.3,43,46,2026-01-21 04:40:05+00:00,synthetic,synth_03081,,0.0,28.6139,77.209
95,31.8,46.8,12,12,2026-01-21 05:40:05+00:00,synthetic,synth_03082,,0.0,28.6139,77.209
102,34.4,40.0,26,33,2026-01-21 06:40:05+00:00,synthetic,synth_03083,,0.0,28.6139,77.209
109,34.7,40.1,10,10,2026-01-21 07:40:05+00:00,synthetic,synth_03084,,0.0,28.6139,77.209
112,36.4,38.0,54,59,2026-01-21 08:40:05+00:00,synthetic,synth_03085,,0.0,28.6139,77.209
114,35.9,39.2,38,42,2026-01-21 09:40:05+00:00,synthetic,synth_03086,,0.0,28.6139,77.209
106,36.2,35.9,22,23,2026-01-21 10:40:05+00:00,synthetic,synth_03087,,0.0,28.6139,77.209
96,35.6,38.2,15,15,2026-01-21 11:40:05+00:00,synthetic,synth_03088,,0.0,28.6139,77.209
94,34.2,43.9,42,42,2026-01-21 12:40:05+00:00,synthetic,synth_03089,,0.0,28.6139,77.209
93,33.9,40.2,42,50,2026-01-21 13:40:05+00:00,synthetic,synth_03090,,0.0,28.6139,77.209
92,33.4,44.9,66,69,2026-01-21 14:40:05+00:00,synthetic,synth_03091,,0.0,28.6139,77.209
92,34.2,43.2,43,45,2026-01-21 15:40:05+00:00,synthetic,synth_03092,,0.0,28.6139,77.209
105,30.8,46.9,30,33,2026-01-21 16:40:05+00:00,synthetic,synth_03093,,0.0,28.6139,77.209
108,30.0,48.1,31,34,2026-01-21 17:40:05+00:00,synthetic,synth_03094,,0.0,28.6139,77.209
106,29.4,53.0,73,76,2026-01-21 18:40:05+00:00,synthetic,synth_03095,,0.0,28.6139,77.209
106,29.1,51.2,12,14,2026-01-21 19:40:05+00:00,synthetic,synth_03096,,0.0,28.6139,77.209
104,29.2,50.2,43,43,2026-01-21 20:40:05+00:00,synthetic,synth_03097,,0.0,28.6139,77.209
99,29.9,47.8,37,41,2026-01-21 21:40:05+00:00,synthetic,synth_03098,,0.0,28.6139,77.209
99,27.5,54.4,41,41,2026-01-21 22:40:05+00:00,synthetic,synth_03099,,0.0,28.6139,77.209
99,27.7,55.2,18,18,2026-01-21 23:40:05+00:00,synthetic,synth_03100,,0.0,28.6139,77.209
108,29.5,51.2,14,14,2026-01-22 00:40:05+00:00,synthetic,synth_03101,,0.0,28.6139,77.209
105,30.0,51.2,69,73,2026-01-22 01:40:05+00:00,synthetic,synth_03102,,0.0,28.6139,77.209
96,31.9,46.9,22,25,2026-01-22 02:40:05+00:00,synthetic,synth_03103,,0.0,28.6139,77.209
95,29.3,52.2,5,5,2026-01-22 03:40:05+00:00,synthetic,synth_03104,,0.0,28.6139,77.209
95,32.4,44.9,15,15,2026-01-22 04:40:05+00:00,synthetic,synth_03105,,0.0,28.6139,77.209
98,33.6,46.6,37,41,2026-01-22 05:40:05+00:00,synthetic,synth_03106,,0.0,28.6139,77.209
99,34.2,43.4,38,40,2026-01-22 06:40:05+00:00,synthetic,synth_03107,,0.0,28.6139,77.209
103,37.7,34.3,33,37,2026-01-22 07:40:05+00:00,synthetic,synth_03108,,0.0,28.6139,77.209
104,34.6,41.7,33,33,2026-01-22 08:40:05+00:00,synthetic,synth_03109,,0.0,28.6139,77.209
109,34.5,40.0,5,5,2026-01-22 09:40:05+00:00,synthetic,synth_03110,,0.0,28.6139,77.209
106,37.3,35.5,54,58,2026-01-22 10:40:05+00:00,synthetic,synth_03111,,0.0,28.6139,77.209
108,33.9,42.4,25,25,2026-01-22 11:40:05+00:00,synthetic,synth_03112,,0.0,28.6139,77.209
101,34.9,41.5,26,28,2026-01-22 12:40:05+00:00,synthetic,synth_03113,,0.0,28.6139,77.209
98,34.5,41.8,50,52,2026-01-22 13:40:05+00:00,synthetic,synth_03114,,0.0,28.6139,77.209
94,33.5,41.1,15,18,2026-01-22 14:40:05+00:00,synthetic,synth_03115,,0.0,28.6139,77.209
93,32.1,44.7,41,47,2026-01-22 15:40:05+00:00,synthetic,synth_03116,,0.0,28.6139,77.209
91,30.7,51.5,56,56,2026-01-22 16:40:05+00:00,synthetic,synth_03117,,0.0,28.6139,77.209
91,31.0,50.2,43,51,2026-01-22 17:40:05+00:00,synthetic,synth_03118,,0.0,28.6139,77.209
97,28.6,50.4,19,19,2026-01-22 18:40:05+00:00,synthetic,synth_03119,,0.0,28.6139,77.209
103,27.9,51.0,30,35,2026-01-22 19:40:05+00:00,synthetic,synth_03120,,0.0,28.6139,77.209
100,28.1,50.5,12,12,2026-01-22 20:40:05+00:00,synthetic,synth_03121,,0.0,28.6139,77.209
96,27.2,54.9,40,40,2026-01-22 21:40:05+00:00,synthetic,synth_03122,,0.0,28.6139,77.209
104,26.9,54.7,42,45,2026-01-22 22:40:05+00:00,synthetic,synth_03123,,0.0,28.6139,77.209
109,28.2,54.3,28,32,2026-01-22 23:40:05+00:00,synthetic,synth_03124,,0.0,28.6139,77.209
102,28.3,53.6,37,37,2026-01-23 00:40:05+00:00,synthetic,synth_03125,,0.0,28.6139,77.209
105,28.8,54.2,15,16,2026-01-23 01:40:05+00:00,synthetic,synth_03126,,0.0,28.6139,77.209
97,30.9,47.2,12,15,2026-01-23 02:40:05+00:00,synthetic,synth_03127,,0.0,28.6139,77.209
93,31.7,47.1,35,35,2026-01-23 03:40:05+00:00,synthetic,synth_03128,,0.0,28.6139,77.209
90,32.3,47.7,39,39,2026-01-23 04:40:05+00:00,synthetic,synth_03129,,0.0,28.6139,77.209
92,34.3,41.1,23,28,2026-01-23 05:40:05+00:00,synthetic,synth_03130,,0.0,28.6139,77.209
97,36.3,37.4,71,79,2026-01-23 06:40:05+00:00,synthetic,synth_03131,,0.0,28.6139,77.209
107,36.5,37.7,52,54,2026-01-23 07:40:05+00:00,synthetic,synth_03132,,0.0,28.6139,77.209
102,36.1,41.3,54,60,2026-01-23 08:40:05+00:00,synthetic,synth_03133,,0.0,28.6139,77.209
103,36.7,38.4,12,12,2026-01-23 09:40:05+00:00,synthetic,synth_03134,,0.0,28.6139,77.209
105,35.3,39.2,50,59,2026-01-23 10:40:05+00:00,synthetic,synth_03135,,0.0,28.6139,77.209
108,35.5,38.3,43,44,2026-01-23 11:40:05+00:00,synthetic,synth_03136,,0.0,28.6139,77.209
112,36.4,37.0,79,82,2026-01-23 12:40:05+00:00,synthetic,synth_03137,,0.0,28.6139,77.209
97,33.6,41.8,38,39,2026-01-23 13:40:05+00:00,synthetic,synth_03138,,0.0,28.6139,77.209
96,31.7,49.4,26,26,2026-01-23 14:40:05+00:00,synthetic,synth_03139,,0.0,28.6139,77.209
95,33.5,44.1,34,36,2026-01-23 15:40:05+00:00,synthetic,synth_03140,,0.0,28.6139,77.209
98,29.7,50.4,45,58,2026-01-23 16:40:05+00:00,synthetic,synth_03141,,0.0,28.6139,77.209
95,29.9,54.2,33,37,2026-01-23 17:40:05+00:00,synthetic,synth_03142,,0.0,28.6139,77.209
94,29.2,53.7,21,23,2026-01-23 18:40:05+00:00,synthetic,synth_03143,,0.0,28.6139,77.209
99,29.6,49.3,44,45,2026-01-23 19:40:05+00:00,synthetic,synth_03144,,0.0,28.6139,77.209
105,28.1,53.3,47,53,2026-01-23 20:40:05+00:00,synthetic,synth_03145,,0.0,28.6139,77.209
102,28.0,51.4,8,8,2026-01-23 21:40:05+00:00,synthetic,synth_03146,,0.0,28.6139,77.209
100,25.7,56.0,12,12,2026-01-23 22:40:05+00:00,synthetic,synth_03147,,0.0,28.6139,77.209
99,29.1,53.8,67,77,2026-01-23 23:40:05+00:00,synthetic,synth_03148,,0.0,28.6139,77.209
93,29.9,50.4,28,29,2026-01-24 00:40:05+00:00,synthetic,synth_03149,,0.0,28.6139,77.209
90,30.3,49.1,35,35,2026-01-24 01:40:05+00:00,synthetic,synth_03150,,0.0,28.6139,77.209
83,30.1,51.0,5,5,2026-01-24 02:40:05+00:00,synthetic,synth_03151,,0.0,28.6139,77.209
83,31.2,46.7,11,11,2026-01-24 03:40:05+00:00,synthetic,synth_03152,,0.0,28.6139,77.209
76,32.2,45.7,5,5,2026-01-24 04:40:05+00:00,synthetic,synth_03153,,0.0,28.6139,77.209
81,31.5,45.5,5,5,2026-01-24 05:40:05+00:00,synthetic,synth_03154,,0.0,28.6139,77.209
82,33.9,42.7,27,28,2026-01-24 06:40:05+00:00,synthetic,synth_03155,,0.0,28.6139,77.209
91,36.7,39.2,49,50,2026-01-24 07:40:05+00:00,synthetic,synth_03156,,0.0,28.6139,77.209
93,35.3,40.5,11,12,2026-01-24 08:40:05+00:00,synthetic,synth_03157,,0.0,28.6139,77.209
93,35.5,38.1,33,36,2026-01-24 09:40:05+00:00,synthetic,synth_03158,,0.0,28.6139,77.209
93,35.9,37.7,30,30,2026-01-24 10:40:05+00:00,synthetic,synth_03159,,0.0,28.6139,77.209
90,34.6,37.4,9,11,2026-01-24 11:40:05+00:00,synthetic,synth_03160,,0.0,28.6139,77.209
90,34.2,40.4,40,45,2026-01-24 12:40:05+00:00,synthetic,synth_03161,,0.0,28.6139,77.209
88,35.1,38.8,22,27,2026-01-24 13:40:05+00:00,synthetic,synth_03162,,0.0,28.6139,77.209
83,34.1,42.7,40,40,2026-01-24 14:40:05+00:00,synthetic,synth_03163,,0.0,28.6139,77.209
85,31.7,47.1,7,7,2026-01-24 15:40:05+00:00,synthetic,synth_03164,,0.0,28.6139,77.209
92,32.3,45.0,64,67,2026-01-24 16:40:05+00:00,synthetic,synth_03165,,0.0,28.6139,77.209
95,30.5,49.4,35,35,2026-01-24 17:40:05+00:00,synthetic,synth_03166,,0.0,28.6139,77.209
95,30.7,51.4,24,28,2026-01-24 18:40:05+00:00,synthetic,synth_03167,,0.0,28.6139,77.209
99,27.4,55.0,36,36,2026-01-24 19:40:05+00:00,synthetic,synth_03168,,0.0,28.6139,77.209
92,28.7,51.4,38,44,2026-01-24 20:40:05+00:00,synthetic,synth_03169,,0.0,28.6139,77.209
89,27.9,55.7,30,31,2026-01-24 21:40:05+00:00,synthetic,synth_03170,,0.0,28.6139,77.209
90,28.2,54.8,46,55,2026-01-24 22:40:05+00:00,synthetic,synth_03171,,0.0,28.6139,77.209
88,27.7,54.0,5,5,2026-01-24 23:40:05+00:00,synthetic,synth_03172,,0.0,28.6139,77.209
88,30.5,48.0,49,52,2026-01-25 00:40:05+00:00,synthetic,synth_03173,,0.0,28.6139,77.209
88,29.9,52.3,34,36,2026-01-25 01:40:05+00:00,synthetic,synth_03174,,0.0,28.6139,77.209
84,30.4,50.4,28,34,2026-01-25 02:40:05+00:00,synthetic,synth_03175,,0.0,28.6139,77.209
82,33.7,42.5,37,37,2026-01-25 03:40:05+00:00,synthetic,synth_03176,,0.0,28.6139,77.209
84,33.1,44.1,10,12,2026-01-25 04:40:05+00:00,synthetic,synth_03177,,0.0,28.6139,77.209
86,33.1,45.3,52,52,2026-01-25 05:40:05+00:00,synthetic,synth_03178,,0.0,28.6139,77.209
84,35.5,41.5,26,26,2026-01-25 06:40:05+00:00,synthetic,synth_03179,,0.0,28.6139,77.209
87,35.4,39.3,18,21,2026-01-25 07:40:05+00:00,synthetic,synth_03180,,0.0,28.6139,77.209
92,34.4,37.4,34,35,2026-01-25 08:40:05+00:00,synthetic,synth_03181,,0.0,28.6139,77.209
97,36.2,37.2,5,5,2026-01-25 09:40:05+00:00,synthetic,synth_03182,,0.0,28.6139,77.209
98,36.6,37.0,38,43,2026-01-25 10:40:05+00:00,synthetic,synth_03183,,0.0,28.6139,77.209
92,34.0,43.4,46,46,2026-01-25 11:40:05+00:00,synthetic,synth_03184,,0.0,28.6139,77.209
88,35.4,40.4,45,47,2026-01-25 12:40:05+00:00,synthetic,synth_03185,,0.0,28.6139,77.209
86,33.2,43.7,38,38,2026-01-25 13:40:05+00:00,synthetic,synth_03186,,0.0,28.6139,77.209
80,32.6,42.7,26,26,2026-01-25 14:40:05+00:00,synthetic,synth_03187,,0.0,28.6139,77.209
80,31.0,45.2,35,35,2026-01-25 15:40:05+00:00,synthetic,synth_03188,,0.0,28.6139,77.209
79,30.0,50.1,5,5,2026-01-25 16:40:05+00:00,synthetic,synth_03189,,0.0,28.6139,77.209
89,28.8,56.8,17,18,2026-01-25 17:40:05+00:00,synthetic,synth_03190,,0.0,28.6139,77.209
92,28.2,54.2,37,37,2026-01-25 18:40:05+00:00,synthetic,synth_03191,,0.0,28.6139,77.209
92,29.2,56.4,51,53,2026-01-25 19:40:05+00:00,synthetic,synth_03192,,0.0,28.6139,77.209
87,26.9,56.3,8,8,2026-01-25 20:40:05+00:00,synthetic,synth_03193,,0.0,28.6139,77.209
80,28.4,52.6,58,62,2026-01-25 21:40:05+00:00,synthetic,synth_03194,,0.0,28.6139,77.209
82,27.1,57.5,26,26,2026-01-25 22:40:05+00:00,synthetic,synth_03195,,0.0,28.6139,77.209
87,30.2,52.8,51,51,2026-01-25 23:40:05+00:00,synthetic,synth_03196,,0.0,28.6139,77.209
96,28.9,54.9,57,64,2026-01-26 00:40:05+00:00,synthetic,synth_03197,,0.0,28.6139,77.209
94,31.2,52.4,68,72,2026-01-26 01:40:05+00:00,synthetic,synth_03198,,0.0,28.6139,77.209
90,31.7,51.7,49,53,2026-01-26 02:40:05+00:00,synthetic,synth_03199,,0.0,28.6139,77.209
90,31.5,47.9,42,43,2026-01-26 03:40:05+00:00,synthetic,synth_03200,,0.0,28.6139,77.209
92,32.1,47.7,25,26,2026-01-26 04:40:05+00:00,synthetic,synth_03201,,0.0,28.6139,77.209
89,34.3,41.5,50,50,2026-01-26 05:40:05+00:00,synthetic,synth_03202,,0.0,28.6139,77.209
96,35.3,40.7,50,54,2026-01-26 06:40:05+00:00,synthetic,synth_03203,,0.0,28.6139,77.209
97,35.2,38.3,43,44,2026-01-26 07:40:05+00:00,synthetic,synth_03204,,0.0,28.6139,77.209
96,34.8,42.2,23,27,2026-01-26 08:40:05+00:00,synthetic,synth_03205,,0.0,28.6139,77.209
98,38.7,34.5,55,60,2026-01-26 09:40:05+00:00,synthetic,synth_03206,,0.0,28.6139,77.209
94,36.4,37.6,40,44,2026-01-26 10:40:05+00:00,synthetic,synth_03207,,0.0,28.6139,77.209
90,36.6,36.3,70,74,2026-01-26 11:40:05+00:00,synthetic,synth_03208,,0.0,28.6139,77.209
100,34.5,40.0,20,20,2026-01-26 12:40:05+00:00,synthetic,synth_03209,,0.0,28.6139,77.209
93,33.9,41.5,26,31,2026-01-26 13:40:05+00:00,synthetic,synth_03210,,0.0,28.6139,77.209
92,32.4,45.0,5,8,2026-01-26 14:40:05+00:00,synthetic,synth_03211,,0.0,28.6139,77.209
97,33.3,41.2,70,71,2026-01-26 15:40:05+00:00,synthetic,synth_03212,,0.0,28.6139,77.209
95,32.5,47.6,40,41,2026-01-26 16:40:05+00:00,synthetic,synth_03213,,0.0,28.6139,77.209
97,30.3,51.6,44,47,2026-01-26 17:40:05+00:00,synthetic,synth_03214,,0.0,28.6139,77.209
91,29.3,52.1,30,30,2026-01-26 18:40:05+00:00,synthetic,synth_03215,,0.0,28.6139,77.209
98,29.0,51.2,35,38,2026-01-26 19:40:05+00:00,synthetic,synth_03216,,0.0,28.6139,77.209
102,28.8,53.5,32,36,2026-01-26 20:40:05+00:00,synthetic,synth_03217,,0.0,28.6139,77.209
107,26.5,55.3,6,6,2026-01-26 21:40:05+00:00,synthetic,synth_03218,,0.0,28.6139,77.209
108,27.5,57.2,37,39,2026-01-26 22:40:05+00:00,synthetic,synth_03219,,0.0,28.6139,77.209
110,30.0,49.9,46,46,2026-01-26 23:40:05+00:00,synthetic,synth_03220,,0.0,28.6139,77.209
109,29.5,50.4,27,27,2026-01-27 00:40:05+00:00,synthetic,synth_03221,,0.0,28.6139,77.209
109,30.8,47.1,19,23,2026-01-27 01:40:05+00:00,synthetic,synth_03222,,0.0,28.6139,77.209
102,30.3,47.6,35,41,2026-01-27 02:40:05+00:00,synthetic,synth_03223,,0.0,28.6139,77.209
104,32.6,43.6,40,43,2026-01-27 03:40:05+00:00,synthetic,synth_03224,,0.0,28.6139,77.209
101,31.5,43.6,35,37,2026-01-27 04:40:05+00:00,synthetic,synth_03225,,0.0,28.6139,77.209
104,32.8,44.5,32,32,2026-01-27 05:40:05+00:00,synthetic,synth_03226,,0.0,28.6139,77.209
107,33.9,41.9,24,25,2026-01-27 06:40:05+00:00,synthetic,synth_03227,,0.0,28.6139,77.209
115,34.7,40.6,17,17,2026-01-27 07:40:05+00:00,synthetic,synth_03228,,0.0,28.6139,77.209
121,34.8,40.7,40,50,2026-01-27 08:40:05+00:00,synthetic,synth_03229,,0.0,28.6139,77.209
123,35.8,40.4,48,48,2026-01-27 09:40:05+00:00,synthetic,synth_03230,,0.0,28.6139,77.209
119,34.8,42.2,52,55,2026-01-27 10:40:05+00:00,synthetic,synth_03231,,0.0,28.6139,77.209
117,35.7,36.8,79,83,2026-01-27 11:40:05+00:00,synthetic,synth_03232,,0.0,28.6139,77.209
103,35.6,39.1,30,31,2026-01-27 12:40:05+00:00,synthetic,synth_03233,,0.0,28.6139,77.209
100,33.2,40.5,5,5,2026-01-27 13:40:05+00:00,synthetic,synth_03234,,0.0,28.6139,77.209
102,32.6,45.3,23,25,2026-01-27 14:40:05+00:00,synthetic,synth_03235,,0.0,28.6139,77.209
97,32.4,43.5,17,19,2026-01-27 15:40:05+00:00,synthetic,synth_03236,,0.0,28.6139,77.209
98,31.6,47.5,40,42,2026-01-27 16:40:05+00:00,synthetic,synth_03237,,0.0,28.6139,77.209
93,31.1,47.5,5,5,2026-01-27 17:40:05+00:00,synthetic,synth_03238,,0.0,28.6139,77.209
98,31.2,48.5,23,23,2026-01-27 18:40:05+00:00,synthetic,synth_03239,,0.0,28.6139,77.209
109,29.2,53.5,32,35,2026-01-27 19:40:05+00:00,synthetic,synth_03240,,0.0,28.6139,77.209
106,28.7,52.3,20,22,2026-01-27 20:40:05+00:00,synthetic,synth_03241,,0.0,28.6139,77.209
107,26.7,55.4,5,5,2026-01-27 21:40:05+00:00,synthetic,synth_03242,,0.0,28.6139,77.209
110,28.3,55.0,66,71,2026-01-27 22:40:05+00:00,synthetic,synth_03243,,0.0,28.6139,77.209
104,29.9,53.4,77,82,2026-01-27 23:40:05+00:00,synthetic,synth_03244,,0.0,28.6139,77.209
98,27.4,56.0,30,31,2026-01-28 00:40:05+00:00,synthetic,synth_03245,,0.0,28.6139,77.209
102,29.2,51.7,17,18,2026-01-28 01:40:05+00:00,synthetic,synth_03246,,0.0,28.6139,77.209
90,31.0,48.9,17,18,2026-01-28 02:40:05+00:00,synthetic,synth_03247,,0.0,28.6139,77.209
87,34.1,45.9,30,32,2026-01-28 03:40:05+00:00,synthetic,synth_03248,,0.0,28.6139,77.209
86,32.6,44.0,19,24,2026-01-28 04:40:05+00:00,synthetic,synth_03249,,0.0,28.6139,77.209
92,32.2,47.1,28,28,2026-01-28 05:40:05+00:00,synthetic,synth_03250,,0.0,28.6139,77.209
99,34.6,41.1,51,51,2026-01-28 06:40:05+00:00,synthetic,synth_03251,,0.0,28.6139,77.209
100,35.0,40.2,6,6,2026-01-28 07:40:05+00:00,synthetic,synth_03252,,0.0,28.6139,77.209
99,35.8,38.7,34,40,2026-01-28 08:40:05+00:00,synthetic,synth_03253,,0.0,28.6139,77.209
104,37.9,38.9,68,73,2026-01-28 09:40:05+00:00,synthetic,synth_03254,,0.0,28.6139,77.209
102,36.4,36.4,5,5,2026-01-28 10:40:05+00:00,synthetic,synth_03255,,0.0,28.6139,77.209
97,35.0,42.9,16,21,2026-01-28 11:40:05+00:00,synthetic,synth_03256,,0.0,28.6139,77.209
99,35.8,39.2,48,52,2026-01-28 12:40:05+00:00,synthetic,synth_03257,,0.0,28.6139,77.209
90,35.0,40.2,38,38,2026-01-28 13:40:05+00:00,synthetic,synth_03258,,0.0,28.6139,77.209
85,31.3,47.9,5,5,2026-01-28 14:40:05+00:00,synthetic,synth_03259,,0.0,28.6139,77.209
86,30.6,49.6,18,21,2026-01-28 15:40:05+00:00,synthetic,synth_03260,,0.0,28.6139,77.209
88,31.2,48.4,29,29,2026-01-28 16:40:05+00:00,synthetic,synth_03261,,0.0,28.6139,77.209
95,29.8,51.7,47,51,2026-01-28 17:40:05+00:00,synthetic,synth_03262,,0.0,28.6139,77.209
103,28.6,51.7,41,45,2026-01-28 18:40:05+00:00,synthetic,synth_03263,,0.0,28.6139,77.209
116,28.1,53.3,71,72,2026-01-28 19:40:05+00:00,synthetic,synth_03264,,0.0,28.6139,77.209
113,29.1,52.8,17,17,2026-01-28 20:40:05+00:00,synthetic,synth_03265,,0.0,28.6139,77.209
111,28.7,54.2,38,38,2026-01-28 21:40:05+00:00,synthetic,synth_03266,,0.0,28.6139,77.209
107,27.6,54.9,22,25,2026-01-28 22:40:05+00:00,synthetic,synth_03267,,0.0,28.6139,77.209
104,27.6,55.1,20,22,2026-01-28 23:40:05+00:00,synthetic,synth_03268,,0.0,28.6139,77.209
105,29.7,50.0,61,61,2026-01-29 00:40:05+00:00,synthetic,synth_03269,,0.0,28.6139,77.209
109,31.1,51.0,77,82,2026-01-29 01:40:05+00:00,synthetic,synth_03270,,0.0,28.6139,77.209
99,29.8,51.2,32,39,2026-01-29 02:40:05+00:00,synthetic,synth_03271,,0.0,28.6139,77.209
101,31.5,50.5,39,42,2026-01-29 03:40:05+00:00,synthetic,synth_03272,,0.0,28.6139,77.209
100,32.5,41.9,20,23,2026-01-29 04:40:05+00:00,synthetic,synth_03273,,0.0,28.6139,77.209
106,33.2,41.7,48,48,2026-01-29 05:40:05+00:00,synthetic,synth_03274,,0.0,28.6139,77.209
108,35.1,40.6,47,49,2026-01-29 06:40:05+00:00,synthetic,synth_03275,,0.0,28.6139,77.209
106,32.7,43.7,25,27,2026-01-29 07:40:05+00:00,synthetic,synth_03276,,0.0,28.6139,77.209
109,36.2,37.5,32,32,2026-01-29 08:40:05+00:00,synthetic,synth_03277,,0.0,28.6139,77.209
107,34.3,39.6,22,22,2026-01-29 09:40:05+00:00,synthetic,synth_03278,,0.0,28.6139,77.209
90,34.9,42.0,51,60,2026-01-29 10:40:05+00:00,synthetic,synth_03279,,0.0,28.6139,77.209
96,34.7,43.2,15,17,2026-01-29 11:40:05+00:00,synthetic,synth_03280,,0.0,28.6139,77.209
94,35.1,40.3,28,29,2026-01-29 12:40:05+00:00,synthetic,synth_03281,,0.0,28.6139,77.209
95,33.7,43.0,31,31,2026-01-29 13:40:05+00:00,synthetic,synth_03282,,0.0,28.6139,77.209
93,33.3,45.4,27,29,2026-01-29 14:40:05+00:00,synthetic,synth_03283,,0.0,28.6139,77.209
95,32.1,47.7,22,23,2026-01-29 15:40:05+00:00,synthetic,synth_03284,,0.0,28.6139,77.209
94,31.6,45.5,75,79,2026-01-29 16:40:05+00:00,synthetic,synth_03285,,0.0,28.6139,77.209
96,31.6,47.8,26,27,2026-01-29 17:40:05+00:00,synthetic,synth_03286,,0.0,28.6139,77.209
101,29.8,49.1,67,71,2026-01-29 18:40:05+00:00,synthetic,synth_03287,,0.0,28.6139,77.209
104,28.5,53.6,44,45,2026-01-29 19:40:05+00:00,synthetic,synth_03288,,0.0,28.6139,77.209
109,29.5,52.4,5,5,2026-01-29 20:40:05+00:00,synthetic,synth_03289,,0.0,28.6139,77.209
107,27.3,56.0,44,44,2026-01-29 21:40:05+00:00,synthetic,synth_03290,,0.0,28.6139,77.209
101,27.0,57.6,56,58,2026-01-29 22:40:05+00:00,synthetic,synth_03291,,0.0,28.6139,77.209
101,28.2,53.5,55,61,2026-01-29 23:40:05+00:00,synthetic,synth_03292,,0.0,28.6139,77.209
105,29.1,53.0,17,18,2026-01-30 00:40:05+00:00,synthetic,synth_03293,,0.0,28.6139,77.209
102,30.7,53.6,61,64,2026-01-30 01:40:05+00:00,synthetic,synth_03294,,0.0,28.6139,77.209
96,29.1,51.4,27,27,2026-01-30 02:40:05+00:00,synthetic,synth_03295,,0.0,28.6139,77.209
100,31.4,47.9,43,45,2026-01-30 03:40:05+00:00,synthetic,synth_03296,,0.0,28.6139,77.209
99,31.9,50.0,24,24,2026-01-30 04:40:05+00:00,synthetic,synth_03297,,0.0,28.6139,77.209
90,34.4,40.9,38,40,2026-01-30 05:40:05+00:00,synthetic,synth_03298,,0.0,28.6139,77.209
93,34.4,41.5,50,52,2026-01-30 06:40:05+00:00,synthetic,synth_03299,,0.0,28.6139,77.209
106,36.0,38.7,55,56,2026-01-30 07:40:05+00:00,synthetic,synth_03300,,0.0,28.6139,77.209
109,36.1,38.2,30,37,2026-01-30 08:40:05+00:00,synthetic,synth_03301,,0.0,28.6139,77.209
113,35.1,41.6,41,44,2026-01-30 09:40:05+00:00,synthetic,synth_03302,,0.0,28.6139,77.209
117,34.7,40.0,29,31,2026-01-30 10:40:05+00:00,synthetic,synth_03303,,0.0,28.6139,77.209
107,34.9,39.5,51,52,2026-01-30 11:40:05+00:00,synthetic,synth_03304,,0.0,28.6139,77.209
106,36.6,37.2,42,47,2026-01-30 12:40:05+00:00,synthetic,synth_03305,,0.0,28.6139,77.209
101,35.4,36.6,71,77,2026-01-30 13:40:05+00:00,synthetic,synth_03306,,0.0,28.6139,77.209
102,31.8,44.5,5,5,2026-01-30 14:40:05+00:00,synthetic,synth_03307,,0.0,28.6139,77.209
101,32.7,46.0,18,18,2026-01-30 15:40:05+00:00,synthetic,synth_03308,,0.0,28.6139,77.209
95,31.2,48.3,30,31,2026-01-30 16:40:05+00:00,synthetic,synth_03309,,0.0,28.6139,77.209
103,31.5,46.1,70,75,2026-01-30 17:40:05+00:00,synthetic,synth_03310,,0.0,28.6139,77.209
105,29.2,49.9,5,5,2026-01-30 18:40:05+00:00,synthetic,synth_03311,,0.0,28.6139,77.209
112,28.6,55.9,32,36,2026-01-30 19:40:05+00:00,synthetic,synth_03312,,0.0,28.6139,77.209
109,27.7,55.6,25,29,2026-01-30 20:40:05+00:00,synthetic,synth_03313,,0.0,28.6139,77.209
106,27.2,53.3,17,17,2026-01-30 21:40:05+00:00,synthetic,synth_03314,,0.0,28.6139,77.209
107,26.3,55.1,5,5,2026-01-30 22:40:05+00:00,synthetic,synth_03315,,0.0,28.6139,77.209
106,29.1,53.3,35,35,2026-01-30 23:40:05+00:00,synthetic,synth_03316,,0.0,28.6139,77.209
93,29.4,49.1,32,35,2026-01-31 00:40:05+00:00,synthetic,synth_03317,,0.0,28.6139,77.209
92,28.7,49.2,20,20,2026-01-31 01:40:05+00:00,synthetic,synth_03318,,0.0,28.6139,77.209
92,31.6,46.0,32,32,2026-01-31 02:40:05+00:00,synthetic,synth_03319,,0.0,28.6139,77.209
83,30.3,49.5,45,49,2026-01-31 03:40:05+00:00,synthetic,synth_03320,,0.0,28.6139,77.209
81,32.3,47.2,5,5,2026-01-31 04:40:05+00:00,synthetic,synth_03321,,0.0,28.6139,77.209
82,34.9,39.0,33,42,2026-01-31 05:40:05+00:00,synthetic,synth_03322,,0.0,28.6139,77.209
84,34.0,43.3,38,40,2026-01-31 06:40:05+00:00,synthetic,synth_03323,,0.0,28.6139,77.209
96,34.8,40.9,29,31,2026-01-31 07:40:05+00:00,synthetic,synth_03324,,0.0,28.6139,77.209
93,35.5,38.5,39,39,2026-01-31 08:40:05+00:00,synthetic,synth_03325,,0.0,28.6139,77.209
91,36.2,37.7,5,5,2026-01-31 09:40:05+00:00,synthetic,synth_03326,,0.0,28.6139,77.209
80,36.1,39.4,17,17,2026-01-31 10:40:05+00:00,synthetic,synth_03327,,0.0,28.6139,77.209
87,36.3,37.1,20,20,2026-01-31 11:40:05+00:00,synthetic,synth_03328,,0.0,28.6139,77.209
81,34.7,39.6,45,48,2026-01-31 12:40:05+00:00,synthetic,synth_03329,,0.0,28.6139,77.209
85,33.8,43.1,40,40,2026-01-31 13:40:05+00:00,synthetic,synth_03330,,0.0,28.6139,77.209
80,34.7,40.2,21,21,2026-01-31 14:40:05+00:00,synthetic,synth_03331,,0.0,28.6139,77.209
86,33.5,44.8,54,57,2026-01-31 15:40:05+00:00,synthetic,synth_03332,,0.0,28.6139,77.209
94,30.8,48.4,5,5,2026-01-31 16:40:05+00:00,synthetic,synth_03333,,0.0,28.6139,77.209
89,28.2,56.0,16,22,2026-01-31 17:40:05+00:00,synthetic,synth_03334,,0.0,28.6139,77.209
95,29.1,50.7,45,46,2026-01-31 18:40:05+00:00,synthetic,synth_03335,,0.0,28.6139,77.209
91,27.1,58.2,12,12,2026-01-31 19:40:05+00:00,synthetic,synth_03336,,0.0,28.6139,77.209
93,27.2,58.0,34,34,2026-01-31 20:40:05+00:00,synthetic,synth_03337,,0.0,28.6139,77.209
92,27.4,57.4,16,18,2026-01-31 21:40:05+00:00,synthetic,synth_03338,,0.0,28.6139,77.209
95,28.7,53.4,36,36,2026-01-31 22:40:05+00:00,synthetic,synth_03339,,0.0,28.6139,77.209
92,26.0,56.1,27,30,2026-01-31 23:40:05+00:00,synthetic,synth_03340,,0.0,28.6139,77.209
88,29.2,48.9,5,5,2026-02-01 00:40:05+00:00,synthetic,synth_03341,,0.0,28.6139,77.209
82,29.5,52.2,5,7,2026-02-01 01:40:05+00:00,synthetic,synth_03342,,0.0,28.6139,77.209
88,30.0,48.4,5,5,2026-02-01 02:40:05+00:00,synthetic,synth_03343,,0.0,28.6139,77.209
80,31.3,47.7,5,5,2026-02-01 03:40:05+00:00,synthetic,synth_03344,,0.0,28.6139,77.209
85,33.0,42.8,41,46,2026-02-01 04:40:05+00:00,synthetic,synth_03345,,0.0,28.6139,77.209
92,33.2,43.4,27,27,2026-02-01 05:40:05+00:00,synthetic,synth_03346,,0.0,28.6139,77.209
81,36.6,37.2,46,49,2026-02-01 06:40:05+00:00,synthetic,synth_03347,,0.0,28.6139,77.209
86,35.7,38.2,43,48,2026-02-01 07:40:05+00:00,synthetic,synth_03348,,0.0,28.6139,77.209
93,35.3,43.4,43,47,2026-02-01 08:40:05+00:00,synthetic,synth_03349,,0.0,28.6139,77.209
88,36.9,37.9,12,12,2026-02-01 09:40:05+00:00,synthetic,synth_03350,,0.0,28.6139,77.209
90,37.2,35.8,34,36,2026-02-01 10:40:05+00:00,synthetic,synth_03351,,0.0,28.6139,77.209
87,35.2,38.9,7,7,2026-02-01 11:40:05+00:00,synthetic,synth_03352,,0.0,28.6139,77.209
87,33.7,41.8,13,15,2026-02-01 12:40:05+00:00,synthetic,synth_03353,,0.0,28.6139,77.209
90,37.9,36.0,66,72,2026-02-01 13:40:05+00:00,synthetic,synth_03354,,0.0,28.6139,77.209
92,33.7,43.1,68,71,2026-02-01 14:40:05+00:00,synthetic,synth_03355,,0.0,28.6139,77.209
91,32.6,45.6,63,65,2026-02-01 15:40:05+00:00,synthetic,synth_03356,,0.0,28.6139,77.209
84,31.5,49.6,12,12,2026-02-01 16:40:05+00:00,synthetic,synth_03357,,0.0,28.6139,77.209
88,28.9,48.4,5,5,2026-02-01 17:40:05+00:00,synthetic,synth_03358,,0.0,28.6139,77.209
98,29.3,50.5,55,57,2026-02-01 18:40:05+00:00,synthetic,synth_03359,,0.0,28.6139,77.209
100,28.9,52.7,18,18,2026-02-01 19:40:05+00:00,synthetic,synth_03360,,0.0,28.6139,77.209
98,27.8,54.4,19,25,2026-02-01 20:40:05+00:00,synthetic,synth_03361,,0.0,28.6139,77.209
96,28.6,53.4,52,55,2026-02-01 21:40:05+00:00,synthetic,synth_03362,,0.0,28.6139,77.209
95,26.3,58.2,18,20,2026-02-01 22:40:05+00:00,synthetic,synth_03363,,0.0,28.6139,77.209
94,29.3,53.8,43,43,2026-02-01 23:40:05+00:00,synthetic,synth_03364,,0.0,28.6139,77.209
94,28.6,49.9,42,42,2026-02-02 00:40:05+00:00,synthetic,synth_03365,,0.0,28.6139,77.209
95,28.2,53.5,55,57,2026-02-02 01:40:05+00:00,synthetic,synth_03366,,0.0,28.6139,77.209
95,31.8,49.4,61,61,2026-02-02 02:40:05+00:00,synthetic,synth_03367,,0.0,28.6139,77.209
86,31.2,47.3,5,5,2026-02-02 03:40:05+00:00,synthetic,synth_03368,,0.0,28.6139,77.209
98,33.0,44.0,18,22,2026-02-02 04:40:05+00:00,synthetic,synth_03369,,0.0,28.6139,77.209
104,34.2,42.7,31,33,2026-02-02 05:40:05+00:00,synthetic,synth_03370,,0.0,28.6139,77.209
101,33.9,44.0,28,28,2026-02-02 06:40:05+00:00,synthetic,synth_03371,,0.0,28.6139,77.209
101,33.3,41.9,5,5,2026-02-02 07:40:05+00:00,synthetic,synth_03372,,0.0,28.6139,77.209
107,34.5,40.8,45,45,2026-02-02 08:40:05+00:00,synthetic,synth_03373,,0.0,28.6139,77.209
105,34.0,42.7,5,5,2026-02-02 09:40:05+00:00,synthetic,synth_03374,,0.0,28.6139,77.209
105,36.4,39.2,54,56,2026-02-02 10:40:05+00:00,synthetic,synth_03375,,0.0,28.6139,77.209
103,37.6,37.5,73,80,2026-02-02 11:40:05+00:00,synthetic,synth_03376,,0.0,28.6139,77.209
103,33.0,43.4,5,5,2026-02-02 12:40:05+00:00,synthetic,synth_03377,,0.0,28.6139,77.209
96,33.9,42.0,33,33,2026-02-02 13:40:05+00:00,synthetic,synth_03378,,0.0,28.6139,77.209
94,33.5,41.5,5,5,2026-02-02 14:40:05+00:00,synthetic,synth_03379,,0.0,28.6139,77.209
92,32.2,45.1,33,34,2026-02-02 15:40:05+00:00,synthetic,synth_03380,,0.0,28.6139,77.209
97,29.6,48.1,5,5,2026-02-02 16:40:05+00:00,synthetic,synth_03381,,0.0,28.6139,77.209
104,30.2,49.1,48,56,2026-02-02 17:40:05+00:00,synthetic,synth_03382,,0.0,28.6139,77.209
106,30.1,52.2,49,50,2026-02-02 18:40:05+00:00,synthetic,synth_03383,,0.0,28.6139,77.209
109,28.5,50.5,60,66,2026-02-02 19:40:05+00:00,synthetic,synth_03384,,0.0,28.6139,77.209
101,27.8,54.0,15,15,2026-02-02 20:40:05+00:00,synthetic,synth_03385,,0.0,28.6139,77.209
100,27.5,58.5,52,56,2026-02-02 21:40:05+00:00,synthetic,synth_03386,,0.0,28.6139,77.209
99,27.0,56.5,12,15,2026-02-02 22:40:05+00:00,synthetic,synth_03387,,0.0,28.6139,77.209
105,26.7,53.9,10,13,2026-02-02 23:40:05+00:00,synthetic,synth_03388,,0.0,28.6139,77.209
105,28.6,55.3,35,36,2026-02-03 00:40:05+00:00,synthetic,synth_03389,,0.0,28.6139,77.209
92,30.6,50.0,41,44,2026-02-03 01:40:05+00:00,synthetic,synth_03390,,0.0,28.6139,77.209
88,29.9,51.9,9,10,2026-02-03 02:40:05+00:00,synthetic,synth_03391,,0.0,28.6139,77.209
91,32.3,43.8,66,75,2026-02-03 03:40:05+00:00,synthetic,synth_03392,,0.0,28.6139,77.209
96,31.3,45.5,28,28,2026-02-03 04:40:05+00:00,synthetic,synth_03393,,0.0,28.6139,77.209
94,33.3,46.4,24,28,2026-02-03 05:40:05+00:00,synthetic,synth_03394,,0.0,28.6139,77.209
98,36.4,38.7,56,59,2026-02-03 06:40:05+00:00,synthetic,synth_03395,,0.0,28.6139,77.209
101,35.8,38.6,5,5,2026-02-03 07:40:05+00:00,synthetic,synth_03396,,0.0,28.6139,77.209
95,35.5,39.0,50,51,2026-02-03 08:40:05+00:00,synthetic,synth_03397,,0.0,28.6139,77.209
102,35.9,36.0,34,37,2026-02-03 09:40:05+00:00,synthetic,synth_03398,,0.0,28.6139,77.209
100,38.4,35.8,65,70,2026-02-03 10:40:05+00:00,synthetic,synth_03399,,0.0,28.6139,77.209
96,37.3,35.2,33,33,2026-02-03 11:40:05+00:00,synthetic,synth_03400,,0.0,28.6139,77.209
94,35.9,38.5,18,18,2026-02-03 12:40:05+00:00,synthetic,synth_03401,,0.0,28.6139,77.209
88,32.8,44.4,8,9,2026-02-03 13:40:05+00:00,synthetic,synth_03402,,0.0,28.6139,77.209
84,32.4,46.1,31,31,2026-02-03 14:40:05+00:00,synthetic,synth_03403,,0.0,28.6139,77.209
92,34.0,43.5,76,79,2026-02-03 15:40:05+00:00,synthetic,synth_03404,,0.0,28.6139,77.209
92,30.4,46.4,39,40,2026-02-03 16:40:05+00:00,synthetic,synth_03405,,0.0,28.6139,77.209
94,29.9,48.2,8,13,2026-02-03 17:40:05+00:00,synthetic,synth_03406,,0.0,28.6139,77.209
101,27.6,54.4,5,5,2026-02-03 18:40:05+00:00,synthetic,synth_03407,,0.0,28.6139,77.209
106,29.2,52.8,43,43,2026-02-03 19:40:05+00:00,synthetic,synth_03408,,0.0,28.6139,77.209
108,28.4,52.6,62,63,2026-02-03 20:40:05+00:00,synthetic,synth_03409,,0.0,28.6139,77.209
107,27.3,55.7,5,5,2026-02-03 21:40:05+00:00,synthetic,synth_03410,,0.0,28.6139,77.209
105,28.4,53.5,40,40,2026-02-03 22:40:05+00:00,synthetic,synth_03411,,0.0,28.6139,77.209
100,28.4,53.1,17,19,2026-02-03 23:40:05+00:00,synthetic,synth_03412,,0.0,28.6139,77.209
91,27.5,53.3,8,11,2026-02-04 00:40:05+00:00,synthetic,synth_03413,,0.0,28.6139,77.209
97,29.3,50.4,29,30,2026-02-04 01:40:05+00:00,synthetic,synth_03414,,0.0,28.6139,77.209
100,29.0,52.4,57,57,2026-02-04 02:40:05+00:00,synthetic,synth_03415,,0.0,28.6139,77.209
103,31.6,45.2,25,28,2026-02-04 03:40:05+00:00,synthetic,synth_03416,,0.0,28.6139,77.209
105,31.6,47.2,43,49,2026-02-04 04:40:05+00:00,synthetic,synth_03417,,0.0,28.6139,77.209
102,33.6,42.0,8,9,2026-02-04 05:40:05+00:00,synthetic,synth_03418,,0.0,28.6139,77.209
99,35.6,39.1,31,31,2026-02-04 06:40:05+00:00,synthetic,synth_03419,,0.0,28.6139,77.209
99,35.7,37.0,35,35,2026-02-04 07:40:05+00:00,synthetic,synth_03420,,0.0,28.6139,77.209
113,36.6,35.4,73,76,2026-02-04 08:40:05+00:00,synthetic,synth_03421,,0.0,28.6139,77.209
107,35.3,38.6,42,42,2026-02-04 09:40:05+00:00,synthetic,synth_03422,,0.0,28.6139,77.209
114,36.0,38.4,31,33,2026-02-04 10:40:05+00:00,synthetic,synth_03423,,0.0,28.6139,77.209
112,35.9,39.0,43,43,2026-02-04 11:40:05+00:00,synthetic,synth_03424,,0.0,28.6139,77.209
106,35.4,40.1,40,42,2026-02-04 12:40:05+00:00,synthetic,synth_03425,,0.0,28.6139,77.209
99,34.2,42.5,45,45,2026-02-04 13:40:05+00:00,synthetic,synth_03426,,0.0,28.6139,77.209
100,35.0,40.3,39,41,2026-02-04 14:40:05+00:00,synthetic,synth_03427,,0.0,28.6139,77.209
93,32.8,43.9,12,13,2026-02-04 15:40:05+00:00,synthetic,synth_03428,,0.0,28.6139,77.209
91,32.6,46.8,42,42,2026-02-04 16:40:05+00:00,synthetic,synth_03429,,0.0,28.6139,77.209
95,29.2,49.8,7,11,2026-02-04 17:40:05+00:00,synthetic,synth_03430,,0.0,28.6139,77.209
91,31.0,50.2,52,52,2026-02-04 18:40:05+00:00,synthetic,synth_03431,,0.0,28.6139,77.209
94,28.9,51.1,51,58,2026-02-04 19:40:05+00:00,synthetic,synth_03432,,0.0,28.6139,77.209
97,26.9,55.7,38,41,2026-02-04 20:40:05+00:00,synthetic,synth_03433,,0.0,28.6139,77.209
96,27.4,54.9,30,30,2026-02-04 21:40:05+00:00,synthetic,synth_03434,,0.0,28.6139,77.209
97,27.7,54.4,38,39,2026-02-04 22:40:05+00:00,synthetic,synth_03435,,0.0,28.6139,77.209
98,26.6,58.2,34,41,2026-02-04 23:40:05+00:00,synthetic,synth_03436,,0.0,28.6139,77.209
93,28.3,54.0,6,6,2026-02-05 00:40:05+00:00,synthetic,synth_03437,,0.0,28.6139,77.209
97,30.4,48.6,11,14,2026-02-05 01:40:05+00:00,synthetic,synth_03438,,0.0,28.6139,77.209
103,31.8,50.1,39,43,2026-02-05 02:40:05+00:00,synthetic,synth_03439,,0.0,28.6139,77.209
94,31.7,49.4,46,49,2026-02-05 03:40:05+00:00,synthetic,synth_03440,,0.0,28.6139,77.209
96,32.9,44.8,50,56,2026-02-05 04:40:05+00:00,synthetic,synth_03441,,0.0,28.6139,77.209
97,33.8,40.2,37,44,2026-02-05 05:40:05+00:00,synthetic,synth_03442,,0.0,28.6139,77.209
96,36.5,39.6,77,78,2026-02-05 06:40:05+00:00,synthetic,synth_03443,,0.0,28.6139,77.209
99,35.3,42.3,55,55,2026-02-05 07:40:05+00:00,synthetic,synth_03444,,0.0,28.6139,77.209
111,35.2,42.2,44,47,2026-02-05 08:40:05+00:00,synthetic,synth_03445,,0.0,28.6139,77.209
109,36.0,39.4,29,31,2026-02-05 09:40:05+00:00,synthetic,synth_03446,,0.0,28.6139,77.209
108,37.1,34.5,62,63,2026-02-05 10:40:05+00:00,synthetic,synth_03447,,0.0,28.6139,77.209
107,36.1,38.4,55,59,2026-02-05 11:40:05+00:00,synthetic,synth_03448,,0.0,28.6139,77.209
99,32.7,46.2,12,13,2026-02-05 12:40:05+00:00,synthetic,synth_03449,,0.0,28.6139,77.209
102,32.2,45.8,12,12,2026-02-05 13:40:05+00:00,synthetic,synth_03450,,0.0,28.6139,77.209
101,32.4,44.7,15,15,2026-02-05 14:40:05+00:00,synthetic,synth_03451,,0.0,28.6139,77.209
97,32.4,47.0,31,31,2026-02-05 15:40:05+00:00,synthetic,synth_03452,,0.0,28.6139,77.209
100,31.8,43.7,33,33,2026-02-05 16:40:05+00:00,synthetic,synth_03453,,0.0,28.6139,77.209
99,31.7,49.6,63,69,2026-02-05 17:40:05+00:00,synthetic,synth_03454,,0.0,28.6139,77.209
99,29.1,55.7,41,42,2026-02-05 18:40:05+00:00,synthetic,synth_03455,,0.0,28.6139,77.209
106,28.3,51.5,5,8,2026-02-05 19:40:05+00:00,synthetic,synth_03456,,0.0,28.6139,77.209
109,28.2,52.1,41,41,2026-02-05 20:40:05+00:00,synthetic,synth_03457,,0.0,28.6139,77.209
106,29.3,49.7,55,56,2026-02-05 21:40:05+00:00,synthetic,synth_03458,,0.0,28.6139,77.209
94,28.0,54.5,50,52,2026-02-05 22:40:05+00:00,synthetic,synth_03459,,0.0,28.6139,77.209
94,29.5,52.5,47,49,2026-02-05 23:40:05+00:00,synthetic,synth_03460,,0.0,28.6139,77.209
95,28.3,52.9,42,49,2026-02-06 00:40:05+00:00,synthetic,synth_03461,,0.0,28.6139,77.209
102,27.8,51.8,11,11,2026-02-06 01:40:05+00:00,synthetic,synth_03462,,0.0,28.6139,77.209
97,32.0,46.4,59,64,2026-02-06 02:40:05+00:00,synthetic,synth_03463,,0.0,28.6139,77.209
101,31.1,46.8,18,19,2026-02-06 03:40:05+00:00,synthetic,synth_03464,,0.0,28.6139,77.209
98,32.6,45.4,13,13,2026-02-06 04:40:05+00:00,synthetic,synth_03465,,0.0,28.6139,77.209
91,33.3,42.5,35,36,2026-02-06 05:40:05+00:00,synthetic,synth_03466,,0.0,28.6139,77.209
101,33.3,44.4,26,26,2026-02-06 06:40:05+00:00,synthetic,synth_03467,,0.0,28.6139,77.209
106,34.0,41.2,64,68,2026-02-06 07:40:05+00:00,synthetic,synth_03468,,0.0,28.6139,77.209
112,36.9,38.3,49,54,2026-02-06 08:40:05+00:00,synthetic,synth_03469,,0.0,28.6139,77.209
110,35.2,39.5,40,41,2026-02-06 09:40:05+00:00,synthetic,synth_03470,,0.0,28.6139,77.209
114,34.9,38.8,37,37,2026-02-06 10:40:05+00:00,synthetic,synth_03471,,0.0,28.6139,77.209
107,36.4,38.3,63,63,2026-02-06 11:40:05+00:00,synthetic,synth_03472,,0.0,28.6139,77.209
99,35.1,41.7,31,35,2026-02-06 12:40:05+00:00,synthetic,synth_03473,,0.0,28.6139,77.209
103,35.6,38.1,46,50,2026-02-06 13:40:05+00:00,synthetic,synth_03474,,0.0,28.6139,77.209
95,33.8,45.2,26,26,2026-02-06 14:40:05+00:00,synthetic,synth_03475,,0.0,28.6139,77.209
97,31.6,46.5,13,13,2026-02-06 15:40:05+00:00,synthetic,synth_03476,,0.0,28.6139,77.209
95,30.3,46.6,21,24,2026-02-06 16:40:05+00:00,synthetic,synth_03477,,0.0,28.6139,77.209
101,29.4,52.6,33,34,2026-02-06 17:40:05+00:00,synthetic,synth_03478,,0.0,28.6139,77.209
111,29.1,51.4,30,34,2026-02-06 18:40:05+00:00,synthetic,synth_03479,,0.0,28.6139,77.209
110,30.4,49.4,37,41,2026-02-06 19:40:05+00:00,synthetic,synth_03480,,0.0,28.6139,77.209
109,28.2,55.1,19,19,2026-02-06 20:40:05+00:00,synthetic,synth_03481,,0.0,28.6139,77.209
113,27.7,50.2,19,21,2026-02-06 21:40:05+00:00,synthetic,synth_03482,,0.0,28.6139,77.209
114,27.4,54.1,18,18,2026-02-06 22:40:05+00:00,synthetic,synth_03483,,0.0,28.6139,77.209
112,28.2,53.8,25,27,2026-02-06 23:40:05+00:00,synthetic,synth_03484,,0.0,28.6139,77.209
105,28.5,53.4,35,35,2026-02-07 00:40:05+00:00,synthetic,synth_03485,,0.0,28.6139,77.209
98,29.1,50.6,18,20,2026-02-07 01:40:05+00:00,synthetic,synth_03486,,0.0,28.6139,77.209
90,31.1,48.0,28,28,2026-02-07 02:40:05+00:00,synthetic,synth_03487,,0.0,28.6139,77.209
92,31.8,48.6,34,40,2026-02-07 03:40:05+00:00,synthetic,synth_03488,,0.0,28.6139,77.209
90,32.4,48.0,28,33,2026-02-07 04:40:05+00:00,synthetic,synth_03489,,0.0,28.6139,77.209
91,33.6,41.3,49,52,2026-02-07 05:40:05+00:00,synthetic,synth_03490,,0.0,28.6139,77.209
98,34.0,44.5,39,40,2026-02-07 06:40:05+00:00,synthetic,synth_03491,,0.0,28.6139,77.209
95,35.3,41.2,47,53,2026-02-07 07:40:05+00:00,synthetic,synth_03492,,0.0,28.6139,77.209
95,35.5,39.2,40,44,2026-02-07 08:40:05+00:00,synthetic,synth_03493,,0.0,28.6139,77.209
101,36.1,38.8,50,55,2026-02-07 09:40:05+00:00,synthetic,synth_03494,,0.0,28.6139,77.209
88,35.5,40.3,25,27,2026-02-07 10:40:05+00:00,synthetic,synth_03495,,0.0,28.6139,77.209
83,36.4,35.3,47,52,2026-02-07 11:40:05+00:00,synthetic,synth_03496,,0.0,28.6139,77.209
82,34.5,41.1,15,19,2026-02-07 12:40:05+00:00,synthetic,synth_03497,,0.0,28.6139,77.209
80,33.4,43.1,40,44,2026-02-07 13:40:05+00:00,synthetic,synth_03498,,0.0,28.6139,77.209
78,34.3,43.7,19,19,2026-02-07 14:40:05+00:00,synthetic,synth_03499,,0.0,28.6139,77.209
91,32.0,45.5,33,36,2026-02-07 15:40:05+00:00,synthetic,synth_03500,,0.0,28.6139,77.209
95,30.5,52.2,15,15,2026-02-07 16:40:05+00:00,synthetic,synth_03501,,0.0,28.6139,77.209
91,31.3,49.7,40,43,2026-02-07 17:40:05+00:00,synthetic,synth_03502,,0.0,28.6139,77.209
101,29.2,48.2,58,63,2026-02-07 18:40:05+00:00,synthetic,synth_03503,,0.0,28.6139,77.209
96,28.4,53.7,30,35,2026-02-07 19:40:05+00:00,synthetic,synth_03504,,0.0,28.6139,77.209
96,28.5,50.8,23,27,2026-02-07 20:40:05+00:00,synthetic,synth_03505,,0.0,28.6139,77.209
101,27.4,55.5,31,31,2026-02-07 21:40:05+00:00,synthetic,synth_03506,,0.0,28.6139,77.209
95,26.8,57.6,25,25,2026-02-07 22:40:05+00:00,synthetic,synth_03507,,0.0,28.6139,77.209
89,29.4,50.1,12,13,2026-02-07 23:40:05+00:00,synthetic,synth_03508,,0.0,28.6139,77.209
78,30.3,49.7,62,62,2026-02-08 00:40:05+00:00,synthetic,synth_03509,,0.0,28.6139,77.209
88,28.8,51.0,14,18,2026-02-08 01:40:05+00:00,synthetic,synth_03510,,0.0,28.6139,77.209
94,30.7,49.0,20,28,2026-02-08 02:40:05+00:00,synthetic,synth_03511,,0.0,28.6139,77.209
97,33.0,46.8,37,40,2026-02-08 03:40:05+00:00,synthetic,synth_03512,,0.0,28.6139,77.209
100,33.6,42.5,24,25,2026-02-08 04:40:05+00:00,synthetic,synth_03513,,0.0,28.6139,77.209
98,33.1,43.6,40,40,2026-02-08 05:40:05+00:00,synthetic,synth_03514,,0.0,28.6139,77.209
92,33.2,45.9,23,25,2026-02-08 06:40:05+00:00,synthetic,synth_03515,,0.0,28.6139,77.209
92,34.5,45.7,53,55,2026-02-08 07:40:05+00:00,synthetic,synth_03516,,0.0,28.6139,77.209
94,36.8,37.8,18,18,2026-02-08 08:40:05+00:00,synthetic,synth_03517,,0.0,28.6139,77.209
97,36.4,36.0,50,52,2026-02-08 09:40:05+00:00,synthetic,synth_03518,,0.0,28.6139,77.209
92,35.5,42.6,5,5,2026-02-08 10:40:05+00:00,synthetic,synth_03519,,0.0,28.6139,77.209
94,34.6,39.0,13,17,2026-02-08 11:40:05+00:00,synthetic,synth_03520,,0.0,28.6139,77.209
91,34.2,40.3,11,11,2026-02-08 12:40:05+00:00,synthetic,synth_03521,,0.0,28.6139,77.209
90,34.4,41.9,40,40,2026-02-08 13:40:05+00:00,synthetic,synth_03522,,0.0,28.6139,77.209
89,31.9,46.8,16,17,2026-02-08 14:40:05+00:00,synthetic,synth_03523,,0.0,28.6139,77.209
92,31.9,42.9,22,22,2026-02-08 15:40:05+00:00,synthetic,synth_03524,,0.0,28.6139,77.209
89,31.6,45.8,61,66,2026-02-08 16:40:05+00:00,synthetic,synth_03525,,0.0,28.6139,77.209
89,29.6,50.5,11,12,2026-02-08 17:40:05+00:00,synthetic,synth_03526,,0.0,28.6139,77.209
99,28.4,50.9,21,24,2026-02-08 18:40:05+00:00,synthetic,synth_03527,,0.0,28.6139,77.209
104,28.5,55.2,14,15,2026-02-08 19:40:05+00:00,synthetic,synth_03528,,0.0,28.6139,77.209
100,29.3,52.7,33,33,2026-02-08 20:40:05+00:00,synthetic,synth_03529,,0.0,28.6139,77.209
102,28.2,53.3,48,54,2026-02-08 21:40:05+00:00,synthetic,synth_03530,,0.0,28.6139,77.209
104,28.3,53.7,63,67,2026-02-08 22:40:05+00:00,synthetic,synth_03531,,0.0,28.6139,77.209
105,29.3,50.1,51,55,2026-02-08 23:40:05+00:00,synthetic,synth_03532,,0.0,28.6139,77.209
107,30.4,47.9,30,31,2026-02-09 00:40:05+00:00,synthetic,synth_03533,,0.0,28.6139,77.209
101,29.5,49.0,50,50,2026-02-09 01:40:05+00:00,synthetic,synth_03534,,0.0,28.6139,77.209
95,30.0,49.8,11,13,2026-02-09 02:40:05+00:00,synthetic,synth_03535,,0.0,28.6139,77.209
101,30.9,48.9,43,47,2026-02-09 03:40:05+00:00,synthetic,synth_03536,,0.0,28.6139,77.209
98,32.0,44.7,38,40,2026-02-09 04:40:05+00:00,synthetic,synth_03537,,0.0,28.6139,77.209
94,34.2,40.2,23,24,2026-02-09 05:40:05+00:00,synthetic,synth_03538,,0.0,28.6139,77.209
98,34.9,41.4,30,30,2026-02-09 06:40:05+00:00,synthetic,synth_03539,,0.0,28.6139,77.209
99,35.1,39.1,19,19,2026-02-09 07:40:05+00:00,synthetic,synth_03540,,0.0,28.6139,77.209
101,34.6,41.7,42,42,2026-02-09 08:40:05+00:00,synthetic,synth_03541,,0.0,28.6139,77.209
112,34.6,40.5,39,42,2026-02-09 09:40:05+00:00,synthetic,synth_03542,,0.0,28.6139,77.209
108,34.5,39.6,15,15,2026-02-09 10:40:05+00:00,synthetic,synth_03543,,0.0,28.6139,77.209
101,37.2,37.8,54,59,2026-02-09 11:40:05+00:00,synthetic,synth_03544,,0.0,28.6139,77.209
102,34.9,39.6,28,29,2026-02-09 12:40:05+00:00,synthetic,synth_03545,,0.0,28.6139,77.209
101,34.3,42.2,45,49,2026-02-09 13:40:05+00:00,synthetic,synth_03546,,0.0,28.6139,77.209
93,33.7,42.4,10,10,2026-02-09 14:40:05+00:00,synthetic,synth_03547,,0.0,28.6139,77.209
93,31.6,47.5,44,47,2026-02-09 15:40:05+00:00,synthetic,synth_03548,,0.0,28.6139,77.209
96,31.0,47.1,56,57,2026-02-09 16:40:05+00:00,synthetic,synth_03549,,0.0,28.6139,77.209
99,31.9,46.3,43,43,2026-02-09 17:40:05+00:00,synthetic,synth_03550,,0.0,28.6139,77.209
108,28.8,50.4,11,11,2026-02-09 18:40:05+00:00,synthetic,synth_03551,,0.0,28.6139,77.209
105,30.0,51.0,28,31,2026-02-09 19:40:05+00:00,synthetic,synth_03552,,0.0,28.6139,77.209
105,28.2,54.1,25,26,2026-02-09 20:40:05+00:00,synthetic,synth_03553,,0.0,28.6139,77.209
101,27.6,52.9,21,21,2026-02-09 21:40:05+00:00,synthetic,synth_03554,,0.0,28.6139,77.209
108,28.5,49.7,28,28,2026-02-09 22:40:05+00:00,synthetic,synth_03555,,0.0,28.6139,77.209
105,29.8,55.2,81,89,2026-02-09 23:40:05+00:00,synthetic,synth_03556,,0.0,28.6139,77.209
111,28.3,51.3,35,37,2026-02-10 00:40:05+00:00,synthetic,synth_03557,,0.0,28.6139,77.209
115,29.1,48.4,14,15,2026-02-10 01:40:05+00:00,synthetic,synth_03558,,0.0,28.6139,77.209
111,31.2,49.5,50,50,2026-02-10 02:40:05+00:00,synthetic,synth_03559,,0.0,28.6139,77.209
99,31.2,49.8,23,23,2026-02-10 03:40:05+00:00,synthetic,synth_03560,,0.0,28.6139,77.209
100,33.2,47.4,39,40,2026-02-10 04:40:05+00:00,synthetic,synth_03561,,0.0,28.6139,77.209
101,34.2,44.1,59,62,2026-02-10 05:40:05+00:00,synthetic,synth_03562,,0.0,28.6139,77.209
106,34.1,39.2,34,38,2026-02-10 06:40:05+00:00,synthetic,synth_03563,,0.0,28.6139,77.209
108,35.8,41.6,44,48,2026-02-10 07:40:05+00:00,synthetic,synth_03564,,0.0,28.6139,77.209
114,34.3,41.1,58,61,2026-02-10 08:40:05+00:00,synthetic,synth_03565,,0.0,28.6139,77.209
105,36.8,37.0,5,5,2026-02-10 09:40:05+00:00,synthetic,synth_03566,,0.0,28.6139,77.209
105,35.8,39.7,57,57,2026-02-10 10:40:05+00:00,synthetic,synth_03567,,0.0,28.6139,77.209
107,36.2,38.1,37,37,2026-02-10 11:40:05+00:00,synthetic,synth_03568,,0.0,28.6139,77.209
98,34.7,43.2,24,24,2026-02-10 12:40:05+00:00,synthetic,synth_03569,,0.0,28.6139,77.209
97,33.4,43.7,5,5,2026-02-10 13:40:05+00:00,synthetic,synth_03570,,0.0,28.6139,77.209
96,33.3,43.0,23,23,2026-02-10 14:40:05+00:00,synthetic,synth_03571,,0.0,28.6139,77.209
93,30.0,51.5,5,5,2026-02-10 15:40:05+00:00,synthetic,synth_03572,,0.0,28.6139,77.209
103,30.4,48.9,25,31,2026-02-10 16:40:05+00:00,synthetic,synth_03573,,0.0,28.6139,77.209
110,31.7,47.2,52,53,2026-02-10 17:40:05+00:00,synthetic,synth_03574,,0.0,28.6139,77.209
105,30.4,50.5,60,60,2026-02-10 18:40:05+00:00,synthetic,synth_03575,,0.0,28.6139,77.209
102,28.3,53.5,41,41,2026-02-10 19:40:05+00:00,synthetic,synth_03576,,0.0,28.6139,77.209
99,27.3,55.9,5,5,2026-02-10 20:40:05+00:00,synthetic,synth_03577,,0.0,28.6139,77.209
101,28.7,52.0,16,16,2026-02-10 21:40:05+00:00,synthetic,synth_03578,,0.0,28.6139,77.209
94,27.6,55.2,55,61,2026-02-10 22:40:05+00:00,synthetic,synth_03579,,0.0,28.6139,77.209
92,29.3,52.6,27,27,2026-02-10 23:40:05+00:00,synthetic,synth_03580,,0.0,28.6139,77.209
92,28.0,51.2,27,32,2026-02-11 00:40:05+00:00,synthetic,synth_03581,,0.0,28.6139,77.209
93,30.4,49.1,65,69,2026-02-11 01:40:05+00:00,synthetic,synth_03582,,0.0,28.6139,77.209
98,30.9,49.9,14,14,2026-02-11 02:40:05+00:00,synthetic,synth_03583,,0.0,28.6139,77.209
97,32.0,47.7,50,50,2026-02-11 03:40:05+00:00,synthetic,synth_03584,,0.0,28.6139,77.209
92,32.3,47.1,25,29,2026-02-11 04:40:05+00:00,synthetic,synth_03585,,0.0,28.6139,77.209
100,33.7,41.8,32,33,2026-02-11 05:40:05+00:00,synthetic,synth_03586,,0.0,28.6139,77.209
107,33.3,44.0,39,41,2026-02-11 06:40:05+00:00,synthetic,synth_03587,,0.0,28.6139,77.209
114,34.7,40.5,56,56,2026-02-11 07:40:05+00:00,synthetic,synth_03588,,0.0,28.6139,77.209
115,35.7,39.6,8,8,2026-02-11 08:40:05+00:00,synthetic,synth_03589,,0.0,28.6139,77.209
115,34.8,39.8,33,34,2026-02-11 09:40:05+00:00,synthetic,synth_03590,,0.0,28.6139,77.209
117,36.8,34.7,55,55,2026-02-11 10:40:05+00:00,synthetic,synth_03591,,0.0,28.6139,77.209
110,34.9,42.0,27,30,2026-02-11 11:40:05+00:00,synthetic,synth_03592,,0.0,28.6139,77.209
98,35.8,41.5,27,27,2026-02-11 12:40:05+00:00,synthetic,synth_03593,,0.0,28.6139,77.209
100,33.4,40.8,27,27,2026-02-11 13:40:05+00:00,synthetic,synth_03594,,0.0,28.6139,77.209
98,32.6,45.9,55,57,2026-02-11 14:40:05+00:00,synthetic,synth_03595,,0.0,28.6139,77.209
91,32.4,45.6,36,38,2026-02-11 15:40:05+00:00,synthetic,synth_03596,,0.0,28.6139,77.209
96,32.4,49.6,80,84,2026-02-11 16:40:05+00:00,synthetic,synth_03597,,0.0,28.6139,77.209
100,29.9,46.5,8,9,2026-02-11 17:40:05+00:00,synthetic,synth_03598,,0.0,28.6139,77.209
108,29.8,51.9,70,70,2026-02-11 18:40:05+00:00,synthetic,synth_03599,,0.0,28.6139,77.209
110,28.1,52.9,25,27,2026-02-11 19:40:05+00:00,synthetic,synth_03600,,0.0,28.6139,77.209
112,28.5,56.9,37,44,2026-02-11 20:40:05+00:00,synthetic,synth_03601,,0.0,28.6139,77.209
108,27.9,53.7,51,56,2026-02-11 21:40:05+00:00,synthetic,synth_03602,,0.0,28.6139,77.209
108,30.8,51.1,32,32,2026-02-11 22:40:05+00:00,synthetic,synth_03603,,0.0,28.6139,77.209
103,29.1,50.5,26,29,2026-02-11 23:40:05+00:00,synthetic,synth_03604,,0.0,28.6139,77.209
103,27.6,57.1,22,22,2026-02-12 00:40:05+00:00,synthetic,synth_03605,,0.0,28.6139,77.209
96,30.1,51.2,32,32,2026-02-12 01:40:05+00:00,synthetic,synth_03606,,0.0,28.6139,77.209
96,32.3,47.4,72,77,2026-02-12 02:40:05+00:00,synthetic,synth_03607,,0.0,28.6139,77.209
100,30.9,47.0,37,38,2026-02-12 03:40:05+00:00,synthetic,synth_03608,,0.0,28.6139,77.209
92,31.9,47.3,12,12,2026-02-12 04:40:05+00:00,synthetic,synth_03609,,0.0,28.6139,77.209
90,34.7,41.4,24,24,2026-02-12 05:40:05+00:00,synthetic,synth_03610,,0.0,28.6139,77.209
97,34.3,40.6,32,32,2026-02-12 06:40:05+00:00,synthetic,synth_03611,,0.0,28.6139,77.209
100,35.6,38.5,22,22,2026-02-12 07:40:05+00:00,synthetic,synth_03612,,0.0,28.6139,77.209
111,34.6,40.2,66,66,2026-02-12 08:40:05+00:00,synthetic,synth_03613,,0.0,28.6139,77.209
111,35.9,39.7,43,43,2026-02-12 09:40:05+00:00,synthetic,synth_03614,,0.0,28.6139,77.209
112,38.4,30.7,63,63,2026-02-12 10:40:05+00:00,synthetic,synth_03615,,0.0,28.6139,77.209
114,35.0,42.0,46,48,2026-02-12 11:40:05+00:00,synthetic,synth_03616,,0.0,28.6139,77.209
108,37.3,36.0,77,82,2026-02-12 12:40:05+00:00,synthetic,synth_03617,,0.0,28.6139,77.209
97,35.9,39.2,25,25,2026-02-12 13:40:05+00:00,synthetic,synth_03618,,0.0,28.6139,77.209
94,33.1,41.7,29,33,2026-02-12 14:40:05+00:00,synthetic,synth_03619,,0.0,28.6139,77.209
93,32.5,46.0,38,38,2026-02-12 15:40:05+00:00,synthetic,synth_03620,,0.0,28.6139,77.209
98,32.4,43.8,51,58,2026-02-12 16:40:05+00:00,synthetic,synth_03621,,0.0,28.6139,77.209
100,31.1,46.8,54,57,2026-02-12 17:40:05+00:00,synthetic,synth_03622,,0.0,28.6139,77.209
105,29.3,51.9,12,12,2026-02-12 18:40:05+00:00,synthetic,synth_03623,,0.0,28.6139,77.209
102,27.9,52.2,29,33,2026-02-12 19:40:05+00:00,synthetic,synth_03624,,0.0,28.6139,77.209
103,26.4,58.2,36,36,2026-02-12 20:40:05+00:00,synthetic,synth_03625,,0.0,28.6139,77.209
102,29.6,52.1,45,47,2026-02-12 21:40:05+00:00,synthetic,synth_03626,,0.0,28.6139,77.209
96,26.6,57.9,5,5,2026-02-12 22:40:05+00:00,synthetic,synth_03627,,0.0,28.6139,77.209
95,29.7,51.0,27,28,2026-02-12 23:40:05+00:00,synthetic,synth_03628,,0.0,28.6139,77.209
103,27.6,53.8,27,29,2026-02-13 00:40:05+00:00,synthetic,synth_03629,,0.0,28.6139,77.209
105,28.3,52.4,20,20,2026-02-13 01:40:05+00:00,synthetic,synth_03630,,0.0,28.6139,77.209
100,31.1,48.9,28,32,2026-02-13 02:40:05+00:00,synthetic,synth_03631,,0.0,28.6139,77.209
97,30.0,46.3,9,9,2026-02-13 03:40:05+00:00,synthetic,synth_03632,,0.0,28.6139,77.209
100,32.2,45.7,30,34,2026-02-13 04:40:05+00:00,synthetic,synth_03633,,0.0,28.6139,77.209
97,33.8,43.3,5,6,2026-02-13 05:40:05+00:00,synthetic,synth_03634,,0.0,28.6139,77.209
96,34.5,42.3,28,29,2026-02-13 06:40:05+00:00,synthetic,synth_03635,,0.0,28.6139,77.209
98,35.3,43.2,44,44,2026-02-13 07:40:05+00:00,synthetic,synth_03636,,0.0,28.6139,77.209
101,36.8,39.4,33,33,2026-02-13 08:40:05+00:00,synthetic,synth_03637,,0.0,28.6139,77.209
100,38.0,35.9,32,32,2026-02-13 09:40:05+00:00,synthetic,synth_03638,,0.0,28.6139,77.209
98,35.2,40.2,21,25,2026-02-13 10:40:05+00:00,synthetic,synth_03639,,0.0,28.6139,77.209
100,33.7,41.3,5,5,2026-02-13 11:40:05+00:00,synthetic,synth_03640,,0.0,28.6139,77.209
97,35.2,39.6,35,40,2026-02-13 12:40:05+00:00,synthetic,synth_03641,,0.0,28.6139,77.209
95,34.2,44.3,26,32,2026-02-13 13:40:05+00:00,synthetic,synth_03642,,0.0,28.6139,77.209
90,33.6,44.7,11,11,2026-02-13 14:40:05+00:00,synthetic,synth_03643,,0.0,28.6139,77.209
93,34.4,42.7,66,70,2026-02-13 15:40:05+00:00,synthetic,synth_03644,,0.0,28.6139,77.209
97,30.3,49.7,21,27,2026-02-13 16:40:05+00:00,synthetic,synth_03645,,0.0,28.6139,77.209
106,30.6,48.5,50,57,2026-02-13 17:40:05+00:00,synthetic,synth_03646,,0.0,28.6139,77.209
110,30.2,51.2,44,48,2026-02-13 18:40:05+00:00,synthetic,synth_03647,,0.0,28.6139,77.209
112,29.2,52.2,53,54,2026-02-13 19:40:05+00:00,synthetic,synth_03648,,0.0,28.6139,77.209
104,26.9,55.0,26,26,2026-02-13 20:40:05+00:00,synthetic,synth_03649,,0.0,28.6139,77.209
104,29.4,51.0,41,43,2026-02-13 21:40:05+00:00,synthetic,synth_03650,,0.0,28.6139,77.209
108,29.0,55.4,64,66,2026-02-13 22:40:05+00:00,synthetic,synth_03651,,0.0,28.6139,77.209
110,27.9,56.5,46,47,2026-02-13 23:40:05+00:00,synthetic,synth_03652,,0.0,28.6139,77.209
107,29.1,53.3,31,34,2026-02-14 00:40:05+00:00,synthetic,synth_03653,,0.0,28.6139,77.209
106,29.6,49.4,24,27,2026-02-14 01:40:05+00:00,synthetic,synth_03654,,0.0,28.6139,77.209
98,32.5,48.1,80,86,2026-02-14 02:40:05+00:00,synthetic,synth_03655,,0.0,28.6139,77.209
91,32.0,45.9,38,43,2026-02-14 03:40:05+00:00,synthetic,synth_03656,,0.0,28.6139,77.209
88,31.9,43.4,34,35,2026-02-14 04:40:05+00:00,synthetic,synth_03657,,0.0,28.6139,77.209
88,33.0,45.7,11,11,2026-02-14 05:40:05+00:00,synthetic,synth_03658,,0.0,28.6139,77.209
91,34.5,38.7,5,5,2026-02-14 06:40:05+00:00,synthetic,synth_03659,,0.0,28.6139,77.209
93,35.0,38.6,31,34,2026-02-14 07:40:05+00:00,synthetic,synth_03660,,0.0,28.6139,77.209
95,35.0,39.6,17,17,2026-02-14 08:40:05+00:00,synthetic,synth_03661,,0.0,28.6139,77.209
101,37.4,35.5,39,40,2026-02-14 09:40:05+00:00,synthetic,synth_03662,,0.0,28.6139,77.209
97,35.8,38.5,18,23,2026-02-14 10:40:05+00:00,synthetic,synth_03663,,0.0,28.6139,77.209
101,36.6,39.4,66,71,2026-02-14 11:40:05+00:00,synthetic,synth_03664,,0.0,28.6139,77.209
93,35.7,37.6,39,44,2026-02-14 12:40:05+00:00,synthetic,synth_03665,,0.0,28.6139,77.209
82,33.5,43.3,5,5,2026-02-14 13:40:05+00:00,synthetic,synth_03666,,0.0,28.6139,77.209
87,34.1,41.3,28,32,2026-02-14 14:40:05+00:00,synthetic,synth_03667,,0.0,28.6139,77.209
88,31.0,50.2,5,5,2026-02-14 15:40:05+00:00,synthetic,synth_03668,,0.0,28.6139,77.209
87,31.5,43.9,24,26,2026-02-14 16:40:05+00:00,synthetic,synth_03669,,0.0,28.6139,77.209
87,29.3,53.1,42,43,2026-02-14 17:40:05+00:00,synthetic,synth_03670,,0.0,28.6139,77.209
87,29.1,53.0,58,66,2026-02-14 18:40:05+00:00,synthetic,synth_03671,,0.0,28.6139,77.209
92,30.0,51.0,36,38,2026-02-14 19:40:05+00:00,synthetic,synth_03672,,0.0,28.6139,77.209
95,27.8,56.0,24,25,2026-02-14 20:40:05+00:00,synthetic,synth_03673,,0.0,28.6139,77.209
89,28.1,56.8,60,60,2026-02-14 21:40:05+00:00,synthetic,synth_03674,,0.0,28.6139,77.209
94,29.2,52.0,41,41,2026-02-14 22:40:05+00:00,synthetic,synth_03675,,0.0,28.6139,77.209
91,27.4,55.6,5,6,2026-02-14 23:40:05+00:00,synthetic,synth_03676,,0.0,28.6139,77.209
87,30.4,52.1,45,45,2026-02-15 00:40:05+00:00,synthetic,synth_03677,,0.0,28.6139,77.209
89,28.7,51.8,36,36,2026-02-15 01:40:05+00:00,synthetic,synth_03678,,0.0,28.6139,77.209
90,30.3,50.9,43,43,2026-02-15 02:40:05+00:00,synthetic,synth_03679,,0.0,28.6139,77.209
87,32.6,45.4,41,41,2026-02-15 03:40:05+00:00,synthetic,synth_03680,,0.0,28.6139,77.209
84,32.7,44.1,6,6,2026-02-15 04:40:05+00:00,synthetic,synth_03681,,0.0,28.6139,77.209
82,35.4,43.4,61,64,2026-02-15 05:40:05+00:00,synthetic,synth_03682,,0.0,28.6139,77.209
92,33.4,42.0,22,22,2026-02-15 06:40:05+00:00,synthetic,synth_03683,,0.0,28.6139,77.209
94,34.9,37.2,5,5,2026-02-15 07:40:05+00:00,synthetic,synth_03684,,0.0,28.6139,77.209
101,36.1,37.6,39,40,2026-02-15 08:40:05+00:00,synthetic,synth_03685,,0.0,28.6139,77.209
95,36.1,36.8,46,49,2026-02-15 09:40:05+00:00,synthetic,synth_03686,,0.0,28.6139,77.209
97,35.6,39.9,25,30,2026-02-15 10:40:05+00:00,synthetic,synth_03687,,0.0,28.6139,77.209
93,35.9,36.3,28,28,2026-02-15 11:40:05+00:00,synthetic,synth_03688,,0.0,28.6139,77.209
92,35.1,41.5,20,20,2026-02-15 12:40:05+00:00,synthetic,synth_03689,,0.0,28.6139,77.209
85,32.3,47.1,15,15,2026-02-15 13:40:05+00:00,synthetic,synth_03690,,0.0,28.6139,77.209
90,33.2,42.3,8,8,2026-02-15 14:40:05+00:00,synthetic,synth_03691,,0.0,28.6139,77.209
88,33.0,45.3,38,44,2026-02-15 15:40:05+00:00,synthetic,synth_03692,,0.0,28.6139,77.209
90,32.1,48.4,34,34,2026-02-15 16:40:05+00:00,synthetic,synth_03693,,0.0,28.6139,77.209
88,29.5,55.1,49,49,2026-02-15 17:40:05+00:00,synthetic,synth_03694,,0.0,28.6139,77.209
86,28.9,51.9,5,5,2026-02-15 18:40:05+00:00,synthetic,synth_03695,,0.0,28.6139,77.209
85,28.9,52.4,35,36,2026-02-15 19:40:05+00:00,synthetic,synth_03696,,0.0,28.6139,77.209
86,28.4,55.1,33,33,2026-02-15 20:40:05+00:00,synthetic,synth_03697,,0.0,28.6139,77.209
92,26.6,56.5,15,15,2026-02-15 21:40:05+00:00,synthetic,synth_03698,,0.0,28.6139,77.209
89,29.0,52.4,19,19,2026-02-15 22:40:05+00:00,synthetic,synth_03699,,0.0,28.6139,77.209
89,28.8,53.2,31,32,2026-02-15 23:40:05+00:00,synthetic,synth_03700,,0.0,28.6139,77.209
94,27.9,54.8,14,14,2026-02-16 00:40:05+00:00,synthetic,synth_03701,,0.0,28.6139,77.209
93,29.5,53.0,19,19,2026-02-16 01:40:05+00:00,synthetic,synth_03702,,0.0,28.6139,77.209
94,28.5,52.8,26,29,2026-02-16 02:40:05+00:00,synthetic,synth_03703,,0.0,28.6139,77.209
99,32.0,42.5,44,45,2026-02-16 03:40:05+00:00,synthetic,synth_03704,,0.0,28.6139,77.209
95,32.2,44.6,27,27,2026-02-16 04:40:05+00:00,synthetic,synth_03705,,0.0,28.6139,77.209
97,32.7,42.1,5,5,2026-02-16 05:40:05+00:00,synthetic,synth_03706,,0.0,28.6139,77.209
93,34.6,38.4,26,30,2026-02-16 06:40:05+00:00,synthetic,synth_03707,,0.0,28.6139,77.209
96,35.0,37.5,9,9,2026-02-16 07:40:05+00:00,synthetic,synth_03708,,0.0,28.6139,77.209
101,35.2,42.2,29,29,2026-02-16 08:40:05+00:00,synthetic,synth_03709,,0.0,28.6139,77.209
106,34.4,41.1,9,9,2026-02-16 09:40:05+00:00,synthetic,synth_03710,,0.0,28.6139,77.209
102,33.7,42.5,12,12,2026-02-16 10:40:05+00:00,synthetic,synth_03711,,0.0,28.6139,77.209
98,35.3,40.0,26,31,2026-02-16 11:40:05+00:00,synthetic,synth_03712,,0.0,28.6139,77.209
89,35.6,40.0,22,22,2026-02-16 12:40:05+00:00,synthetic,synth_03713,,0.0,28.6139,77.209
85,33.9,43.4,42,50,2026-02-16 13:40:05+00:00,synthetic,synth_03714,,0.0,28.6139,77.209
89,31.7,45.9,15,15,2026-02-16 14:40:05+00:00,synthetic,synth_03715,,0.0,28.6139,77.209
88,32.0,48.3,28,31,2026-02-16 15:40:05+00:00,synthetic,synth_03716,,0.0,28.6139,77.209
96,30.3,50.6,48,48,2026-02-16 16:40:05+00:00,synthetic,synth_03717,,0.0,28.6139,77.209
97,30.6,49.7,10,10,2026-02-16 17:40:05+00:00,synthetic,synth_03718,,0.0,28.6139,77.209
100,30.2,51.4,33,34,2026-02-16 18:40:05+00:00,synthetic,synth_03719,,0.0,28.6139,77.209
95,28.9,56.1,58,66,2026-02-16 19:40:05+00:00,synthetic,synth_03720,,0.0,28.6139,77.209
101,27.0,55.2,5,5,2026-02-16 20:40:05+00:00,synthetic,synth_03721,,0.0,28.6139,77.209
96,28.1,52.5,43,45,2026-02-16 21:40:05+00:00,synthetic,synth_03722,,0.0,28.6139,77.209
94,27.3,54.5,5,5,2026-02-16 22:40:05+00:00,synthetic,synth_03723,,0.0,28.6139,77.209
91,29.4,52.2,65,69,2026-02-16 23:40:05+00:00,synthetic,synth_03724,,0.0,28.6139,77.209
87,28.5,54.2,29,29,2026-02-17 00:40:05+00:00,synthetic,synth_03725,,0.0,28.6139,77.209
97,27.4,57.9,56,56,2026-02-17 01:40:05+00:00,synthetic,synth_03726,,0.0,28.6139,77.209
92,29.5,48.7,7,7,2026-02-17 02:40:05+00:00,synthetic,synth_03727,,0.0,28.6139,77.209
94,32.1,46.3,27,30,2026-02-17 03:40:05+00:00,synthetic,synth_03728,,0.0,28.6139,77.209
91,31.9,45.6,42,46,2026-02-17 04:40:05+00:00,synthetic,synth_03729,,0.0,28.6139,77.209
94,35.2,37.1,29,29,2026-02-17 05:40:05+00:00,synthetic,synth_03730,,0.0,28.6139,77.209
90,34.7,39.6,16,16,2026-02-17 06:40:05+00:00,synthetic,synth_03731,,0.0,28.6139,77.209
93,35.5,36.3,22,26,2026-02-17 07:40:05+00:00,synthetic,synth_03732,,0.0,28.6139,77.209
97,35.8,39.0,5,5,2026-02-17 08:40:05+00:00,synthetic,synth_03733,,0.0,28.6139,77.209
108,35.1,38.4,27,28,2026-02-17 09:40:05+00:00,synthetic,synth_03734,,0.0,28.6139,77.209
108,35.8,37.2,48,48,2026-02-17 10:40:05+00:00,synthetic,synth_03735,,0.0,28.6139,77.209
106,36.7,39.8,43,46,2026-02-17 11:40:05+00:00,synthetic,synth_03736,,0.0,28.6139,77.209
109,34.0,41.5,30,33,2026-02-17 12:40:05+00:00,synthetic,synth_03737,,0.0,28.6139,77.209
108,32.8,46.3,26,26,2026-02-17 13:40:05+00:00,synthetic,synth_03738,,0.0,28.6139,77.209
103,33.8,43.0,49,51,2026-02-17 14:40:05+00:00,synthetic,synth_03739,,0.0,28.6139,77.209
105,31.5,47.3,62,63,2026-02-17 15:40:05+00:00,synthetic,synth_03740,,0.0,28.6139,77.209
101,30.9,47.3,36,42,2026-02-17 16:40:05+00:00,synthetic,synth_03741,,0.0,28.6139,77.209
102,28.3,56.5,7,8,2026-02-17 17:40:05+00:00,synthetic,synth_03742,,0.0,28.6139,77.209
101,30.7,48.2,44,44,2026-02-17 18:40:05+00:00,synthetic,synth_03743,,0.0,28.6139,77.209
112,28.4,53.2,42,42,2026-02-17 19:40:05+00:00,synthetic,synth_03744,,0.0,28.6139,77.209
100,28.0,55.2,30,30,2026-02-17 20:40:05+00:00,synthetic,synth_03745,,0.0,28.6139,77.209
101,27.3,51.7,10,12,2026-02-17 21:40:05+00:00,synthetic,synth_03746,,0.0,28.6139,77.209
97,28.4,52.3,37,40,2026-02-17 22:40:05+00:00,synthetic,synth_03747,,0.0,28.6139,77.209
95,28.8,52.2,63,67,2026-02-17 23:40:05+00:00,synthetic,synth_03748,,0.0,28.6139,77.209
81,27.5,53.6,18,20,2026-02-18 00:40:05+00:00,synthetic,synth_03749,,0.0,28.6139,77.209
87,30.7,50.8,52,58,2026-02-18 01:40:05+00:00,synthetic,synth_03750,,0.0,28.6139,77.209
88,28.8,54.2,24,32,2026-02-18 02:40:05+00:00,synthetic,synth_03751,,0.0,28.6139,77.209
89,32.1,44.5,35,37,2026-02-18 03:40:05+00:00,synthetic,synth_03752,,0.0,28.6139,77.209
90,32.4,46.7,61,61,2026-02-18 04:40:05+00:00,synthetic,synth_03753,,0.0,28.6139,77.209
92,35.1,40.8,81,84,2026-02-18 05:40:05+00:00,synthetic,synth_03754,,0.0,28.6139,77.209
89,34.2,46.9,53,62,2026-02-18 06:40:05+00:00,synthetic,synth_03755,,0.0,28.6139,77.209
90,36.1,40.3,55,56,2026-02-18 07:40:05+00:00,synthetic,synth_03756,,0.0,28.6139,77.209
92,35.8,37.9,33,35,2026-02-18 08:40:05+00:00,synthetic,synth_03757,,0.0,28.6139,77.209
94,35.9,37.7,44,44,2026-02-18 09:40:05+00:00,synthetic,synth_03758,,0.0,28.6139,77.209
95,37.1,36.9,37,38,2026-02-18 10:40:05+00:00,synthetic,synth_03759,,0.0,28.6139,77.209
95,35.8,38.4,39,39,2026-02-18 11:40:05+00:00,synthetic,synth_03760,,0.0,28.6139,77.209
87,36.0,42.3,89,96,2026-02-18 12:40:05+00:00,synthetic,synth_03761,,0.0,28.6139,77.209
87,33.3,47.3,30,31,2026-02-18 13:40:05+00:00,synthetic,synth_03762,,0.0,28.6139,77.209
89,32.7,47.3,33,34,2026-02-18 14:40:05+00:00,synthetic,synth_03763,,0.0,28.6139,77.209
90,32.4,48.9,51,57,2026-02-18 15:40:05+00:00,synthetic,synth_03764,,0.0,28.6139,77.209
93,32.3,49.8,40,44,2026-02-18 16:40:05+00:00,synthetic,synth_03765,,0.0,28.6139,77.209
99,30.2,48.1,27,29,2026-02-18 17:40:05+00:00,synthetic,synth_03766,,0.0,28.6139,77.209
95,29.7,50.9,36,36,2026-02-18 18:40:05+00:00,synthetic,synth_03767,,0.0,28.6139,77.209
96,29.1,53.4,50,53,2026-02-18 19:40:05+00:00,synthetic,synth_03768,,0.0,28.6139,77.209
90,30.1,49.2,44,48,2026-02-18 20:40:05+00:00,synthetic,synth_03769,,0.0,28.6139,77.209
99,26.9,56.1,29,29,2026-02-18 21:40:05+00:00,synthetic,synth_03770,,0.0,28.6139,77.209
98,26.9,56.1,17,17,2026-02-18 22:40:05+00:00,synthetic,synth_03771,,0.0,28.6139,77.209
101,28.7,54.2,25,27,2026-02-18 23:40:05+00:00,synthetic,synth_03772,,0.0,28.6139,77.209
96,28.8,54.1,58,58,2026-02-19 00:40:05+00:00,synthetic,synth_03773,,0.0,28.6139,77.209
100,27.9,49.1,20,25,2026-02-19 01:40:05+00:00,synthetic,synth_03774,,0.0,28.6139,77.209
104,29.9,49.3,16,16,2026-02-19 02:40:05+00:00,synthetic,synth_03775,,0.0,28.6139,77.209
105,32.0,44.4,47,47,2026-02-19 03:40:05+00:00,synthetic,synth_03776,,0.0,28.6139,77.209
106,31.6,50.0,32,35,2026-02-19 04:40:05+00:00,synthetic,synth_03777,,0.0,28.6139,77.209
106,33.0,40.9,5,5,2026-02-19 05:40:05+00:00,synthetic,synth_03778,,0.0,28.6139,77.209
103,34.8,41.3,43,44,2026-02-19 06:40:05+00:00,synthetic,synth_03779,,0.0,28.6139,77.209
101,34.1,41.5,8,8,2026-02-19 07:40:05+00:00,synthetic,synth_03780,,0.0,28.6139,77.209
108,34.3,42.3,29,30,2026-02-19 08:40:05+00:00,synthetic,synth_03781,,0.0,28.6139,77.209
111,36.1,42.5,40,40,2026-02-19 09:40:05+00:00,synthetic,synth_03782,,0.0,28.6139,77.209
113,36.6,37.8,49,49,2026-02-19 10:40:05+00:00,synthetic,synth_03783,,0.0,28.6139,77.209
113,35.1,41.9,61,62,2026-02-19 11:40:05+00:00,synthetic,synth_03784,,0.0,28.6139,77.209
99,35.1,41.1,14,16,2026-02-19 12:40:05+00:00,synthetic,synth_03785,,0.0,28.6139,77.209
100,33.7,43.8,40,43,2026-02-19 13:40:05+00:00,synthetic,synth_03786,,0.0,28.6139,77.209
102,32.2,41.8,14,14,2026-02-19 14:40:05+00:00,synthetic,synth_03787,,0.0,28.6139,77.209
102,32.8,42.1,12,12,2026-02-19 15:40:05+00:00,synthetic,synth_03788,,0.0,28.6139,77.209
101,30.6,51.3,29,29,2026-02-19 16:40:05+00:00,synthetic,synth_03789,,0.0,28.6139,77.209
101,31.1,47.5,35,37,2026-02-19 17:40:05+00:00,synthetic,synth_03790,,0.0,28.6139,77.209
107,29.2,50.6,9,15,2026-02-19 18:40:05+00:00,synthetic,synth_03791,,0.0,28.6139,77.209
107,29.6,49.7,43,48,2026-02-19 19:40:05+00:00,synthetic,synth_03792,,0.0,28.6139,77.209
102,28.3,51.3,5,6,2026-02-19 20:40:05+00:00,synthetic,synth_03793,,0.0,28.6139,77.209
96,27.0,55.3,5,5,2026-02-19 21:40:05+00:00,synthetic,synth_03794,,0.0,28.6139,77.209
103,28.6,53.2,42,47,2026-02-19 22:40:05+00:00,synthetic,synth_03795,,0.0,28.6139,77.209
98,29.0,55.3,48,49,2026-02-19 23:40:05+00:00,synthetic,synth_03796,,0.0,28.6139,77.209
103,29.0,49.9,5,5,2026-02-20 00:40:05+00:00,synthetic,synth_03797,,0.0,28.6139,77.209
100,31.1,48.0,34,41,2026-02-20 01:40:05+00:00,synthetic,synth_03798,,0.0,28.6139,77.209
101,32.2,45.1,76,77,2026-02-20 02:40:05+00:00,synthetic,synth_03799,,0.0,28.6139,77.209
99,30.2,48.4,44,46,2026-02-20 03:40:05+00:00,synthetic,synth_03800,,0.0,28.6139,77.209
98,33.1,45.0,74,76,2026-02-20 04:40:05+00:00,synthetic,synth_03801,,0.0,28.6139,77.209
95,31.8,43.8,5,5,2026-02-20 05:40:05+00:00,synthetic,synth_03802,,0.0,28.6139,77.209
106,35.2,40.0,20,23,2026-02-20 06:40:05+00:00,synthetic,synth_03803,,0.0,28.6139,77.209
99,35.0,38.5,37,43,2026-02-20 07:40:05+00:00,synthetic,synth_03804,,0.0,28.6139,77.209
92,34.4,41.3,20,20,2026-02-20 08:40:05+00:00,synthetic,synth_03805,,0.0,28.6139,77.209
101,38.9,32.7,58,64,2026-02-20 09:40:05+00:00,synthetic,synth_03806,,0.0,28.6139,77.209
108,37.6,35.5,50,53,2026-02-20 10:40:05+00:00,synthetic,synth_03807,,0.0,28.6139,77.209
103,36.7,39.4,51,53,2026-02-20 11:40:05+00:00,synthetic,synth_03808,,0.0,28.6139,77.209
102,34.3,40.9,5,5,2026-02-20 12:40:05+00:00,synthetic,synth_03809,,0.0,28.6139,77.209
101,34.9,41.2,25,25,2026-02-20 13:40:05+00:00,synthetic,synth_03810,,0.0,28.6139,77.209
102,32.7,44.9,42,45,2026-02-20 14:40:05+00:00,synthetic,synth_03811,,0.0,28.6139,77.209
102,33.2,46.4,40,40,2026-02-20 15:40:05+00:00,synthetic,synth_03812,,0.0,28.6139,77.209
98,32.6,45.6,34,34,2026-02-20 16:40:05+00:00,synthetic,synth_03813,,0.0,28.6139,77.209
99,30.1,48.8,28,31,2026-02-20 17:40:05+00:00,synthetic,synth_03814,,0.0,28.6139,77.209
107,30.1,51.0,80,88,2026-02-20 18:40:05+00:00,synthetic,synth_03815,,0.0,28.6139,77.209
111,27.5,56.5,23,25,2026-02-20 19:40:05+00:00,synthetic,synth_03816,,0.0,28.6139,77.209
106,26.6,57.3,11,11,2026-02-20 20:40:05+00:00,synthetic,synth_03817,,0.0,28.6139,77.209
114,27.1,56.8,59,59,2026-02-20 21:40:05+00:00,synthetic,synth_03818,,0.0,28.6139,77.209
112,28.9,53.3,61,63,2026-02-20 22:40:05+00:00,synthetic,synth_03819,,0.0,28.6139,77.209
104,27.6,54.9,20,20,2026-02-20 23:40:05+00:00,synthetic,synth_03820,,0.0,28.6139,77.209
102,28.6,54.3,40,42,2026-02-21 00:40:05+00:00,synthetic,synth_03821,,0.0,28.6139,77.209
101,28.4,52.9,17,17,2026-02-21 01:40:05+00:00,synthetic,synth_03822,,0.0,28.6139,77.209
95,29.9,49.0,5,5,2026-02-21 02:40:05+00:00,synthetic,synth_03823,,0.0,28.6139,77.209
95,32.0,47.1,48,54,2026-02-21 03:40:05+00:00,synthetic,synth_03824,,0.0,28.6139,77.209
92,32.8,40.6,12,15,2026-02-21 04:40:05+00:00,synthetic,synth_03825,,0.0,28.6139,77.209
90,32.9,40.6,22,22,2026-02-21 05:40:05+00:00,synthetic,synth_03826,,0.0,28.6139,77.209
90,34.4,42.6,25,25,2026-02-21 06:40:05+00:00,synthetic,synth_03827,,0.0,28.6139,77.209
95,35.6,41.4,42,47,2026-02-21 07:40:05+00:00,synthetic,synth_03828,,0.0,28.6139,77.209
103,35.3,39.8,53,53,2026-02-21 08:40:05+00:00,synthetic,synth_03829,,0.0,28.6139,77.209
101,35.0,41.6,30,30,2026-02-21 09:40:05+00:00,synthetic,synth_03830,,0.0,28.6139,77.209
101,35.0,38.9,34,38,2026-02-21 10:40:05+00:00,synthetic,synth_03831,,0.0,28.6139,77.209
94,37.1,34.5,46,50,2026-02-21 11:40:05+00:00,synthetic,synth_03832,,0.0,28.6139,77.209
90,37.4,37.2,54,60,2026-02-21 12:40:05+00:00,synthetic,synth_03833,,0.0,28.6139,77.209
91,33.1,42.1,5,5,2026-02-21 13:40:05+00:00,synthetic,synth_03834,,0.0,28.6139,77.209
88,33.5,45.8,9,9,2026-02-21 14:40:05+00:00,synthetic,synth_03835,,0.0,28.6139,77.209
88,33.2,42.0,28,28,2026-02-21 15:40:05+00:00,synthetic,synth_03836,,0.0,28.6139,77.209
94,30.9,46.3,32,35,2026-02-21 16:40:05+00:00,synthetic,synth_03837,,0.0,28.6139,77.209
91,32.0,46.1,29,32,2026-02-21 17:40:05+00:00,synthetic,synth_03838,,0.0,28.6139,77.209
88,31.3,48.7,60,62,2026-02-21 18:40:05+00:00,synthetic,synth_03839,,0.0,28.6139,77.209
90,29.7,49.6,44,48,2026-02-21 19:40:05+00:00,synthetic,synth_03840,,0.0,28.6139,77.209
90,27.8,52.5,16,16,2026-02-21 20:40:05+00:00,synthetic,synth_03841,,0.0,28.6139,77.209
93,27.4,55.3,36,36,2026-02-21 21:40:05+00:00,synthetic,synth_03842,,0.0,28.6139,77.209
91,27.6,53.6,9,9,2026-02-21 22:40:05+00:00,synthetic,synth_03843,,0.0,28.6139,77.209
97,28.6,52.9,38,39,2026-02-21 23:40:05+00:00,synthetic,synth_03844,,0.0,28.6139,77.209
96,27.9,54.9,23,25,2026-02-22 00:40:05+00:00,synthetic,synth_03845,,0.0,28.6139,77.209
88,28.6,53.1,31,36,2026-02-22 01:40:05+00:00,synthetic,synth_03846,,0.0,28.6139,77.209
81,31.1,48.0,51,52,2026-02-22 02:40:05+00:00,synthetic,synth_03847,,0.0,28.6139,77.209
85,30.6,50.2,17,17,2026-02-22 03:40:05+00:00,synthetic,synth_03848,,0.0,28.6139,77.209
74,32.5,44.8,24,24,2026-02-22 04:40:05+00:00,synthetic,synth_03849,,0.0,28.6139,77.209
82,34.1,44.3,5,5,2026-02-22 05:40:05+00:00,synthetic,synth_03850,,0.0,28.6139,77.209
87,33.5,44.5,10,15,2026-02-22 06:40:05+00:00,synthetic,synth_03851,,0.0,28.6139,77.209
92,35.0,39.9,20,20,2026-02-22 07:40:05+00:00,synthetic,synth_03852,,0.0,28.6139,77.209
92,34.6,39.9,37,37,2026-02-22 08:40:05+00:00,synthetic,synth_03853,,0.0,28.6139,77.209
98,35.5,36.0,5,5,2026-02-22 09:40:05+00:00,synthetic,synth_03854,,0.0,28.6139,77.209
105,34.2,43.4,37,38,2026-02-22 10:40:05+00:00,synthetic,synth_03855,,0.0,28.6139,77.209
101,34.5,39.3,5,5,2026-02-22 11:40:05+00:00,synthetic,synth_03856,,0.0,28.6139,77.209
89,35.9,36.7,56,62,2026-02-22 12:40:05+00:00,synthetic,synth_03857,,0.0,28.6139,77.209
82,33.6,42.5,50,57,2026-02-22 13:40:05+00:00,synthetic,synth_03858,,0.0,28.6139,77.209
80,33.1,44.7,8,8,2026-02-22 14:40:05+00:00,synthetic,synth_03859,,0.0,28.6139,77.209
83,33.4,45.5,21,24,2026-02-22 15:40:05+00:00,synthetic,synth_03860,,0.0,28.6139,77.209
88,31.2,47.6,13,15,2026-02-22 16:40:05+00:00,synthetic,synth_03861,,0.0,28.6139,77.209
92,29.4,49.7,5,5,2026-02-22 17:40:05+00:00,synthetic,synth_03862,,0.0,28.6139,77.209
94,29.2,52.4,34,34,2026-02-22 18:40:05+00:00,synthetic,synth_03863,,0.0,28.6139,77.209
98,29.1,53.3,9,17,2026-02-22 19:40:05+00:00,synthetic,synth_03864,,0.0,28.6139,77.209
102,28.4,53.4,13,13,2026-02-22 20:40:05+00:00,synthetic,synth_03865,,0.0,28.6139,77.209
103,27.6,53.3,21,22,2026-02-22 21:40:05+00:00,synthetic,synth_03866,,0.0,28.6139,77.209
101,26.8,54.0,5,5,2026-02-22 22:40:05+00:00,synthetic,synth_03867,,0.0,28.6139,77.209
96,27.6,53.9,10,14,2026-02-22 23:40:05+00:00,synthetic,synth_03868,,0.0,28.6139,77.209
100,29.2,52.3,25,25,2026-02-23 00:40:05+00:00,synthetic,synth_03869,,0.0,28.6139,77.209
103,29.6,50.3,34,37,2026-02-23 01:40:05+00:00,synthetic,synth_03870,,0.0,28.6139,77.209
94,30.0,47.2,58,58,2026-02-23 02:40:05+00:00,synthetic,synth_03871,,0.0,28.6139,77.209
91,33.7,41.4,50,50,2026-02-23 03:40:05+00:00,synthetic,synth_03872,,0.0,28.6139,77.209
97,32.4,48.8,61,65,2026-02-23 04:40:05+00:00,synthetic,synth_03873,,0.0,28.6139,77.209
93,33.5,42.9,32,32,2026-02-23 05:40:05+00:00,synthetic,synth_03874,,0.0,28.6139,77.209
92,35.8,39.2,43,47,2026-02-23 06:40:05+00:00,synthetic,synth_03875,,0.0,28.6139,77.209
101,34.1,40.4,26,28,2026-02-23 07:40:05+00:00,synthetic,synth_03876,,0.0,28.6139,77.209
107,34.7,44.3,45,49,2026-02-23 08:40:05+00:00,synthetic,synth_03877,,0.0,28.6139,77.209
101,36.0,36.6,46,46,2026-02-23 09:40:05+00:00,synthetic,synth_03878,,0.0,28.6139,77.209
96,35.6,39.9,42,43,2026-02-23 10:40:05+00:00,synthetic,synth_03879,,0.0,28.6139,77.209
87,36.4,37.4,33,35,2026-02-23 11:40:05+00:00,synthetic,synth_03880,,0.0,28.6139,77.209
81,35.3,41.8,39,42,2026-02-23 12:40:05+00:00,synthetic,synth_03881,,0.0,28.6139,77.209
86,34.4,39.5,44,47,2026-02-23 13:40:05+00:00,synthetic,synth_03882,,0.0,28.6139,77.209
83,34.7,39.5,62,64,2026-02-23 14:40:05+00:00,synthetic,synth_03883,,0.0,28.6139,77.209
84,32.7,48.9,45,45,2026-02-23 15:40:05+00:00,synthetic,synth_03884,,0.0,28.6139,77.209
88,30.8,46.9,47,47,2026-02-23 16:40:05+00:00,synthetic,synth_03885,,0.0,28.6139,77.209
95,30.5,46.9,34,34,2026-02-23 17:40:05+00:00,synthetic,synth_03886,,0.0,28.6139,77.209
102,28.8,54.7,46,46,2026-02-23 18:40:05+00:00,synthetic,synth_03887,,0.0,28.6139,77.209
112,30.9,48.9,61,66,2026-02-23 19:40:05+00:00,synthetic,synth_03888,,0.0,28.6139,77.209
110,27.1,56.1,18,18,2026-02-23 20:40:05+00:00,synthetic,synth_03889,,0.0,28.6139,77.209
109,28.7,52.4,33,36,2026-02-23 21:40:05+00:00,synthetic,synth_03890,,0.0,28.6139,77.209
104,27.2,55.3,32,32,2026-02-23 22:40:05+00:00,synthetic,synth_03891,,0.0,28.6139,77.209
108,30.0,56.5,57,62,2026-02-23 23:40:05+00:00,synthetic,synth_03892,,0.0,28.6139,77.209
99,28.6,49.6,15,15,2026-02-24 00:40:05+00:00,synthetic,synth_03893,,0.0,28.6139,77.209
103,29.6,49.8,21,25,2026-02-24 01:40:05+00:00,synthetic,synth_03894,,0.0,28.6139,77.209
106,31.0,47.7,32,35,2026-02-24 02:40:05+00:00,synthetic,synth_03895,,0.0,28.6139,77.209
105,32.6,46.1,59,60,2026-02-24 03:40:05+00:00,synthetic,synth_03896,,0.0,28.6139,77.209
106,32.9,43.5,5,5,2026-02-24 04:40:05+00:00,synthetic,synth_03897,,0.0,28.6139,77.209
107,35.0,38.6,35,37,2026-02-24 05:40:05+00:00,synthetic,synth_03898,,0.0,28.6139,77.209
103,34.8,41.8,43,43,2026-02-24 06:40:05+00:00,synthetic,synth_03899,,0.0,28.6139,77.209
106,35.3,40.3,19,19,2026-02-24 07:40:05+00:00,synthetic,synth_03900,,0.0,28.6139,77.209
111,35.5,40.5,42,42,2026-02-24 08:40:05+00:00,synthetic,synth_03901,,0.0,28.6139,77.209
107,35.4,36.5,14,18,2026-02-24 09:40:05+00:00,synthetic,synth_03902,,0.0,28.6139,77.209
105,37.3,38.4,22,23,2026-02-24 10:40:05+00:00,synthetic,synth_03903,,0.0,28.6139,77.209
103,37.2,36.6,41,45,2026-02-24 11:40:05+00:00,synthetic,synth_03904,,0.0,28.6139,77.209
104,35.9,36.6,53,58,2026-02-24 12:40:05+00:00,synthetic,synth_03905,,0.0,28.6139,77.209
101,36.2,36.8,57,59,2026-02-24 13:40:05+00:00,synthetic,synth_03906,,0.0,28.6139,77.209
103,35.1,40.8,32,35,2026-02-24 14:40:05+00:00,synthetic,synth_03907,,0.0,28.6139,77.209
102,33.2,49.1,56,58,2026-02-24 15:40:05+00:00,synthetic,synth_03908,,0.0,28.6139,77.209
100,31.5,48.1,37,37,2026-02-24 16:40:05+00:00,synthetic,synth_03909,,0.0,28.6139,77.209
98,31.0,50.6,26,26,2026-02-24 17:40:05+00:00,synthetic,synth_03910,,0.0,28.6139,77.209
101,31.2,50.4,80,88,2026-02-24 18:40:05+00:00,synthetic,synth_03911,,0.0,28.6139,77.209
99,28.0,55.1,27,30,2026-02-24 19:40:05+00:00,synthetic,synth_03912,,0.0,28.6139,77.209
99,28.7,54.9,66,72,2026-02-24 20:40:05+00:00,synthetic,synth_03913,,0.0,28.6139,77.209
101,29.8,52.4,47,51,2026-02-24 21:40:05+00:00,synthetic,synth_03914,,0.0,28.6139,77.209
101,27.3,54.7,5,5,2026-02-24 22:40:05+00:00,synthetic,synth_03915,,0.0,28.6139,77.209
95,28.7,53.3,36,36,2026-02-24 23:40:05+00:00,synthetic,synth_03916,,0.0,28.6139,77.209
95,29.6,51.8,25,31,2026-02-25 00:40:05+00:00,synthetic,synth_03917,,0.0,28.6139,77.209
94,29.7,54.0,43,45,2026-02-25 01:40:05+00:00,synthetic,synth_03918,,0.0,28.6139,77.209
94,31.7,48.8,36,42,2026-02-25 02:40:05+00:00,synthetic,synth_03919,,0.0,28.6139,77.209
98,30.2,48.9,28,30,2026-02-25 03:40:05+00:00,synthetic,synth_03920,,0.0,28.6139,77.209
103,31.7,44.2,9,9,2026-02-25 04:40:05+00:00,synthetic,synth_03921,,0.0,28.6139,77.209
103,33.2,43.0,42,45,2026-02-25 05:40:05+00:00,synthetic,synth_03922,,0.0,28.6139,77.209
101,35.6,40.0,64,64,2026-02-25 06:40:05+00:00,synthetic,synth_03923,,0.0,28.6139,77.209
98,34.3,39.6,24,26,2026-02-25 07:40:05+00:00,synthetic,synth_03924,,0.0,28.6139,77.209
101,35.1,41.2,71,73,2026-02-25 08:40:05+00:00,synthetic,synth_03925,,0.0,28.6139,77.209
101,35.7,38.3,29,29,2026-02-25 09:40:05+00:00,synthetic,synth_03926,,0.0,28.6139,77.209
101,35.5,39.0,25,25,2026-02-25 10:40:05+00:00,synthetic,synth_03927,,0.0,28.6139,77.209
96,35.6,39.4,59,60,2026-02-25 11:40:05+00:00,synthetic,synth_03928,,0.0,28.6139,77.209
94,34.5,40.7,27,30,2026-02-25 12:40:05+00:00,synthetic,synth_03929,,0.0,28.6139,77.209
102,34.1,41.7,22,24,2026-02-25 13:40:05+00:00,synthetic,synth_03930,,0.0,28.6139,77.209
100,32.9,43.2,34,34,2026-02-25 14:40:05+00:00,synthetic,synth_03931,,0.0,28.6139,77.209
97,32.9,46.9,62,64,2026-02-25 15:40:05+00:00,synthetic,synth_03932,,0.0,28.6139,77.209
99,30.4,47.7,33,35,2026-02-25 16:40:05+00:00,synthetic,synth_03933,,0.0,28.6139,77.209
108,30.1,52.2,54,60,2026-02-25 17:40:05+00:00,synthetic,synth_03934,,0.0,28.6139,77.209
107,28.2,52.0,13,13,2026-02-25 18:40:05+00:00,synthetic,synth_03935,,0.0,28.6139,77.209
111,28.3,56.8,70,74,2026-02-25 19:40:05+00:00,synthetic,synth_03936,,0.0,28.6139,77.209
103,26.7,57.6,47,49,2026-02-25 20:40:05+00:00,synthetic,synth_03937,,0.0,28.6139,77.209
100,28.5,53.4,49,50,2026-02-25 21:40:05+00:00,synthetic,synth_03938,,0.0,28.6139,77.209
102,28.1,55.1,31,31,2026-02-25 22:40:05+00:00,synthetic,synth_03939,,0.0,28.6139,77.209
103,29.1,53.5,58,63,2026-02-25 23:40:05+00:00,synthetic,synth_03940,,0.0,28.6139,77.209
100,29.6,50.2,31,35,2026-02-26 00:40:05+00:00,synthetic,synth_03941,,0.0,28.6139,77.209
101,29.1,51.2,9,9,2026-02-26 01:40:05+00:00,synthetic,synth_03942,,0.0,28.6139,77.209
103,30.2,49.3,33,33,2026-02-26 02:40:05+00:00,synthetic,synth_03943,,0.0,28.6139,77.209
96,31.2,45.9,7,7,2026-02-26 03:40:05+00:00,synthetic,synth_03944,,0.0,28.6139,77.209
94,32.4,46.1,8,8,2026-02-26 04:40:05+00:00,synthetic,synth_03945,,0.0,28.6139,77.209
92,32.3,45.3,44,45,2026-02-26 05:40:05+00:00,synthetic,synth_03946,,0.0,28.6139,77.209
90,33.7,46.3,27,28,2026-02-26 06:40:05+00:00,synthetic,synth_03947,,0.0,28.6139,77.209
94,34.8,43.2,60,61,2026-02-26 07:40:05+00:00,synthetic,synth_03948,,0.0,28.6139,77.209
105,34.4,42.9,27,29,2026-02-26 08:40:05+00:00,synthetic,synth_03949,,0.0,28.6139,77.209
114,35.5,41.8,28,28,2026-02-26 09:40:05+00:00,synthetic,synth_03950,,0.0,28.6139,77.209
107,35.0,40.4,27,29,2026-02-26 10:40:05+00:00,synthetic,synth_03951,,0.0,28.6139,77.209
100,33.8,42.8,39,39,2026-02-26 11:40:05+00:00,synthetic,synth_03952,,0.0,28.6139,77.209
99,35.4,39.7,25,25,2026-02-26 12:40:05+00:00,synthetic,synth_03953,,0.0,28.6139,77.209
102,33.8,43.1,40,42,2026-02-26 13:40:05+00:00,synthetic,synth_03954,,0.0,28.6139,77.209
98,33.1,43.8,26,26,2026-02-26 14:40:05+00:00,synthetic,synth_03955,,0.0,28.6139,77.209
90,30.7,49.2,15,15,2026-02-26 15:40:05+00:00,synthetic,synth_03956,,0.0,28.6139,77.209
92,31.0,49.1,64,71,2026-02-26 16:40:05+00:00,synthetic,synth_03957,,0.0,28.6139,77.209
99,31.5,46.2,58,63,2026-02-26 17:40:05+00:00,synthetic,synth_03958,,0.0,28.6139,77.209
99,28.4,54.5,22,22,2026-02-26 18:40:05+00:00,synthetic,synth_03959,,0.0,28.6139,77.209
97,28.1,54.5,26,28,2026-02-26 19:40:05+00:00,synthetic,synth_03960,,0.0,28.6139,77.209
98,26.5,54.6,9,10,2026-02-26 20:40:05+00:00,synthetic,synth_03961,,0.0,28.6139,77.209
100,27.4,57.4,38,41,2026-02-26 21:40:05+00:00,synthetic,synth_03962,,0.0,28.6139,77.209
100,28.0,55.3,42,46,2026-02-26 22:40:05+00:00,synthetic,synth_03963,,0.0,28.6139,77.209
97,26.7,57.8,5,5,2026-02-26 23:40:05+00:00,synthetic,synth_03964,,0.0,28.6139,77.209
93,28.0,52.8,32,34,2026-02-27 00:40:05+00:00,synthetic,synth_03965,,0.0,28.6139,77.209
96,28.5,53.4,43,43,2026-02-27 01:40:05+00:00,synthetic,synth_03966,,0.0,28.6139,77.209
96,30.9,48.7,26,29,2026-02-27 02:40:05+00:00,synthetic,synth_03967,,0.0,28.6139,77.209
87,30.0,48.5,32,32,2026-02-27 03:40:05+00:00,synthetic,synth_03968,,0.0,28.6139,77.209
84,32.5,49.3,73,75,2026-02-27 04:40:05+00:00,synthetic,synth_03969,,0.0,28.6139,77.209
91,33.2,43.7,62,65,2026-02-27 05:40:05+00:00,synthetic,synth_03970,,0.0,28.6139,77.209
99,36.3,38.8,46,49,2026-02-27 06:40:05+00:00,synthetic,synth_03971,,0.0,28.6139,77.209
102,35.8,40.7,56,59,2026-02-27 07:40:05+00:00,synthetic,synth_03972,,0.0,28.6139,77.209
107,34.7,41.7,24,24,2026-02-27 08:40:05+00:00,synthetic,synth_03973,,0.0,28.6139,77.209
106,35.2,38.6,40,46,2026-02-27 09:40:05+00:00,synthetic,synth_03974,,0.0,28.6139,77.209
97,36.2,39.4,32,37,2026-02-27 10:40:05+00:00,synthetic,synth_03975,,0.0,28.6139,77.209
97,35.6,40.0,53,58,2026-02-27 11:40:05+00:00,synthetic,synth_03976,,0.0,28.6139,77.209
95,34.9,41.8,41,41,2026-02-27 12:40:05+00:00,synthetic,synth_03977,,0.0,28.6139,77.209
90,34.8,44.2,31,35,2026-02-27 13:40:05+00:00,synthetic,synth_03978,,0.0,28.6139,77.209
84,34.7,42.1,67,68,2026-02-27 14:40:05+00:00,synthetic,synth_03979,,0.0,28.6139,77.209
85,32.3,45.1,63,63,2026-02-27 15:40:05+00:00,synthetic,synth_03980,,0.0,28.6139,77.209
90,31.2,46.2,54,57,2026-02-27 16:40:05+00:00,synthetic,synth_03981,,0.0,28.6139,77.209
99,29.8,50.3,26,26,2026-02-27 17:40:05+00:00,synthetic,synth_03982,,0.0,28.6139,77.209
100,28.0,54.4,5,5,2026-02-27 18:40:05+00:00,synthetic,synth_03983,,0.0,28.6139,77.209
108,27.5,52.4,43,44,2026-02-27 19:40:05+00:00,synthetic,synth_03984,,0.0,28.6139,77.209
102,26.8,56.1,5,5,2026-02-27 20:40:05+00:00,synthetic,synth_03985,,0.0,28.6139,77.209
100,27.3,55.2,65,69,2026-02-27 21:40:05+00:00,synthetic,synth_03986,,0.0,28.6139,77.209
101,27.7,53.7,19,19,2026-02-27 22:40:05+00:00,synthetic,synth_03987,,0.0,28.6139,77.209
104,28.5,53.6,37,38,2026-02-27 23:40:05+00:00,synthetic,synth_03988,,0.0,28.6139,77.209
97,27.3,53.2,16,16,2026-02-28 00:40:05+00:00,synthetic,synth_03989,,0.0,28.6139,77.209
88,30.3,49.7,62,62,2026-02-28 01:40:05+00:00,synthetic,synth_03990,,0.0,28.6139,77.209
91,31.2,48.3,20,22,2026-02-28 02:40:05+00:00,synthetic,synth_03991,,0.0,28.6139,77.209
91,32.2,45.5,5,5,2026-02-28 03:40:05+00:00,synthetic,synth_03992,,0.0,28.6139,77.209
92,33.3,44.4,49,51,2026-02-28 04:40:05+00:00,synthetic,synth_03993,,0.0,28.6139,77.209
89,33.1,45.3,37,38,2026-02-28 05:40:05+00:00,synthetic,synth_03994,,0.0,28.6139,77.209
93,34.7,41.6,17,21,2026-02-28 06:40:05+00:00,synthetic,synth_03995,,0.0,28.6139,77.209
95,37.2,36.5,58,59,2026-02-28 07:40:05+00:00,synthetic,synth_03996,,0.0,28.6139,77.209
94,34.4,39.6,32,32,2026-02-28 08:40:05+00:00,synthetic,synth_03997,,0.0,28.6139,77.209
99,37.6,36.5,46,48,2026-02-28 09:40:05+00:00,synthetic,synth_03998,,0.0,28.6139,77.209
98,37.0,37.6,57,62,2026-02-28 10:40:05+00:00,synthetic,synth_03999,,0.0,28.6139,77.209
92,36.4,40.5,13,13,2026-02-28 11:40:05+00:00,synthetic,synth_04000,,0.0,28.6139,77.209
93,35.8,40.8,41,44,2026-02-28 12:40:05+00:00,synthetic,synth_04001,,0.0,28.6139,77.209
90,34.1,43.9,12,13,2026-02-28 13:40:05+00:00,synthetic,synth_04002,,0.0,28.6139,77.209
89,33.7,41.7,32,35,2026-02-28 14:40:05+00:00,synthetic,synth_04003,,0.0,28.6139,77.209
85,33.2,43.8,68,73,2026-02-28 15:40:05+00:00,synthetic,synth_04004,,0.0,28.6139,77.209
80,31.2,44.0,19,21,2026-02-28 16:40:05+00:00,synthetic,synth_04005,,0.0,28.6139,77.209
80,30.4,47.8,38,42,2026-02-28 17:40:05+00:00,synthetic,synth_04006,,0.0,28.6139,77.209
85,29.9,50.3,16,19,2026-02-28 18:40:05+00:00,synthetic,synth_04007,,0.0,28.6139,77.209
86,29.7,50.8,23,25,2026-02-28 19:40:05+00:00,synthetic,synth_04008,,0.0,28.6139,77.209
91,27.7,54.6,15,16,2026-02-28 20:40:05+00:00,synthetic,synth_04009,,0.0,28.6139,77.209
102,28.2,55.4,15,15,2026-02-28 21:40:05+00:00,synthetic,synth_04010,,0.0,28.6139,77.209
105,26.4,58.3,5,5,2026-02-28 22:40:05+00:00,synthetic,synth_04011,,0.0,28.6139,77.209
94,27.3,55.7,10,10,2026-02-28 23:40:05+00:00,synthetic,synth_04012,,0.0,28.6139,77.209
98,29.2,49.9,53,58,2026-03-01 00:40:05+00:00,synthetic,synth_04013,,0.0,28.6139,77.209
97,29.6,49.9,38,45,2026-03-01 01:40:05+00:00,synthetic,synth_04014,,0.0,28.6139,77.209
85,29.7,48.3,23,25,2026-03-01 02:40:05+00:00,synthetic,synth_04015,,0.0,28.6139,77.209
87,32.2,43.8,58,58,2026-03-01 03:40:05+00:00,synthetic,synth_04016,,0.0,28.6139,77.209
82,33.0,45.7,38,42,2026-03-01 04:40:05+00:00,synthetic,synth_04017,,0.0,28.6139,77.209
82,34.4,41.9,51,54,2026-03-01 05:40:05+00:00,synthetic,synth_04018,,0.0,28.6139,77.209
92,34.6,40.9,41,44,2026-03-01 06:40:05+00:00,synthetic,synth_04019,,0.0,28.6139,77.209
93,33.9,41.5,17,17,2026-03-01 07:40:05+00:00,synthetic,synth_04020,,0.0,28.6139,77.209
94,36.2,38.3,5,5,2026-03-01 08:40:05+00:00,synthetic,synth_04021,,0.0,28.6139,77.209
96,37.2,36.6,38,42,2026-03-01 09:40:05+00:00,synthetic,synth_04022,,0.0,28.6139,77.209
97,35.8,40.1,35,39,2026-03-01 10:40:05+00:00,synthetic,synth_04023,,0.0,28.6139,77.209
96,35.4,38.8,49,49,2026-03-01 11:40:05+00:00,synthetic,synth_04024,,0.0,28.6139,77.209
91,36.7,38.6,57,59,2026-03-01 12:40:05+00:00,synthetic,synth_04025,,0.0,28.6139,77.209
92,33.7,45.0,31,31,2026-03-01 13:40:05+00:00,synthetic,synth_04026,,0.0,28.6139,77.209
91,32.9,44.7,49,53,2026-03-01 14:40:05+00:00,synthetic,synth_04027,,0.0,28.6139,77.209
92,30.7,50.2,15,16,2026-03-01 15:40:05+00:00,synthetic,synth_04028,,0.0,28.6139,77.209
92,32.7,50.6,26,30,2026-03-01 16:40:05+00:00,synthetic,synth_04029,,0.0,28.6139,77.209
92,31.5,50.5,53,53,2026-03-01 17:40:05+00:00,synthetic,synth_04030,,0.0,28.6139,77.209
98,29.2,51.2,41,47,2026-03-01 18:40:05+00:00,synthetic,synth_04031,,0.0,28.6139,77.209
94,28.6,51.0,46,46,2026-03-01 19:40:05+00:00,synthetic,synth_04032,,0.0,28.6139,77.209
88,26.9,54.8,9,9,2026-03-01 20:40:05+00:00,synthetic,synth_04033,,0.0,28.6139,77.209
86,28.6,53.9,36,37,2026-03-01 21:40:05+00:00,synthetic,synth_04034,,0.0,28.6139,77.209
84,28.2,50.6,14,14,2026-03-01 22:40:05+00:00,synthetic,synth_04035,,0.0,28.6139,77.209
89,27.7,54.9,5,5,2026-03-01 23:40:05+00:00,synthetic,synth_04036,,0.0,28.6139,77.209
91,29.2,53.2,36,36,2026-03-02 00:40:05+00:00,synthetic,synth_04037,,0.0,28.6139,77.209
93,28.3,54.5,9,9,2026-03-02 01:40:05+00:00,synthetic,synth_04038,,0.0,28.6139,77.209
91,31.0,46.7,35,42,2026-03-02 02:40:05+00:00,synthetic,synth_04039,,0.0,28.6139,77.209
87,33.1,45.0,38,38,2026-03-02 03:40:05+00:00,synthetic,synth_04040,,0.0,28.6139,77.209
84,34.0,42.1,34,38,2026-03-02 04:40:05+00:00,synthetic,synth_04041,,0.0,28.6139,77.209
86,33.8,42.3,35,42,2026-03-02 05:40:05+00:00,synthetic,synth_04042,,0.0,28.6139,77.209
94,34.2,44.4,56,56,2026-03-02 06:40:05+00:00,synthetic,synth_04043,,0.0,28.6139,77.209
101,33.6,42.8,27,28,2026-03-02 07:40:05+00:00,synthetic,synth_04044,,0.0,28.6139,77.209
104,37.6,33.3,35,36,2026-03-02 08:40:05+00:00,synthetic,synth_04045,,0.0,28.6139,77.209
103,34.7,39.8,35,35,2026-03-02 09:40:05+00:00,synthetic,synth_04046,,0.0,28.6139,77.209
105,34.2,39.4,29,29,2026-03-02 10:40:05+00:00,synthetic,synth_04047,,0.0,28.6139,77.209
104,34.9,41.2,24,24,2026-03-02 11:40:05+00:00,synthetic,synth_04048,,0.0,28.6139,77.209
95,35.7,38.9,47,48,2026-03-02 12:40:05+00:00,synthetic,synth_04049,,0.0,28.6139,77.209
90,34.7,41.7,34,34,2026-03-02 13:40:05+00:00,synthetic,synth_04050,,0.0,28.6139,77.209
97,33.0,41.9,27,29,2026-03-02 14:40:05+00:00,synthetic,synth_04051,,0.0,28.6139,77.209
100,33.4,45.0,62,64,2026-03-02 15:40:05+00:00,synthetic,synth_04052,,0.0,28.6139,77.209
105,30.7,50.6,57,57,2026-03-02 16:40:05+00:00,synthetic,synth_04053,,0.0,28.6139,77.209
107,27.7,53.8,18,18,2026-03-02 17:40:05+00:00,synthetic,synth_04054,,0.0,28.6139,77.209
119,29.6,52.1,46,51,2026-03-02 18:40:05+00:00,synthetic,synth_04055,,0.0,28.6139,77.209
118,28.3,51.3,45,48,2026-03-02 19:40:05+00:00,synthetic,synth_04056,,0.0,28.6139,77.209
112,28.1,55.1,39,42,2026-03-02 20:40:05+00:00,synthetic,synth_04057,,0.0,28.6139,77.209
107,27.1,57.9,5,5,2026-03-02 21:40:05+00:00,synthetic,synth_04058,,0.0,28.6139,77.209
108,28.6,53.4,76,84,2026-03-02 22:40:05+00:00,synthetic,synth_04059,,0.0,28.6139,77.209
102,26.6,58.3,33,36,2026-03-02 23:40:05+00:00,synthetic,synth_04060,,0.0,28.6139,77.209
94,27.7,55.2,45,48,2026-03-03 00:40:05+00:00,synthetic,synth_04061,,0.0,28.6139,77.209
97,28.0,55.1,33,33,2026-03-03 01:40:05+00:00,synthetic,synth_04062,,0.0,28.6139,77.209
90,32.3,48.1,57,57,2026-03-03 02:40:05+00:00,synthetic,synth_04063,,0.0,28.6139,77.209
95,31.4,49.7,44,45,2026-03-03 03:40:05+00:00,synthetic,synth_04064,,0.0,28.6139,77.209
96,33.2,42.6,37,37,2026-03-03 04:40:05+00:00,synthetic,synth_04065,,0.0,28.6139,77.209
102,33.3,44.2,41,47,2026-03-03 05:40:05+00:00,synthetic,synth_04066,,0.0,28.6139,77.209
109,36.1,39.0,55,61,2026-03-03 06:40:05+00:00,synthetic,synth_04067,,0.0,28.6139,77.209
109,36.0,39.7,35,35,2026-03-03 07:40:05+00:00,synthetic,synth_04068,,0.0,28.6139,77.209
110,33.9,39.8,5,5,2026-03-03 08:40:05+00:00,synthetic,synth_04069,,0.0,28.6139,77.209
114,36.7,38.6,37,39,2026-03-03 09:40:05+00:00,synthetic,synth_04070,,0.0,28.6139,77.209
104,34.3,41.5,48,48,2026-03-03 10:40:05+00:00,synthetic,synth_04071,,0.0,28.6139,77.209
105,36.1,39.8,44,47,2026-03-03 11:40:05+00:00,synthetic,synth_04072,,0.0,28.6139,77.209
101,34.4,39.4,34,34,2026-03-03 12:40:05+00:00,synthetic,synth_04073,,0.0,28.6139,77.209
95,33.6,43.2,55,60,2026-03-03 13:40:05+00:00,synthetic,synth_04074,,0.0,28.6139,77.209
99,33.7,41.0,22,23,2026-03-03 14:40:05+00:00,synthetic,synth_04075,,0.0,28.6139,77.209
96,31.7,45.1,31,31,2026-03-03 15:40:05+00:00,synthetic,synth_04076,,0.0,28.6139,77.209
99,31.3,48.0,36,41,2026-03-03 16:40:05+00:00,synthetic,synth_04077,,0.0,28.6139,77.209
104,29.9,50.4,38,44,2026-03-03 17:40:05+00:00,synthetic,synth_04078,,0.0,28.6139,77.209
100,30.6,47.2,47,47,2026-03-03 18:40:05+00:00,synthetic,synth_04079,,0.0,28.6139,77.209
105,28.4,52.7,33,35,2026-03-03 19:40:05+00:00,synthetic,synth_04080,,0.0,28.6139,77.209
106,28.7,52.7,48,48,2026-03-03 20:40:05+00:00,synthetic,synth_04081,,0.0,28.6139,77.209
98,25.3,59.5,5,5,2026-03-03 21:40:05+00:00,synthetic,synth_04082,,0.0,28.6139,77.209
94,28.4,54.4,50,50,2026-03-03 22:40:05+00:00,synthetic,synth_04083,,0.0,28.6139,77.209
107,28.5,52.3,63,66,2026-03-03 23:40:05+00:00,synthetic,synth_04084,,0.0,28.6139,77.209
108,28.6,50.0,18,18,2026-03-04 00:40:05+00:00,synthetic,synth_04085,,0.0,28.6139,77.209
112,30.1,46.6,5,5,2026-03-04 01:40:05+00:00,synthetic,synth_04086,,0.0,28.6139,77.209
108,28.9,52.1,17,17,2026-03-04 02:40:05+00:00,synthetic,synth_04087,,0.0,28.6139,77.209
104,32.5,47.8,72,72,2026-03-04 03:40:05+00:00,synthetic,synth_04088,,0.0,28.6139,77.209
104,32.2,46.1,14,14,2026-03-04 04:40:05+00:00,synthetic,synth_04089,,0.0,28.6139,77.209
106,32.8,44.7,22,24,2026-03-04 05:40:05+00:00,synthetic,synth_04090,,0.0,28.6139,77.209
105,34.0,42.8,45,45,2026-03-04 06:40:05+00:00,synthetic,synth_04091,,0.0,28.6139,77.209
110,35.8,39.1,37,40,2026-03-04 07:40:05+00:00,synthetic,synth_04092,,0.0,28.6139,77.209
116,36.2,37.6,53,56,2026-03-04 08:40:05+00:00,synthetic,synth_04093,,0.0,28.6139,77.209
115,36.7,36.1,29,31,2026-03-04 09:40:05+00:00,synthetic,synth_04094,,0.0,28.6139,77.209
116,36.5,38.4,73,76,2026-03-04 10:40:05+00:00,synthetic,synth_04095,,0.0,28.6139,77.209
112,36.4,39.0,41,42,2026-03-04 11:40:05+00:00,synthetic,synth_04096,,0.0,28.6139,77.209
113,35.4,38.6,48,51,2026-03-04 12:40:05+00:00,synthetic,synth_04097,,0.0,28.6139,77.209
104,33.9,42.4,22,23,2026-03-04 13:40:05+00:00,synthetic,synth_04098,,0.0,28.6139,77.209
99,34.2,45.8,36,36,2026-03-04 14:40:05+00:00,synthetic,synth_04099,,0.0,28.6139,77.209
97,33.0,46.6,44,45,2026-03-04 15:40:05+00:00,synthetic,synth_04100,,0.0,28.6139,77.209
105,30.4,52.1,29,29,2026-03-04 16:40:05+00:00,synthetic,synth_04101,,0.0,28.6139,77.209
109,31.0,46.8,56,58,2026-03-04 17:40:05+00:00,synthetic,synth_04102,,0.0,28.6139,77.209
107,29.1,53.4,70,74,2026-03-04 18:40:05+00:00,synthetic,synth_04103,,0.0,28.6139,77.209
113,29.3,52.9,53,54,2026-03-04 19:40:05+00:00,synthetic,synth_04104,,0.0,28.6139,77.209
105,29.6,52.4,52,52,2026-03-04 20:40:05+00:00,synthetic,synth_04105,,0.0,28.6139,77.209
105,26.0,57.3,6,7,2026-03-04 21:40:05+00:00,synthetic,synth_04106,,0.0,28.6139,77.209
103,26.3,55.8,20,20,2026-03-04 22:40:05+00:00,synthetic,synth_04107,,0.0,28.6139,77.209
101,27.6,54.9,9,10,2026-03-04 23:40:05+00:00,synthetic,synth_04108,,0.0,28.6139,77.209
94,28.2,54.4,15,19,2026-03-05 00:40:05+00:00,synthetic,synth_04109,,0.0,28.6139,77.209
93,28.7,50.7,31,31,2026-03-05 01:40:05+00:00,synthetic,synth_04110,,0.0,28.6139,77.209
99,30.3,47.3,5,5,2026-03-05 02:40:05+00:00,synthetic,synth_04111,,0.0,28.6139,77.209
95,30.6,51.8,19,19,2026-03-05 03:40:05+00:00,synthetic,synth_04112,,0.0,28.6139,77.209
95,32.2,45.7,39,39,2026-03-05 04:40:05+00:00,synthetic,synth_04113,,0.0,28.6139,77.209
101,34.7,42.0,43,47,2026-03-05 05:40:05+00:00,synthetic,synth_04114,,0.0,28.6139,77.209
100,32.8,45.3,22,24,2026-03-05 06:40:05+00:00,synthetic,synth_04115,,0.0,28.6139,77.209
106,36.0,37.0,31,31,2026-03-05 07:40:05+00:00,synthetic,synth_04116,,0.0,28.6139,77.209
113,36.5,37.4,49,51,2026-03-05 08:40:05+00:00,synthetic,synth_04117,,0.0,28.6139,77.209
117,34.6,39.1,50,53,2026-03-05 09:40:05+00:00,synthetic,synth_04118,,0.0,28.6139,77.209
108,34.5,37.1,5,10,2026-03-05 10:40:05+00:00,synthetic,synth_04119,,0.0,28.6139,77.209
98,36.6,38.6,29,30,2026-03-05 11:40:05+00:00,synthetic,synth_04120,,0.0,28.6139,77.209
91,35.1,42.1,23,23,2026-03-05 12:40:05+00:00,synthetic,synth_04121,,0.0,28.6139,77.209
87,35.0,41.8,29,30,2026-03-05 13:40:05+00:00,synthetic,synth_04122,,0.0,28.6139,77.209
86,33.6,41.2,49,53,2026-03-05 14:40:05+00:00,synthetic,synth_04123,,0.0,28.6139,77.209
90,31.5,45.3,20,20,2026-03-05 15:40:05+00:00,synthetic,synth_04124,,0.0,28.6139,77.209
98,30.9,48.2,21,25,2026-03-05 16:40:05+00:00,synthetic,synth_04125,,0.0,28.6139,77.209
103,29.5,49.6,39,43,2026-03-05 17:40:05+00:00,synthetic,synth_04126,,0.0,28.6139,77.209
105,30.6,48.6,54,56,2026-03-05 18:40:05+00:00,synthetic,synth_04127,,0.0,28.6139,77.209
105,29.4,51.6,26,26,2026-03-05 19:40:05+00:00,synthetic,synth_04128,,0.0,28.6139,77.209
108,28.1,54.5,16,17,2026-03-05 20:40:05+00:00,synthetic,synth_04129,,0.0,28.6139,77.209
107,27.9,54.6,37,39,2026-03-05 21:40:05+00:00,synthetic,synth_04130,,0.0,28.6139,77.209
101,28.1,54.3,37,40,2026-03-05 22:40:05+00:00,synthetic,synth_04131,,0.0,28.6139,77.209
97,28.0,54.4,30,33,2026-03-05 23:40:05+00:00,synthetic,synth_04132,,0.0,28.6139,77.209
98,29.6,50.5,56,60,2026-03-06 00:40:05+00:00,synthetic,synth_04133,,0.0,28.6139,77.209
91,29.0,53.2,12,12,2026-03-06 01:40:05+00:00,synthetic,synth_04134,,0.0,28.6139,77.209
97,29.3,51.7,32,36,2026-03-06 02:40:05+00:00,synthetic,synth_04135,,0.0,28.6139,77.209
96,29.7,50.0,5,5,2026-03-06 03:40:05+00:00,synthetic,synth_04136,,0.0,28.6139,77.209
97,33.0,46.0,8,8,2026-03-06 04:40:05+00:00,synthetic,synth_04137,,0.0,28.6139,77.209
102,32.4,45.1,31,35,2026-03-06 05:40:05+00:00,synthetic,synth_04138,,0.0,28.6139,77.209
105,34.5,39.1,27,33,2026-03-06 06:40:05+00:00,synthetic,synth_04139,,0.0,28.6139,77.209
107,35.8,41.6,45,47,2026-03-06 07:40:05+00:00,synthetic,synth_04140,,0.0,28.6139,77.209
115,37.2,36.7,56,56,2026-03-06 08:40:05+00:00,synthetic,synth_04141,,0.0,28.6139,77.209
110,36.7,37.4,56,59,2026-03-06 09:40:05+00:00,synthetic,synth_04142,,0.0,28.6139,77.209
112,35.4,40.5,49,52,2026-03-06 10:40:05+00:00,synthetic,synth_04143,,0.0,28.6139,77.209
109,34.6,40.4,14,14,2026-03-06 11:40:05+00:00,synthetic,synth_04144,,0.0,28.6139,77.209
99,33.6,42.6,31,32,2026-03-06 12:40:05+00:00,synthetic,synth_04145,,0.0,28.6139,77.209
94,33.2,44.7,9,15,2026-03-06 13:40:05+00:00,synthetic,synth_04146,,0.0,28.6139,77.209
101,32.4,44.8,11,12,2026-03-06 14:40:05+00:00,synthetic,synth_04147,,0.0,28.6139,77.209
109,31.2,50.2,13,14,2026-03-06 15:40:05+00:00,synthetic,synth_04148,,0.0,28.6139,77.209
111,31.6,49.1,43,44,2026-03-06 16:40:05+00:00,synthetic,synth_04149,,0.0,28.6139,77.209
112,30.5,49.0,5,5,2026-03-06 17:40:05+00:00,synthetic,synth_04150,,0.0,28.6139,77.209
106,29.9,47.0,34,35,2026-03-06 18:40:05+00:00,synthetic,synth_04151,,0.0,28.6139,77.209
106,29.0,51.4,45,45,2026-03-06 19:40:05+00:00,synthetic,synth_04152,,0.0,28.6139,77.209
104,27.9,51.4,44,44,2026-03-06 20:40:05+00:00,synthetic,synth_04153,,0.0,28.6139,77.209
103,28.0,56.5,38,40,2026-03-06 21:40:05+00:00,synthetic,synth_04154,,0.0,28.6139,77.209
102,29.4,52.3,51,57,2026-03-06 22:40:05+00:00,synthetic,synth_04155,,0.0,28.6139,77.209
107,29.0,52.8,35,38,2026-03-06 23:40:05+00:00,synthetic,synth_04156,,0.0,28.6139,77.209
102,29.3,52.7,43,44,2026-03-07 00:40:05+00:00,synthetic,synth_04157,,0.0,28.6139,77.209
105,29.4,51.4,51,51,2026-03-07 01:40:05+00:00,synthetic,synth_04158,,0.0,28.6139,77.209
93,28.4,50.2,5,5,2026-03-07 02:40:05+00:00,synthetic,synth_04159,,0.0,28.6139,77.209
90,30.2,49.4,15,15,2026-03-07 03:40:05+00:00,synthetic,synth_04160,,0.0,28.6139,77.209
98,32.7,46.5,44,44,2026-03-07 04:40:05+00:00,synthetic,synth_04161,,0.0,28.6139,77.209
102,32.8,44.6,9,10,2026-03-07 05:40:05+00:00,synthetic,synth_04162,,0.0,28.6139,77.209
98,35.3,39.9,55,56,2026-03-07 06:40:05+00:00,synthetic,synth_04163,,0.0,28.6139,77.209
104,37.2,37.2,55,64,2026-03-07 07:40:05+00:00,synthetic,synth_04164,,0.0,28.6139,77.209
103,35.1,37.9,23,23,2026-03-07 08:40:05+00:00,synthetic,synth_04165,,0.0,28.6139,77.209
101,36.9,37.3,55,57,2026-03-07 09:40:05+00:00,synthetic,synth_04166,,0.0,28.6139,77.209
97,36.3,37.7,36,36,2026-03-07 10:40:05+00:00,synthetic,synth_04167,,0.0,28.6139,77.209
91,34.7,42.7,20,20,2026-03-07 11:40:05+00:00,synthetic,synth_04168,,0.0,28.6139,77.209
90,34.2,39.1,29,29,2026-03-07 12:40:05+00:00,synthetic,synth_04169,,0.0,28.6139,77.209
87,34.4,40.5,12,12,2026-03-07 13:40:05+00:00,synthetic,synth_04170,,0.0,28.6139,77.209
87,33.3,43.0,23,23,2026-03-07 14:40:05+00:00,synthetic,synth_04171,,0.0,28.6139,77.209
90,31.6,44.6,17,17,2026-03-07 15:40:05+00:00,synthetic,synth_04172,,0.0,28.6139,77.209
94,31.3,46.5,25,25,2026-03-07 16:40:05+00:00,synthetic,synth_04173,,0.0,28.6139,77.209
90,31.7,50.3,28,28,2026-03-07 17:40:05+00:00,synthetic,synth_04174,,0.0,28.6139,77.209
94,29.5,52.4,39,40,2026-03-07 18:40:05+00:00,synthetic,synth_04175,,0.0,28.6139,77.209
91,29.1,52.0,24,24,2026-03-07 19:40:05+00:00,synthetic,synth_04176,,0.0,28.6139,77.209
88,27.2,53.9,32,32,2026-03-07 20:40:05+00:00,synthetic,synth_04177,,0.0,28.6139,77.209
86,29.4,52.1,63,66,2026-03-07 21:40:05+00:00,synthetic,synth_04178,,0.0,28.6139,77.209
85,27.9,54.9,44,48,2026-03-07 22:40:05+00:00,synthetic,synth_04179,,0.0,28.6139,77.209
84,27.6,56.2,39,41,2026-03-07 23:40:05+00:00,synthetic,synth_04180,,0.0,28.6139,77.209
84,29.0,55.1,64,68,2026-03-08 00:40:05+00:00,synthetic,synth_04181,,0.0,28.6139,77.209
87,29.2,52.2,32,39,2026-03-08 01:40:05+00:00,synthetic,synth_04182,,0.0,28.6139,77.209
83,30.5,48.6,18,21,2026-03-08 02:40:05+00:00,synthetic,synth_04183,,0.0,28.6139,77.209
72,29.8,48.1,26,27,2026-03-08 03:40:05+00:00,synthetic,synth_04184,,0.0,28.6139,77.209
81,33.2,41.0,33,33,2026-03-08 04:40:05+00:00,synthetic,synth_04185,,0.0,28.6139,77.209
81,34.1,42.7,31,33,2026-03-08 05:40:05+00:00,synthetic,synth_04186,,0.0,28.6139,77.209
89,35.4,38.1,21,26,2026-03-08 06:40:05+00:00,synthetic,synth_04187,,0.0,28.6139,77.209
89,37.4,36.9,49,49,2026-03-08 07:40:05+00:00,synthetic,synth_04188,,0.0,28.6139,77.209
99,37.5,36.3,64,67,2026-03-08 08:40:05+00:00,synthetic,synth_04189,,0.0,28.6139,77.209
96,37.8,33.9,51,54,2026-03-08 09:40:05+00:00,synthetic,synth_04190,,0.0,28.6139,77.209
99,35.5,37.7,16,16,2026-03-08 10:40:05+00:00,synthetic,synth_04191,,0.0,28.6139,77.209
98,34.7,40.9,21,21,2026-03-08 11:40:05+00:00,synthetic,synth_04192,,0.0,28.6139,77.209
94,32.0,41.0,6,6,2026-03-08 12:40:05+00:00,synthetic,synth_04193,,0.0,28.6139,77.209
88,34.3,42.8,49,50,2026-03-08 13:40:05+00:00,synthetic,synth_04194,,0.0,28.6139,77.209
88,33.5,43.1,44,44,2026-03-08 14:40:05+00:00,synthetic,synth_04195,,0.0,28.6139,77.209
89,32.2,45.1,8,10,2026-03-08 15:40:05+00:00,synthetic,synth_04196,,0.0,28.6139,77.209
86,31.6,47.1,32,36,2026-03-08 16:40:05+00:00,synthetic,synth_04197,,0.0,28.6139,77.209
92,29.4,50.7,34,37,2026-03-08 17:40:05+00:00,synthetic,synth_04198,,0.0,28.6139,77.209
88,28.7,52.4,13,13,2026-03-08 18:40:05+00:00,synthetic,synth_04199,,0.0,28.6139,77.209
90,28.1,52.7,14,14,2026-03-08 19:40:05+00:00,synthetic,synth_04200,,0.0,28.6139,77.209
92,27.3,55.8,17,17,2026-03-08 20:40:05+00:00,synthetic,synth_04201,,0.0,28.6139,77.209
91,28.5,54.0,7,7,2026-03-08 21:40:05+00:00,synthetic,synth_04202,,0.0,28.6139,77.209
89,26.2,59.1,31,37,2026-03-08 22:40:05+00:00,synthetic,synth_04203,,0.0,28.6139,77.209
85,29.5,51.3,29,29,2026-03-08 23:40:05+00:00,synthetic,synth_04204,,0.0,28.6139,77.209
93,28.2,54.3,32,34,2026-03-09 00:40:05+00:00,synthetic,synth_04205,,0.0,28.6139,77.209
93,30.3,53.6,65,69,2026-03-09 01:40:05+00:00,synthetic,synth_04206,,0.0,28.6139,77.209
93,31.1,47.2,47,51,2026-03-09 02:40:05+00:00,synthetic,synth_04207,,0.0,28.6139,77.209
90,32.4,46.2,26,32,2026-03-09 03:40:05+00:00,synthetic,synth_04208,,0.0,28.6139,77.209
95,31.1,48.9,56,63,2026-03-09 04:40:05+00:00,synthetic,synth_04209,,0.0,28.6139,77.209
90,35.6,36.8,58,63,2026-03-09 05:40:05+00:00,synthetic,synth_04210,,0.0,28.6139,77.209
93,34.8,39.5,22,25,2026-03-09 06:40:05+00:00,synthetic,synth_04211,,0.0,28.6139,77.209
105,35.6,38.8,42,47,2026-03-09 07:40:05+00:00,synthetic,synth_04212,,0.0,28.6139,77.209
107,35.9,38.1,62,64,2026-03-09 08:40:05+00:00,synthetic,synth_04213,,0.0,28.6139,77.209
103,36.2,40.6,74,74,2026-03-09 09:40:05+00:00,synthetic,synth_04214,,0.0,28.6139,77.209
99,35.0,43.1,27,30,2026-03-09 10:40:05+00:00,synthetic,synth_04215,,0.0,28.6139,77.209
100,35.7,41.3,35,41,2026-03-09 11:40:05+00:00,synthetic,synth_04216,,0.0,28.6139,77.209
92,34.1,41.8,47,48,2026-03-09 12:40:05+00:00,synthetic,synth_04217,,0.0,28.6139,77.209
91,32.7,44.8,5,5,2026-03-09 13:40:05+00:00,synthetic,synth_04218,,0.0,28.6139,77.209
97,32.4,43.9,13,13,2026-03-09 14:40:05+00:00,synthetic,synth_04219,,0.0,28.6139,77.209
97,32.2,44.8,5,5,2026-03-09 15:40:05+00:00,synthetic,synth_04220,,0.0,28.6139,77.209
94,30.4,48.4,69,74,2026-03-09 16:40:05+00:00,synthetic,synth_04221,,0.0,28.6139,77.209
97,31.2,49.3,59,63,2026-03-09 17:40:05+00:00,synthetic,synth_04222,,0.0,28.6139,77.209
103,30.2,51.0,72,76,2026-03-09 18:40:05+00:00,synthetic,synth_04223,,0.0,28.6139,77.209
112,28.6,53.7,51,51,2026-03-09 19:40:05+00:00,synthetic,synth_04224,,0.0,28.6139,77.209
111,27.0,56.7,28,28,2026-03-09 20:40:05+00:00,synthetic,synth_04225,,0.0,28.6139,77.209
100,26.3,54.0,30,30,2026-03-09 21:40:05+00:00,synthetic,synth_04226,,0.0,28.6139,77.209
99,26.9,57.0,30,30,2026-03-09 22:40:05+00:00,synthetic,synth_04227,,0.0,28.6139,77.209
97,27.4,54.5,8,8,2026-03-09 23:40:05+00:00,synthetic,synth_04228,,0.0,28.6139,77.209
97,29.8,52.2,43,43,2026-03-10 00:40:05+00:00,synthetic,synth_04229,,0.0,28.6139,77.209
95,30.5,48.7,49,49,2026-03-10 01:40:05+00:00,synthetic,synth_04230,,0.0,28.6139,77.209
97,29.4,50.7,44,45,2026-03-10 02:40:05+00:00,synthetic,synth_04231,,0.0,28.6139,77.209
106,31.5,42.2,10,12,2026-03-10 03:40:05+00:00,synthetic,synth_04232,,0.0,28.6139,77.209
106,33.1,42.9,21,21,2026-03-10 04:40:05+00:00,synthetic,synth_04233,,0.0,28.6139,77.209
100,34.4,44.5,70,70,2026-03-10 05:40:05+00:00,synthetic,synth_04234,,0.0,28.6139,77.209
106,33.8,43.7,41,47,2026-03-10 06:40:05+00:00,synthetic,synth_04235,,0.0,28.6139,77.209
110,36.2,35.4,34,35,2026-03-10 07:40:05+00:00,synthetic,synth_04236,,0.0,28.6139,77.209
120,33.7,39.6,26,26,2026-03-10 08:40:05+00:00,synthetic,synth_04237,,0.0,28.6139,77.209
117,36.1,39.0,58,59,2026-03-10 09:40:05+00:00,synthetic,synth_04238,,0.0,28.6139,77.209
112,36.7,35.9,29,33,2026-03-10 10:40:05+00:00,synthetic,synth_04239,,0.0,28.6139,77.209
111,35.9,37.9,45,49,2026-03-10 11:40:05+00:00,synthetic,synth_04240,,0.0,28.6139,77.209
105,34.8,42.3,78,85,2026-03-10 12:40:05+00:00,synthetic,synth_04241,,0.0,28.6139,77.209
95,33.1,43.9,5,5,2026-03-10 13:40:05+00:00,synthetic,synth_04242,,0.0,28.6139,77.209
93,34.4,42.8,26,33,2026-03-10 14:40:05+00:00,synthetic,synth_04243,,0.0,28.6139,77.209
96,32.0,46.7,11,11,2026-03-10 15:40:05+00:00,synthetic,synth_04244,,0.0,28.6139,77.209
98,32.3,47.1,24,26,2026-03-10 16:40:05+00:00,synthetic,synth_04245,,0.0,28.6139,77.209
106,28.7,52.0,10,10,2026-03-10 17:40:05+00:00,synthetic,synth_04246,,0.0,28.6139,77.209
106,29.5,53.2,28,35,2026-03-10 18:40:05+00:00,synthetic,synth_04247,,0.0,28.6139,77.209
115,29.8,55.2,63,64,2026-03-10 19:40:05+00:00,synthetic,synth_04248,,0.0,28.6139,77.209
110,27.8,54.7,20,20,2026-03-10 20:40:05+00:00,synthetic,synth_04249,,0.0,28.6139,77.209
108,29.3,54.6,71,71,2026-03-10 21:40:05+00:00,synthetic,synth_04250,,0.0,28.6139,77.209
99,28.5,53.5,76,81,2026-03-10 22:40:05+00:00,synthetic,synth_04251,,0.0,28.6139,77.209
102,30.4,49.5,75,78,2026-03-10 23:40:05+00:00,synthetic,synth_04252,,0.0,28.6139,77.209
100,26.9,55.6,9,11,2026-03-11 00:40:05+00:00,synthetic,synth_04253,,0.0,28.6139,77.209
98,30.9,46.4,37,40,2026-03-11 01:40:05+00:00,synthetic,synth_04254,,0.0,28.6139,77.209
98,31.8,47.8,57,60,2026-03-11 02:40:05+00:00,synthetic,synth_04255,,0.0,28.6139,77.209
92,31.7,47.7,24,24,2026-03-11 03:40:05+00:00,synthetic,synth_04256,,0.0,28.6139,77.209
92,32.8,47.8,77,80,2026-03-11 04:40:05+00:00,synthetic,synth_04257,,0.0,28.6139,77.209
92,34.0,41.2,39,42,2026-03-11 05:40:05+00:00,synthetic,synth_04258,,0.0,28.6139,77.209
99,34.3,42.8,27,27,2026-03-11 06:40:05+00:00,synthetic,synth_04259,,0.0,28.6139,77.209
99,37.1,35.8,27,32,2026-03-11 07:40:05+00:00,synthetic,synth_04260,,0.0,28.6139,77.209
103,35.9,36.0,36,38,2026-03-11 08:40:05+00:00,synthetic,synth_04261,,0.0,28.6139,77.209
104,36.6,41.7,69,78,2026-03-11 09:40:05+00:00,synthetic,synth_04262,,0.0,28.6139,77.209
106,35.7,40.3,56,57,2026-03-11 10:40:05+00:00,synthetic,synth_04263,,0.0,28.6139,77.209
101,36.8,38.4,37,39,2026-03-11 11:40:05+00:00,synthetic,synth_04264,,0.0,28.6139,77.209
98,36.1,38.2,49,52,2026-03-11 12:40:05+00:00,synthetic,synth_04265,,0.0,28.6139,77.209
86,33.5,45.2,51,53,2026-03-11 13:40:05+00:00,synthetic,synth_04266,,0.0,28.6139,77.209
91,33.4,45.6,58,65,2026-03-11 14:40:05+00:00,synthetic,synth_04267,,0.0,28.6139,77.209
88,31.6,45.5,40,42,2026-03-11 15:40:05+00:00,synthetic,synth_04268,,0.0,28.6139,77.209
97,31.0,48.7,23,23,2026-03-11 16:40:05+00:00,synthetic,synth_04269,,0.0,28.6139,77.209
104,31.0,49.3,18,20,2026-03-11 17:40:05+00:00,synthetic,synth_04270,,0.0,28.6139,77.209
108,29.4,50.2,53,54,2026-03-11 18:40:05+00:00,synthetic,synth_04271,,0.0,28.6139,77.209
105,28.2,52.5,44,44,2026-03-11 19:40:05+00:00,synthetic,synth_04272,,0.0,28.6139,77.209
101,28.4,56.2,46,46,2026-03-11 20:40:05+00:00,synthetic,synth_04273,,0.0,28.6139,77.209
102,29.2,58.6,71,75,2026-03-11 21:40:05+00:00,synthetic,synth_04274,,0.0,28.6139,77.209
93,28.3,53.4,40,42,2026-03-11 22:40:05+00:00,synthetic,synth_04275,,0.0,28.6139,77.209
95,28.9,54.0,71,77,2026-03-11 23:40:05+00:00,synthetic,synth_04276,,0.0,28.6139,77.209
96,27.1,56.2,26,27,2026-03-12 00:40:05+00:00,synthetic,synth_04277,,0.0,28.6139,77.209
91,31.0,51.8,64,68,2026-03-12 01:40:05+00:00,synthetic,synth_04278,,0.0,28.6139,77.209
88,30.6,49.7,69,75,2026-03-12 02:40:05+00:00,synthetic,synth_04279,,0.0,28.6139,77.209
93,30.9,52.7,23,23,2026-03-12 03:40:05+00:00,synthetic,synth_04280,,0.0,28.6139,77.209
91,32.9,44.8,38,45,2026-03-12 04:40:05+00:00,synthetic,synth_04281,,0.0,28.6139,77.209
91,33.1,44.7,29,29,2026-03-12 05:40:05+00:00,synthetic,synth_04282,,0.0,28.6139,77.209
89,34.9,43.9,34,34,2026-03-12 06:40:05+00:00,synthetic,synth_04283,,0.0,28.6139,77.209
70,31.6,49.0,21,26,2026-03-12 07:40:05.884000+00:00,real,,,,,
84,31.6,49.0,28,28,2026-03-12 07:40:10.937000+00:00,real,,,,,
97,31.6,50.4,34,34,2026-03-12 07:40:15.848000+00:00,real,,,,,
99,31.5,50.3,35,39,2026-03-12 07:40:20.977000+00:00,real,,,,,
68,31.5,49.1,20,20,2026-03-12 07:40:45.974000+00:00,real,,,,,
84,31.5,50.4,28,28,2026-03-12 07:40:50.905000+00:00,real,,,,,
91,31.5,50.4,31,34,2026-03-12 07:40:56.195000+00:00,real,,,,,
74,31.5,50.4,23,23,2026-03-12 07:41:00.913000+00:00,real,,,,,
74,31.4,50.5,23,23,2026-03-12 07:41:06.022000+00:00,real,,,,,
74,31.5,50.5,23,23,2026-03-12 07:41:10.960000+00:00,real,,,,,
76,31.4,50.5,24,24,2026-03-12 07:41:16.016000+00:00,real,,,,,
76,31.4,51.2,24,24,2026-03-12 07:41:20.996000+00:00,real,,,,,
76,31.4,51.1,24,24,2026-03-12 07:41:26.010000+00:00,real,,,,,
78,31.4,51.4,25,25,2026-03-12 07:41:31.121000+00:00,real,,,,,
78,31.4,49.5,25,25,2026-03-12 07:41:35.932000+00:00,real,,,,,
80,31.3,48.3,26,26,2026-03-12 07:41:40.857000+00:00,real,,,,,
80,31.3,48.2,26,26,2026-03-12 07:41:45.981000+00:00,real,,,,,
80,31.4,48.7,26,26,2026-03-12 07:41:50.874000+00:00,real,,,,,
80,31.4,48.8,26,26,2026-03-12 07:41:56.018000+00:00,real,,,,,
80,31.5,47.8,26,26,2026-03-12 07:42:00.912000+00:00,real,,,,,
80,32.1,47.5,26,26,2026-03-12 07:42:05.834000+00:00,real,,,,,
80,32.7,48.1,26,26,2026-03-12 07:42:10.963000+00:00,real,,,,,
80,32.6,48.7,26,26,2026-03-12 07:42:16.070000+00:00,real,,,,,
80,33.0,48.7,26,26,2026-03-12 07:42:20.995000+00:00,real,,,,,
80,33.4,48.9,26,26,2026-03-12 07:42:25.915000+00:00,real,,,,,
80,33.6,47.9,26,26,2026-03-12 07:42:30.826000+00:00,real,,,,,
80,33.6,47.4,26,26,2026-03-12 07:42:35.946000+00:00,real,,,,,
80,33.7,46.3,26,26,2026-03-12 07:42:40.846000+00:00,real,,,,,
80,33.9,45.5,26,26,2026-03-12 07:42:46.337000+00:00,real,,,,,
80,34.0,45.2,26,26,2026-03-12 07:42:50.934000+00:00,real,,,,,
80,34.1,45.5,26,26,2026-03-12 07:42:56.061000+00:00,real,,,,,
80,34.4,45.3,26,26,2026-03-12 07:43:00.996000+00:00,real,,,,,
80,34.6,44.5,26,26,2026-03-12 07:43:05.846000+00:00,real,,,,,
80,35.1,44.3,26,26,2026-03-12 07:43:10.975000+00:00,real,,,,,
80,35.4,44.1,26,26,2026-03-12 07:43:15.920000+00:00,real,,,,,
80,35.5,43.8,26,26,2026-03-12 07:43:21.035000+00:00,real,,,,,
80,35.9,44.0,26,26,2026-03-12 07:43:25.908000+00:00,real,,,,,
80,35.9,43.6,26,26,2026-03-12 07:43:30.824000+00:00,real,,,,,
80,36.0,43.3,26,26,2026-03-12 07:43:36.132000+00:00,real,,,,,
80,36.0,42.1,26,26,2026-03-12 07:43:40.865000+00:00,real,,,,,
80,36.2,42.9,26,26,2026-03-12 07:43:45.983000+00:00,real,,,,,
80,35.9,42.4,26,26,2026-03-12 07:43:50.916000+00:00,real,,,,,
80,35.7,42.3,26,26,2026-03-12 07:43:55.818000+00:00,real,,,,,
80,35.8,42.8,26,26,2026-03-12 07:44:00.975000+00:00,real,,,,,
80,36.2,42.6,26,26,2026-03-12 07:44:05.851000+00:00,real,,,,,
80,36.3,42.5,26,26,2026-03-12 07:44:10.962000+00:00,real,,,,,
80,36.0,41.8,26,26,2026-03-12 07:44:15.916000+00:00,real,,,,,
80,35.8,41.7,26,26,2026-03-12 07:44:20.993000+00:00,real,,,,,
80,35.7,42.3,26,26,2026-03-12 07:44:26.114000+00:00,real,,,,,
80,35.7,42.7,26,26,2026-03-12 07:44:30.914000+00:00,real,,,,,
80,35.6,42.3,26,26,2026-03-12 07:44:35.970000+00:00,real,,,,,
80,35.5,42.1,26,26,2026-03-12 07:44:40.867000+00:00,real,,,,,
80,35.5,42.1,26,26,2026-03-12 07:44:46.024000+00:00,real,,,,,
80,35.5,42.6,26,26,2026-03-12 07:44:50.916000+00:00,real,,,,,
80,35.5,42.3,26,26,2026-03-12 07:44:56.034000+00:00,real,,,,,
80,35.5,42.0,26,26,2026-03-12 07:45:00.943000+00:00,real,,,,,
80,35.5,42.1,26,26,2026-03-12 07:45:05.847000+00:00,real,,,,,
80,35.5,42.2,26,26,2026-03-12 07:45:11.005000+00:00,real,,,,,
63,35.4,40.7,18,18,2026-03-12 07:47:52.122000+00:00,real,,,,,
63,35.4,40.7,18,18,2026-03-12 07:47:52.178000+00:00,real,,,,,
63,35.4,40.7,18,18,2026-03-12 07:47:52.198000+00:00,real,,,,,
119,35.4,40.6,43,43,2026-03-12 07:47:55.871000+00:00,real,,,,,
124,35.5,41.5,45,45,2026-03-12 07:48:01.142000+00:00,real,,,,,
95,35.5,41.3,33,33,2026-03-12 07:48:05.850000+00:00,real,,,,,
95,35.5,41.4,33,33,2026-03-12 07:48:10.976000+00:00,real,,,,,
95,35.6,41.5,33,33,2026-03-12 07:48:15.895000+00:00,real,,,,,
97,35.6,41.4,34,34,2026-03-12 07:48:20.800000+00:00,real,,,,,
97,35.7,41.8,34,34,2026-03-12 07:48:25.928000+00:00,real,,,,,
97,35.8,41.7,34,34,2026-03-12 07:48:30.867000+00:00,real,,,,,
99,35.8,41.4,35,35,2026-03-12 07:48:35.978000+00:00,real,,,,,
99,35.9,41.2,35,35,2026-03-12 07:48:40.886000+00:00,real,,,,,
99,35.9,41.2,35,35,2026-03-12 07:48:46.004000+00:00,real,,,,,
97,36.0,41.3,34,34,2026-03-12 07:48:50.916000+00:00,real,,,,,
97,36.0,41.6,34,34,2026-03-12 07:48:55.886000+00:00,real,,,,,
97,35.9,41.5,34,34,2026-03-12 07:49:00.948000+00:00,real,,,,,
97,35.8,41.5,34,34,2026-03-12 07:49:05.869000+00:00,real,,,,,
97,35.8,41.6,34,34,2026-03-12 07:49:10.989000+00:00,real,,,,,
97,35.6,41.8,34,34,2026-03-12 07:49:15.911000+00:00,real,,,,,
97,35.5,41.7,34,34,2026-03-12 07:49:20.914000+00:00,real,,,,,
97,35.5,41.9,34,34,2026-03-12 07:49:26.053000+00:00,real,,,,,
97,35.5,41.9,34,34,2026-03-12 07:49:30.949000+00:00,real,,,,,
97,35.5,42.0,34,34,2026-03-12 07:49:35.974000+00:00,real,,,,,
97,35.5,41.9,34,34,2026-03-12 07:49:41.118000+00:00,real,,,,,
97,35.4,41.8,34,34,2026-03-12 07:49:45.802000+00:00,real,,,,,
97,35.4,41.8,34,34,2026-03-12 07:49:50.960000+00:00,real,,,,,
97,35.4,41.7,34,34,2026-03-12 07:49:55.837000+00:00,real,,,,,
97,35.3,41.7,34,34,2026-03-12 07:50:00.952000+00:00,real,,,,,
97,35.3,42.0,34,34,2026-03-12 07:50:05.862000+00:00,real,,,,,
97,35.2,42.2,34,34,2026-03-12 07:50:10.985000+00:00,real,,,,,
97,35.2,42.2,34,34,2026-03-12 07:50:15.903000+00:00,real,,,,,
97,35.1,42.3,34,34,2026-03-12 07:50:20.823000+00:00,real,,,,,
97,35.0,42.5,34,34,2026-03-12 07:50:25.979000+00:00,real,,,,,
97,34.8,42.1,34,34,2026-03-12 07:50:30.847000+00:00,real,,,,,
97,34.8,41.9,34,34,2026-03-12 07:50:35.981000+00:00,real,,,,,
97,34.8,41.9,34,34,2026-03-12 07:50:40.882000+00:00,real,,,,,
97,34.8,41.6,34,34,2026-03-12 07:50:46.041000+00:00,real,,,,,
97,34.8,41.5,34,34,2026-03-12 07:50:50.936000+00:00,real,,,,,
97,34.8,41.6,34,34,2026-03-12 07:50:55.832000+00:00,real,,,,,
97,34.8,41.6,34,34,2026-03-12 07:51:00.959000+00:00,real,,,,,
97,34.8,41.6,34,34,2026-03-12 07:51:05.883000+00:00,real,,,,,
97,34.9,41.9,34,34,2026-03-12 07:51:11.014000+00:00,real,,,,,
97,35.0,41.9,34,34,2026-03-12 07:51:15.908000+00:00,real,,,,,
97,35.0,41.8,34,34,2026-03-12 07:51:20.913000+00:00,real,,,,,
97,35.0,41.8,34,34,2026-03-12 07:51:25.958000+00:00,real,,,,,
97,35.0,41.9,34,34,2026-03-12 07:51:30.913000+00:00,real,,,,,
97,35.1,42.0,34,34,2026-03-12 07:51:36.039000+00:00,real,,,,,
97,35.1,42.2,34,34,2026-03-12 07:51:40.891000+00:00,real,,,,,
97,35.1,42.6,34,34,2026-03-12 07:51:45.807000+00:00,real,,,,,
97,35.1,42.8,34,34,2026-03-12 07:51:50.929000+00:00,real,,,,,
97,35.1,42.7,34,34,2026-03-12 07:51:55.838000+00:00,real,,,,,
97,35.2,42.5,34,34,2026-03-12 07:52:00.974000+00:00,real,,,,,
97,35.3,42.7,34,34,2026-03-12 07:52:05.884000+00:00,real,,,,,
97,35.3,42.9,34,34,2026-03-12 07:52:10.997000+00:00,real,,,,,
97,35.3,42.1,34,34,2026-03-12 07:52:15.924000+00:00,real,,,,,
97,35.3,41.6,34,34,2026-03-12 07:52:20.839000+00:00,real,,,,,
97,35.4,41.6,34,34,2026-03-12 07:52:26.158000+00:00,real,,,,,
97,35.4,40.1,34,34,2026-03-12 07:52:30.867000+00:00,real,,,,,
97,35.4,41.5,34,34,2026-03-12 07:52:36.016000+00:00,real,,,,,
97,35.4,41.7,34,34,2026-03-12 07:52:40.904000+00:00,real,,,,,
97,35.5,41.7,34,34,2026-03-12 07:52:45.822000+00:00,real,,,,,
97,35.5,41.9,34,34,2026-03-12 07:52:50.949000+00:00,real,,,,,
97,35.5,41.9,34,34,2026-03-12 07:52:56.058000+00:00,real,,,,,
97,35.5,41.7,34,34,2026-03-12 07:53:00.960000+00:00,real,,,,,
97,35.5,41.7,34,34,2026-03-12 07:53:05.900000+00:00,real,,,,,
97,35.5,41.8,34,34,2026-03-12 07:53:10.802000+00:00,real,,,,,
97,35.5,41.9,34,34,2026-03-12 07:53:15.919000+00:00,real,,,,,
97,35.5,42.1,34,34,2026-03-12 07:53:20.841000+00:00,real,,,,,
97,35.5,42.4,34,34,2026-03-12 07:53:25.954000+00:00,real,,,,,
97,35.4,42.2,34,34,2026-03-12 07:53:30.865000+00:00,real,,,,,
97,35.4,42.0,34,34,2026-03-12 07:53:35.990000+00:00,real,,,,,
97,35.3,42.2,34,34,2026-03-12 07:53:40.969000+00:00,real,,,,,
97,35.3,42.3,34,34,2026-03-12 07:53:45.842000+00:00,real,,,,,
97,35.3,42.8,34,34,2026-03-12 07:53:50.953000+00:00,real,,,,,
97,35.3,42.9,34,34,2026-03-12 07:53:55.866000+00:00,real,,,,,
97,35.4,43.1,34,34,2026-03-12 07:54:01.013000+00:00,real,,,,,
97,35.7,43.6,34,34,2026-03-12 07:54:05.893000+00:00,real,,,,,
97,35.5,43.8,34,34,2026-03-12 07:54:10.824000+00:00,real,,,,,
97,35.4,43.1,34,34,2026-03-12 07:54:15.942000+00:00,real,,,,,
97,35.4,43.6,34,34,2026-03-12 07:54:20.848000+00:00,real,,,,,
97,35.5,44.7,34,34,2026-03-12 07:54:26.007000+00:00,real,,,,,
97,35.8,43.8,34,34,2026-03-12 07:54:30.885000+00:00,real,,,,,
97,36.0,43.4,34,34,2026-03-12 07:54:35.996000+00:00,real,,,,,
97,36.0,42.9,34,34,2026-03-12 07:54:40.907000+00:00,real,,,,,
97,36.3,43.0,34,34,2026-03-12 07:54:45.838000+00:00,real,,,,,
97,36.5,43.0,34,34,2026-03-12 07:54:50.978000+00:00,real,,,,,
97,36.7,43.0,34,34,2026-03-12 07:54:55.862000+00:00,real,,,,,
97,36.9,42.6,34,34,2026-03-12 07:55:00.985000+00:00,real,,,,,
97,36.9,42.1,34,34,2026-03-12 07:55:05.888000+00:00,real,,,,,
97,37.0,42.2,34,34,2026-03-12 07:55:10.820000+00:00,real,,,,,
97,37.0,42.1,34,34,2026-03-12 07:55:15.930000+00:00,real,,,,,
97,37.1,42.0,34,34,2026-03-12 07:55:20.841000+00:00,real,,,,,
97,37.4,41.6,34,34,2026-03-12 07:55:26.079000+00:00,real,,,,,
97,37.4,41.4,34,34,2026-03-12 07:55:30.881000+00:00,real,,,,,
97,37.1,41.3,34,34,2026-03-12 07:55:36.030000+00:00,real,,,,,
97,37.5,41.2,34,34,2026-03-12 07:55:40.913000+00:00,real,,,,,
97,37.8,40.9,34,34,2026-03-12 07:55:45.865000+00:00,real,,,,,
97,38.0,41.1,34,34,2026-03-12 07:55:50.956000+00:00,real,,,,,
97,38.3,42.3,34,34,2026-03-12 07:55:55.897000+00:00,real,,,,,
97,38.3,41.7,34,34,2026-03-12 07:56:01.022000+00:00,real,,,,,
97,38.2,41.4,34,34,2026-03-12 07:56:05.906000+00:00,real,,,,,
97,37.9,41.3,34,34,2026-03-12 07:56:10.821000+00:00,real,,,,,
97,38.1,41.0,34,34,2026-03-12 07:56:15.939000+00:00,real,,,,,
97,38.1,40.2,34,34,2026-03-12 07:56:20.849000+00:00,real,,,,,
97,38.0,39.8,34,34,2026-03-12 07:56:25.967000+00:00,real,,,,,
97,37.7,39.4,34,34,2026-03-12 07:56:30.884000+00:00,real,,,,,
97,37.6,39.5,34,34,2026-03-12 07:56:36.061000+00:00,real,,,,,
97,38.0,39.3,34,34,2026-03-12 07:56:40.915000+00:00,real,,,,,
97,38.4,39.2,34,34,2026-03-12 07:56:45.830000+00:00,real,,,,,
97,38.6,39.3,34,34,2026-03-12 07:56:50.969000+00:00,real,,,,,
97,38.8,40.7,34,34,2026-03-12 07:56:55.874000+00:00,real,,,,,
97,38.7,40.7,34,34,2026-03-12 07:57:00.989000+00:00,real,,,,,
97,38.9,39.9,34,34,2026-03-12 07:57:06.032000+00:00,real,,,,,
97,39.1,37.6,34,34,2026-03-12 07:57:10.815000+00:00,real,,,,,
97,39.3,38.7,34,34,2026-03-12 07:57:15.940000+00:00,real,,,,,
97,39.5,40.1,34,34,2026-03-12 07:57:20.856000+00:00,real,,,,,
97,39.3,40.3,34,34,2026-03-12 07:57:25.978000+00:00,real,,,,,
97,39.2,39.3,34,34,2026-03-12 07:57:30.995000+00:00,real,,,,,
97,38.9,40.6,34,34,2026-03-12 07:57:35.807000+00:00,real,,,,,
97,38.8,42.3,34,34,2026-03-12 07:57:40.928000+00:00,real,,,,,
97,38.7,47.1,34,34,2026-03-12 07:57:45.840000+00:00,real,,,,,
97,38.9,49.5,34,34,2026-03-12 07:57:50.965000+00:00,real,,,,,
97,38.9,48.7,34,34,2026-03-12 07:57:55.867000+00:00,real,,,,,
97,39.0,48.1,34,34,2026-03-12 07:58:01.034000+00:00,real,,,,,
97,39.1,46.8,34,34,2026-03-12 07:58:05.908000+00:00,real,,,,,
97,39.2,45.6,34,34,2026-03-12 07:58:10.834000+00:00,real,,,,,
97,39.2,44.9,34,34,2026-03-12 07:58:15.952000+00:00,real,,,,,
97,39.2,44.8,34,34,2026-03-12 07:58:20.867000+00:00,real,,,,,
97,39.3,43.8,34,34,2026-03-12 07:58:25.982000+00:00,real,,,,,
97,39.3,43.5,34,34,2026-03-12 07:58:30.895000+00:00,real,,,,,
97,39.3,43.0,34,34,2026-03-12 07:58:36.016000+00:00,real,,,,,
97,39.4,42.2,34,34,2026-03-12 07:58:40.931000+00:00,real,,,,,
97,39.5,42.3,34,34,2026-03-12 07:58:45.846000+00:00,real,,,,,
97,39.7,42.1,34,34,2026-03-12 07:58:50.969000+00:00,real,,,,,
97,39.8,41.9,34,34,2026-03-12 07:58:55.887000+00:00,real,,,,,
97,39.8,41.4,34,34,2026-03-12 07:59:01.005000+00:00,real,,,,,
97,39.8,40.6,34,34,2026-03-12 07:59:05.915000+00:00,real,,,,,
97,39.9,40.5,34,34,2026-03-12 07:59:10.835000+00:00,real,,,,,
97,39.9,40.8,34,36,2026-03-12 07:59:15.955000+00:00,real,,,,,
97,39.7,40.6,34,36,2026-03-12 07:59:20.864000+00:00,real,,,,,
95,39.7,39.6,33,35,2026-03-12 07:59:25.982000+00:00,real,,,,,
95,39.7,39.6,33,35,2026-03-12 07:59:30.948000+00:00,real,,,,,
95,39.5,39.8,33,35,2026-03-12 07:59:35.821000+00:00,real,,,,,
95,39.4,39.7,33,35,2026-03-12 07:59:40.936000+00:00,real,,,,,
95,39.3,39.8,33,35,2026-03-12 07:59:45.851000+00:00,real,,,,,
95,39.3,39.1,33,35,2026-03-12 07:59:50.979000+00:00,real,,,,,
95,39.2,38.9,33,35,2026-03-12 07:59:56.114000+00:00,real,,,,,
95,39.1,38.0,33,35,2026-03-12 08:00:01.003000+00:00,real,,,,,
95,38.9,37.3,33,35,2026-03-12 08:00:05.922000+00:00,real,,,,,
95,38.7,38.3,33,35,2026-03-12 08:00:10.837000+00:00,real,,,,,
95,38.6,40.3,33,35,2026-03-12 08:00:15.953000+00:00,real,,,,,
95,38.5,42.1,33,35,2026-03-12 08:00:20.874000+00:00,real,,,,,
95,38.4,42.7,33,35,2026-03-12 08:00:26.002000+00:00,real,,,,,
95,38.3,41.3,33,35,2026-03-12 08:00:30.906000+00:00,real,,,,,
95,38.1,40.7,33,35,2026-03-12 08:00:35.829000+00:00,real,,,,,
95,38.1,43.3,33,35,2026-03-12 08:00:40.967000+00:00,real,,,,,
95,38.1,39.7,33,35,2026-03-12 08:00:45.856000+00:00,real,,,,,
95,38.1,39.1,33,35,2026-03-12 08:00:51.184000+00:00,real,,,,,
95,38.0,38.0,33,35,2026-03-12 08:00:55.910000+00:00,real,,,,,
95,38.2,37.7,33,35,2026-03-12 08:01:00.820000+00:00,real,,,,,
95,37.5,37.5,33,35,2026-03-12 08:01:06.132000+00:00,real,,,,,
95,37.3,37.3,33,35,2026-03-12 08:01:10.840000+00:00,real,,,,,
95,37.2,37.4,33,35,2026-03-12 08:01:15.966000+00:00,real,,,,,
95,37.0,39.1,33,35,2026-03-12 08:01:20.880000+00:00,real,,,,,
95,37.0,40.9,33,35,2026-03-12 08:01:25.996000+00:00,real,,,,,
95,37.0,41.6,33,35,2026-03-12 08:01:30.916000+00:00,real,,,,,
95,37.0,41.5,33,35,2026-03-12 08:01:35.819000+00:00,real,,,,,
95,37.0,41.2,33,35,2026-03-12 08:01:40.948000+00:00,real,,,,,
95,37.0,40.6,33,35,2026-03-12 08:01:45.855000+00:00,real,,,,,
95,37.1,41.8,33,35,2026-03-12 08:01:50.980000+00:00,real,,,,,
99,37.0,40.6,35,37,2026-03-12 08:01:55.893000+00:00,real,,,,,
99,37.0,41.4,35,38,2026-03-12 08:02:00.811000+00:00,real,,,,,
99,37.0,41.4,35,38,2026-03-12 08:02:05.936000+00:00,real,,,,,
99,37.0,41.1,35,38,2026-03-12 08:02:10.839000+00:00,real,,,,,
99,36.9,40.5,35,38,2026-03-12 08:02:15.968000+00:00,real,,,,,
99,37.0,39.9,35,38,2026-03-12 08:02:20.877000+00:00,real,,,,,
99,37.0,39.7,35,38,2026-03-12 08:02:25.866000+00:00,real,,,,,
99,37.0,40.1,35,38,2026-03-12 08:02:30.922000+00:00,real,,,,,
99,37.0,40.1,35,38,2026-03-12 08:02:35.858000+00:00,real,,,,,
99,37.0,40.5,35,38,2026-03-12 08:02:40.958000+00:00,real,,,,,
99,37.0,40.8,35,38,2026-03-12 08:02:45.865000+00:00,real,,,,,
99,37.0,40.5,35,38,2026-03-12 08:02:51.002000+00:00,real,,,,,
99,37.0,40.5,35,38,2026-03-12 08:02:55.897000+00:00,real,,,,,
99,37.0,40.2,35,38,2026-03-12 08:03:00.820000+00:00,real,,,,,
99,37.0,40.4,35,38,2026-03-12 08:03:05.936000+00:00,real,,,,,
99,37.0,40.6,35,38,2026-03-12 08:03:10.846000+00:00,real,,,,,
99,37.1,41.0,35,38,2026-03-12 08:03:15.976000+00:00,real,,,,,
99,37.1,40.2,35,38,2026-03-12 08:03:20.885000+00:00,real,,,,,
99,37.1,40.0,35,38,2026-03-12 08:03:26.012000+00:00,real,,,,,
99,37.1,40.0,35,38,2026-03-12 08:03:30.922000+00:00,real,,,,,
99,37.1,40.1,35,38,2026-03-12 08:03:35.885000+00:00,real,,,,,
99,37.1,39.7,35,38,2026-03-12 08:03:40.852000+00:00,real,,,,,
99,37.0,39.4,35,38,2026-03-12 08:03:45.873000+00:00,real,,,,,
99,37.0,39.9,35,38,2026-03-12 08:03:50.989000+00:00,real,,,,,
99,37.0,39.7,35,38,2026-03-12 08:03:55.907000+00:00,real,,,,,
99,37.0,39.6,35,38,2026-03-12 08:04:01.037000+00:00,real,,,,,
99,37.0,39.4,35,38,2026-03-12 08:04:05.935000+00:00,real,,,,,
99,37.0,39.5,35,38,2026-03-12 08:04:10.856000+00:00,real,,,,,
99,37.0,39.7,35,38,2026-03-12 08:04:15.976000+00:00,real,,,,,
99,37.0,40.4,35,38,2026-03-12 08:04:20.909000+00:00,real,,,,,
107,37.0,40.4,38,40,2026-03-12 08:04:25.820000+00:00,real,,,,,
107,37.1,40.6,38,40,2026-03-12 08:04:30.929000+00:00,real,,,,,
107,37.1,40.6,38,40,2026-03-12 08:04:35.858000+00:00,real,,,,,
107,37.1,39.7,38,40,2026-03-12 08:04:40.976000+00:00,real,,,,,
107,37.2,39.5,38,40,2026-03-12 08:04:45.878000+00:00,real,,,,,
107,37.2,39.2,38,40,2026-03-12 08:04:51.025000+00:00,real,,,,,
107,37.2,39.6,38,40,2026-03-12 08:04:55.911000+00:00,real,,,,,
107,37.2,39.7,38,40,2026-03-12 08:05:00.834000+00:00,real,,,,,
107,37.2,39.9,38,40,2026-03-12 08:05:05.950000+00:00,real,,,,,
107,37.2,39.9,38,40,2026-03-12 08:05:10.861000+00:00,real,,,,,
107,37.2,43.4,38,40,2026-03-12 08:05:15.985000+00:00,real,,,,,
107,37.2,41.0,38,40,2026-03-12 08:05:20.904000+00:00,real,,,,,
107,37.2,39.8,38,40,2026-03-12 08:05:25.812000+00:00,real,,,,,
107,37.2,39.6,38,40,2026-03-12 08:05:31.051000+00:00,real,,,,,
107,37.2,39.8,38,40,2026-03-12 08:05:35.864000+00:00,real,,,,,
107,37.3,39.5,38,40,2026-03-12 08:05:40.971000+00:00,real,,,,,
107,37.3,39.0,38,40,2026-03-12 08:05:45.949000+00:00,real,,,,,
107,37.3,39.4,38,40,2026-03-12 08:05:50.996000+00:00,real,,,,,
107,37.2,39.3,38,40,2026-03-12 08:05:55.943000+00:00,real,,,,,
139,37.3,39.4,51,54,2026-03-12 08:06:00.834000+00:00,real,,,,,
139,37.2,39.3,51,54,2026-03-12 08:06:05.951000+00:00,real,,,,,
139,37.3,39.0,51,54,2026-03-12 08:06:10.882000+00:00,real,,,,,
139,37.2,39.0,51,54,2026-03-12 08:06:15.987000+00:00,real,,,,,
139,37.2,39.2,51,54,2026-03-12 08:06:21.003000+00:00,real,,,,,
139,37.2,38.9,51,54,2026-03-12 08:06:25.912000+00:00,real,,,,,
139,37.2,38.6,51,54,2026-03-12 08:06:30.944000+00:00,real,,,,,
139,37.2,38.8,51,54,2026-03-12 08:06:35.852000+00:00,real,,,,,
139,37.2,38.8,51,54,2026-03-12 08:06:41.017000+00:00,real,,,,,
139,37.1,38.9,51,54,2026-03-12 08:06:45.881000+00:00,real,,,,,
139,37.1,38.9,51,54,2026-03-12 08:06:50.803000+00:00,real,,,,,
139,37.1,39.0,51,54,2026-03-12 08:06:55.915000+00:00,real,,,,,
139,37.1,39.2,51,54,2026-03-12 08:07:00.833000+00:00,real,,,,,
139,37.2,39.4,51,54,2026-03-12 08:07:05.958000+00:00,real,,,,,
139,37.2,39.7,51,54,2026-03-12 08:07:10.867000+00:00,real,,,,,
63,36.8,38.6,18,18,2026-03-12 08:10:36.079000+00:00,real,,,,,
63,36.8,38.6,18,18,2026-03-12 08:10:36.114000+00:00,real,,,,,
112,36.8,39.3,40,40,2026-03-12 08:10:40.984000+00:00,real,,,,,
107,36.7,41.5,38,42,2026-03-12 08:10:45.953000+00:00,real,,,,,
91,36.7,42.1,31,35,2026-03-12 08:10:50.845000+00:00,real,,,,,
91,36.7,40.9,31,35,2026-03-12 08:10:56.155000+00:00,real,,,,,
93,36.6,40.5,32,36,2026-03-12 08:11:00.863000+00:00,real,,,,,
95,36.6,40.5,33,38,2026-03-12 08:11:05.989000+00:00,real,,,,,
99,36.5,40.4,35,39,2026-03-12 08:11:10.888000+00:00,real,,,,,
102,36.4,40.4,36,41,2026-03-12 08:11:16.012000+00:00,real,,,,,
105,36.4,40.5,37,42,2026-03-12 08:11:21.125000+00:00,real,,,,,
107,36.4,40.7,38,43,2026-03-12 08:11:25.845000+00:00,real,,,,,
107,36.4,40.9,38,43,2026-03-12 08:11:31.087000+00:00,real,,,,,
107,36.4,41.0,38,43,2026-03-12 08:11:35.963000+00:00,real,,,,,
107,36.4,42.7,38,43,2026-03-12 08:11:41.131000+00:00,real,,,,,
107,36.3,44.0,38,43,2026-03-12 08:11:45.963000+00:00,real,,,,,
107,36.3,44.7,38,43,2026-03-12 08:11:50.838000+00:00,real,,,,,
107,36.4,47.1,38,43,2026-03-12 08:11:55.958000+00:00,real,,,,,
107,36.4,45.2,38,43,2026-03-12 08:12:00.858000+00:00,real,,,,,
107,36.4,46.0,38,43,2026-03-12 08:12:06.043000+00:00,real,,,,,
107,36.4,44.7,38,43,2026-03-12 08:12:10.900000+00:00,real,,,,,
107,36.4,48.2,38,43,2026-03-12 08:12:15.811000+00:00,real,,,,,
107,36.4,45.0,38,43,2026-03-12 08:12:20.934000+00:00,real,,,,,
107,36.4,44.9,38,43,2026-03-12 08:12:25.860000+00:00,real,,,,,
107,36.4,44.6,38,43,2026-03-12 08:12:30.966000+00:00,real,,,,,
107,36.4,42.8,38,43,2026-03-12 08:12:35.884000+00:00,real,,,,,
107,36.4,41.9,38,43,2026-03-12 08:12:40.799000+00:00,real,,,,,
107,36.4,42.6,38,43,2026-03-12 08:12:45.929000+00:00,real,,,,,
107,36.4,41.1,38,43,2026-03-12 08:12:50.833000+00:00,real,,,,,
107,36.4,40.7,38,43,2026-03-12 08:12:55.953000+00:00,real,,,,,
107,36.4,41.1,38,43,2026-03-12 08:13:00.870000+00:00,real,,,,,
107,36.4,40.5,38,43,2026-03-12 08:13:06.188000+00:00,real,,,,,
107,36.4,38.5,38,43,2026-03-12 08:13:10.907000+00:00,real,,,,,
107,36.4,39.4,38,43,2026-03-12 08:13:15.822000+00:00,real,,,,,
107,36.3,39.9,38,43,2026-03-12 08:13:20.944000+00:00,real,,,,,
107,36.2,39.2,38,43,2026-03-12 08:13:26.054000+00:00,real,,,,,
107,36.1,39.5,38,43,2026-03-12 08:13:31.010000+00:00,real,,,,,
107,36.1,39.8,38,43,2026-03-12 08:13:36.096000+00:00,real,,,,,
107,36.0,38.8,38,43,2026-03-12 08:13:41.618000+00:00,real,,,,,
107,35.9,38.5,38,43,2026-03-12 08:13:46.135000+00:00,real,,,,,
107,35.8,38.4,38,43,2026-03-12 08:13:51.043000+00:00,real,,,,,
107,35.7,38.4,38,43,2026-03-12 08:13:56.168000+00:00,real,,,,,
156,38.2,36.1,66,71,2026-03-12 08:16:40.822000+00:00,real,,,,,
157,38.6,37.2,68,73,2026-03-12 08:16:45.950000+00:00,real,,,,,
158,38.6,36.2,69,74,2026-03-12 08:16:50.862000+00:00,real,,,,,
158,38.7,36.1,69,74,2026-03-12 08:16:55.985000+00:00,real,,,,,
158,38.6,35.8,69,74,2026-03-12 08:17:00.897000+00:00,real,,,,,
158,38.4,35.8,69,74,2026-03-12 08:17:05.804000+00:00,real,,,,,
158,38.6,35.3,69,74,2026-03-12 08:17:10.924000+00:00,real,,,,,
158,38.5,35.1,69,74,2026-03-12 08:17:15.836000+00:00,real,,,,,
158,38.7,35.2,69,74,2026-03-12 08:17:20.962000+00:00,real,,,,,
158,39.2,35.1,69,74,2026-03-12 08:17:25.874000+00:00,real,,,,,
158,39.4,35.1,69,74,2026-03-12 08:17:30.997000+00:00,real,,,,,
158,39.5,35.1,69,74,2026-03-12 08:17:35.911000+00:00,real,,,,,
158,39.5,35.2,69,74,2026-03-12 08:17:40.837000+00:00,real,,,,,
158,39.7,36.0,69,74,2026-03-12 08:17:45.963000+00:00,real,,,,,
158,39.8,36.1,69,74,2026-03-12 08:17:51.069000+00:00,real,,,,,
158,39.9,35.4,69,74,2026-03-12 08:17:59.377000+00:00,real,,,,,
158,40.1,35.8,69,74,2026-03-12 08:18:01.089000+00:00,real,,,,,
158,40.0,35.4,69,74,2026-03-12 08:18:06.227000+00:00,real,,,,,
158,39.7,35.3,69,74,2026-03-12 08:18:11.999000+00:00,real,,,,,
158,39.4,35.0,69,74,2026-03-12 08:18:16.270000+00:00,real,,,,,
158,39.3,34.9,69,74,2026-03-12 08:18:21.175000+00:00,real,,,,,
158,39.2,35.0,69,74,2026-03-12 08:18:26.094000+00:00,real,,,,,
158,39.7,34.9,69,74,2026-03-12 08:18:31.241000+00:00,real,,,,,
158,40.0,35.0,69,74,2026-03-12 08:18:36.325000+00:00,real,,,,,
158,40.3,35.1,69,74,2026-03-12 08:18:41.435000+00:00,real,,,,,
158,40.5,35.1,69,74,2026-03-12 08:18:45.971000+00:00,real,,,,,
158,40.7,35.3,69,74,2026-03-12 08:18:51.383000+00:00,real,,,,,
158,40.5,34.9,69,74,2026-03-12 08:18:56.180000+00:00,real,,,,,
158,40.4,34.7,69,74,2026-03-12 08:19:00.915000+00:00,real,,,,,
158,40.3,34.7,69,74,2026-03-12 08:19:05.855000+00:00,real,,,,,
158,40.6,34.8,69,74,2026-03-12 08:19:11.143000+00:00,real,,,,,
158,41.0,35.3,69,74,2026-03-12 08:19:16.284000+00:00,real,,,,,
153,41.2,35.0,60,63,2026-03-12 08:19:21.175000+00:00,real,,,,,
153,41.3,34.9,59,62,2026-03-12 08:19:26.130000+00:00,real,,,,,
124,41.4,35.3,45,47,2026-03-12 08:19:30.796000+00:00,real,,,,,
124,41.1,34.7,45,47,2026-03-12 08:19:35.921000+00:00,real,,,,,
124,40.7,34.5,45,47,2026-03-12 08:19:41.041000+00:00,real,,,,,
122,40.5,34.4,44,47,2026-03-12 08:19:46.733000+00:00,real,,,,,
122,40.8,33.5,44,47,2026-03-12 08:19:51.475000+00:00,real,,,,,
122,41.0,34.5,44,47,2026-03-12 08:19:56.193000+00:00,real,,,,,
122,41.2,33.9,44,47,2026-03-12 08:20:06.283000+00:00,real,,,,,
122,40.9,34.1,44,47,2026-03-12 08:20:11.146000+00:00,real,,,,,
122,40.7,34.1,44,47,2026-03-12 08:20:16.063000+00:00,real,,,,,
122,40.7,34.2,44,47,2026-03-12 08:20:20.977000+00:00,real,,,,,
38,33.0,47.5,9,9,2026-03-12 14:45:09.021000+00:00,real,,,,,
82,33.0,47.5,27,35,2026-03-12 14:45:09.045000+00:00,real,,,,,
82,33.0,47.5,27,27,2026-03-12 14:45:09.049000+00:00,real,,,,,
78,33.0,47.5,25,25,2026-03-12 14:45:09.101000+00:00,real,,,,,
78,33.0,47.5,25,25,2026-03-12 14:45:09.106000+00:00,real,,,,,
78,33.0,47.5,25,25,2026-03-12 14:45:09.226000+00:00,real,,,,,
78,33.0,47.5,25,25,2026-03-12 14:45:09.265000+00:00,real,,,,,
78,33.0,47.5,25,25,2026-03-12 14:45:13.887000+00:00,real,,,,,
78,33.0,48.7,25,25,2026-03-12 14:45:17.776000+00:00,real,,,,,
78,33.0,48.7,25,25,2026-03-12 14:45:22.897000+00:00,real,,,,,
78,33.0,48.7,25,25,2026-03-12 14:45:28.219000+00:00,real,,,,,
78,33.0,48.7,25,25,2026-03-12 14:45:32.935000+00:00,real,,,,,
78,33.0,48.7,25,25,2026-03-12 14:45:37.855000+00:00,real,,,,,
78,33.0,48.7,25,25,2026-03-12 14:45:43.176000+00:00,real,,,,,
78,33.0,48.7,25,25,2026-03-12 14:45:47.911000+00:00,real,,,,,
78,33.0,48.7,25,25,2026-03-12 14:45:53.206000+00:00,real,,,,,
78,33.0,48.7,25,25,2026-03-12 14:45:58.120000+00:00,real,,,,,
78,33.0,48.7,25,25,2026-03-12 14:46:03.063000+00:00,real,,,,,
78,33.0,48.7,25,25,2026-03-12 14:46:08.354000+00:00,real,,,,,
78,33.0,48.7,25,25,2026-03-12 14:46:13.171000+00:00,real,,,,,
78,33.0,48.7,25,25,2026-03-12 14:46:17.985000+00:00,real,,,,,
78,33.0,48.7,25,25,2026-03-12 14:46:22.910000+00:00,real,,,,,
78,33.0,48.7,25,25,2026-03-12 14:46:27.833000+00:00,real,,,,,
78,33.0,48.6,25,25,2026-03-12 14:46:33.174000+00:00,real,,,,,
78,33.0,48.6,25,25,2026-03-12 14:46:38.054000+00:00,real,,,,,
78,33.0,48.6,25,25,2026-03-12 14:46:43.383000+00:00,real,,,,,
78,33.0,48.7,25,25,2026-03-12 14:46:48.080000+00:00,real,,,,,
117,33.0,48.7,42,44,2026-03-12 14:46:53.008000+00:00,real,,,,,
117,33.0,48.6,42,44,2026-03-12 14:46:58.334000+00:00,real,,,,,
117,33.0,48.7,42,44,2026-03-12 14:47:03.046000+00:00,real,,,,,
115,33.0,48.6,41,43,2026-03-12 14:47:07.974000+00:00,real,,,,,
115,33.0,48.6,41,43,2026-03-12 14:47:13.287000+00:00,real,,,,,
117,33.0,48.6,42,43,2026-03-12 14:47:17.991000+00:00,real,,,,,
119,33.0,48.6,43,44,2026-03-12 14:47:23.113000+00:00,real,,,,,
119,33.0,48.6,43,44,2026-03-12 14:47:43.383000+00:00,real,,,,,
119,33.0,48.6,43,44,2026-03-12 14:48:43.404000+00:00,real,,,,,
119,33.0,48.7,43,44,2026-03-12 14:49:11.455000+00:00,real,,,,,
119,33.0,48.7,43,44,2026-03-12 14:49:12.905000+00:00,real,,,,,
119,33.0,48.7,43,44,2026-03-12 14:49:17.795000+00:00,real,,,,,
119,33.0,48.7,43,44,2026-03-12 14:49:23.938000+00:00,real,,,,,
119,33.0,48.7,43,44,2026-03-12 14:49:28.858000+00:00,real,,,,,
119,33.0,48.7,43,44,2026-03-12 14:49:32.955000+00:00,real,,,,,
119,33.0,48.7,43,44,2026-03-12 14:49:38.075000+00:00,real,,,,,
119,33.0,48.7,43,44,2026-03-12 14:49:43+00:00,real,,,,,
119,33.0,48.7,43,44,2026-03-12 14:49:48.103000+00:00,real,,,,,
119,33.0,48.7,43,44,2026-03-12 14:49:53.030000+00:00,real,,,,,
119,33.0,48.6,43,44,2026-03-12 14:49:58.964000+00:00,real,,,,,
119,33.0,48.6,43,44,2026-03-12 14:50:03.158000+00:00,real,,,,,
119,33.0,48.7,43,44,2026-03-12 14:50:07.975000+00:00,real,,,,,
119,33.0,48.7,43,44,2026-03-12 14:50:13.294000+00:00,real,,,,,
119,33.0,48.6,43,44,2026-03-12 14:50:18.004000+00:00,real,,,,,
119,33.0,48.6,43,44,2026-03-12 14:50:23.133000+00:00,real,,,,,
119,33.1,48.7,43,44,2026-03-12 14:50:28.041000+00:00,real,,,,,
119,33.0,48.6,43,44,2026-03-12 14:50:33.003000+00:00,real,,,,,
119,33.1,48.7,43,44,2026-03-12 14:50:38.073000+00:00,real,,,,,
119,33.0,48.6,43,44,2026-03-12 14:50:43.408000+00:00,real,,,,,
119,33.0,48.6,43,44,2026-03-12 14:51:43.622000+00:00,real,,,,,
119,33.1,48.7,43,44,2026-03-12 14:52:43.408000+00:00,real,,,,,
119,33.0,48.7,43,44,2026-03-12 14:52:51.414000+00:00,real,,,,,
119,33.0,48.7,43,44,2026-03-12 14:52:54.063000+00:00,real,,,,,
119,33.0,48.7,43,44,2026-03-12 14:52:57.955000+00:00,real,,,,,
119,33.0,48.7,43,44,2026-03-12 14:53:03.075000+00:00,real,,,,,
119,33.0,48.7,43,44,2026-03-12 14:53:08.402000+00:00,real,,,,,
119,33.0,48.7,43,44,2026-03-12 14:53:13.121000+00:00,real,,,,,
119,33.0,48.7,43,44,2026-03-12 14:53:18.021000+00:00,real,,,,,
119,33.0,48.7,43,44,2026-03-12 14:53:23.175000+00:00,real,,,,,
119,33.0,48.7,43,44,2026-03-12 14:53:28.061000+00:00,real,,,,,
119,33.0,48.7,43,44,2026-03-12 14:53:33.380000+00:00,real,,,,,
119,33.0,48.7,43,44,2026-03-12 14:53:38.094000+00:00,real,,,,,
119,33.0,48.7,43,44,2026-03-12 14:53:43.008000+00:00,real,,,,,
119,33.0,48.7,43,44,2026-03-12 14:53:48.355000+00:00,real,,,,,
119,33.0,48.7,43,44,2026-03-12 14:54:43.038000+00:00,real,,,,,
119,33.1,48.8,43,44,2026-03-12 14:54:48.150000+00:00,real,,,,,
119,33.0,48.7,43,44,2026-03-12 14:56:55.739000+00:00,real,,,,,
119,33.1,48.9,43,44,2026-03-12 14:56:59.812000+00:00,real,,,,,
119,33.0,48.8,43,44,2026-03-12 14:57:04.729000+00:00,real,,,,,
119,33.1,48.9,43,44,2026-03-12 14:57:10.055000+00:00,real,,,,,
112,33.0,48.8,40,41,2026-03-12 14:57:14.769000+00:00,real,,,,,
112,33.0,48.8,40,41,2026-03-12 14:57:20.142000+00:00,real,,,,,
112,33.0,48.8,40,41,2026-03-12 14:57:26.023000+00:00,real,,,,,
112,33.0,48.8,40,41,2026-03-12 14:57:30.360000+00:00,real,,,,,
112,33.1,48.9,40,41,2026-03-12 14:57:35.052000+00:00,real,,,,,
112,33.0,48.8,40,41,2026-03-12 14:57:40.361000+00:00,real,,,,,
112,33.0,48.8,40,41,2026-03-12 14:57:45.099000+00:00,real,,,,,
112,33.0,48.8,40,41,2026-03-12 14:57:50+00:00,real,,,,,
112,33.0,48.8,40,41,2026-03-12 14:57:56.126000+00:00,real,,,,,
112,33.0,48.9,40,41,2026-03-12 14:58:00.025000+00:00,real,,,,,
112,33.0,48.9,40,41,2026-03-12 14:58:05.354000+00:00,real,,,,,
112,33.0,48.9,40,41,2026-03-12 14:58:10.086000+00:00,real,,,,,
112,33.0,48.9,40,41,2026-03-12 14:58:15.413000+00:00,real,,,,,
112,33.0,48.9,40,41,2026-03-12 14:58:43.041000+00:00,real,,,,,
112,33.0,49.0,40,41,2026-03-12 14:59:43.358000+00:00,real,,,,,
112,33.0,49.0,40,41,2026-03-12 14:59:59.238000+00:00,real,,,,,
112,33.0,49.0,40,41,2026-03-12 14:59:59.830000+00:00,real,,,,,
112,33.0,49.1,40,41,2026-03-12 15:00:29.321000+00:00,real,,,,,
112,33.0,49.1,40,41,2026-03-12 15:00:34.235000+00:00,real,,,,,
112,33.1,49.2,40,41,2026-03-12 15:00:39.369000+00:00,real,,,,,
112,33.0,49.1,40,41,2026-03-12 15:00:45.310000+00:00,real,,,,,
112,33.0,49.1,40,41,2026-03-12 15:00:49.182000+00:00,real,,,,,
112,33.0,49.1,40,41,2026-03-12 15:00:54.541000+00:00,real,,,,,
112,33.0,49.1,40,41,2026-03-12 15:00:59.220000+00:00,real,,,,,
112,33.1,49.2,40,41,2026-03-12 15:01:04.340000+00:00,real,,,,,
112,33.0,49.1,40,41,2026-03-12 15:01:10.077000+00:00,real,,,,,
112,33.0,49.1,40,41,2026-03-12 15:01:14.985000+00:00,real,,,,,
122,33.1,49.2,44,44,2026-03-12 15:02:44.487000+00:00,real,,,,,
122,33.0,49.2,44,44,2026-03-12 15:02:49.214000+00:00,real,,,,,
122,33.0,49.2,44,44,2026-03-12 15:02:55.244000+00:00,real,,,,,
122,33.0,49.2,44,44,2026-03-12 15:02:59.632000+00:00,real,,,,,
122,33.0,49.2,44,44,2026-03-12 15:03:04.466000+00:00,real,,,,,
122,33.0,49.2,44,44,2026-03-12 15:03:09.379000+00:00,real,,,,,
122,33.0,49.2,44,44,2026-03-12 15:03:15.006000+00:00,real,,,,,
122,33.0,49.2,44,44,2026-03-12 15:03:20.332000+00:00,real,,,,,
122,33.0,49.2,44,44,2026-03-12 15:03:25.030000+00:00,real,,,,,
122,33.0,49.3,44,44,2026-03-12 15:03:30.378000+00:00,real,,,,,
122,33.1,49.3,44,44,2026-03-12 15:03:35.074000+00:00,real,,,,,
122,33.0,49.3,44,44,2026-03-12 15:03:40.386000+00:00,real,,,,,
122,33.0,49.3,44,44,2026-03-12 15:03:45.209000+00:00,real,,,,,
122,33.0,49.3,44,44,2026-03-12 15:03:50.016000+00:00,real,,,,,
122,33.1,49.3,44,44,2026-03-12 15:03:55.971000+00:00,real,,,,,
122,33.0,49.3,44,44,2026-03-12 15:04:00.060000+00:00,real,,,,,
122,33.0,49.3,44,44,2026-03-12 15:04:04.969000+00:00,real,,,,,
122,33.0,49.3,44,44,2026-03-12 15:04:10.297000+00:00,real,,,,,
122,33.0,49.3,44,44,2026-03-12 15:04:18.702000+00:00,real,,,,,
122,33.0,49.3,44,44,2026-03-12 15:04:19.526000+00:00,real,,,,,
122,33.0,49.4,44,44,2026-03-12 15:04:24.633000+00:00,real,,,,,
122,33.1,49.5,44,44,2026-03-12 15:04:29.339000+00:00,real,,,,,
119,33.0,49.4,43,44,2026-03-12 15:04:34.268000+00:00,real,,,,,
119,33.1,49.5,43,44,2026-03-12 15:04:39.794000+00:00,real,,,,,
119,33.1,49.5,43,44,2026-03-12 15:04:44.307000+00:00,real,,,,,
119,33.1,49.5,43,44,2026-03-12 15:04:49.612000+00:00,real,,,,,
119,33.1,49.5,43,44,2026-03-12 15:04:54.172000+00:00,real,,,,,
119,33.1,49.5,43,44,2026-03-12 15:05:00.469000+00:00,real,,,,,
119,33.1,49.5,43,44,2026-03-12 15:05:05.381000+00:00,real,,,,,
119,33.1,49.6,43,44,2026-03-12 15:05:09.279000+00:00,real,,,,,
119,33.1,49.6,43,44,2026-03-12 15:05:14.185000+00:00,real,,,,,
119,33.0,49.5,43,44,2026-03-12 15:05:19.512000+00:00,real,,,,,
119,33.1,49.6,43,44,2026-03-12 15:05:24.222000+00:00,real,,,,,
119,33.1,49.6,43,44,2026-03-12 15:05:27.720000+00:00,real,,,,,
119,33.1,49.6,43,44,2026-03-12 15:05:29.563000+00:00,real,,,,,
119,33.0,49.5,43,44,2026-03-12 15:05:34.260000+00:00,real,,,,,
119,33.1,49.6,43,44,2026-03-12 15:05:39.587000+00:00,real,,,,,
119,33.1,49.6,43,44,2026-03-12 15:05:44.295000+00:00,real,,,,,
119,33.1,49.6,43,44,2026-03-12 15:05:49.621000+00:00,real,,,,,
119,33.1,49.6,43,44,2026-03-12 15:05:55.183000+00:00,real,,,,,
119,33.1,49.6,43,44,2026-03-12 15:06:00.672000+00:00,real,,,,,
119,33.1,49.6,43,44,2026-03-12 15:06:05+00:00,real,,,,,
119,33.1,49.6,43,44,2026-03-12 15:06:11.139000+00:00,real,,,,,
119,33.1,49.6,43,44,2026-03-12 15:06:15.030000+00:00,real,,,,,
119,33.1,49.6,43,44,2026-03-12 15:06:20.397000+00:00,real,,,,,
119,33.1,49.6,43,44,2026-03-12 15:06:25.063000+00:00,real,,,,,
119,33.1,49.6,43,44,2026-03-12 15:06:30.995000+00:00,real,,,,,
119,33.1,49.6,43,44,2026-03-12 15:06:35.081000+00:00,real,,,,,
119,33.0,49.6,43,44,2026-03-12 15:06:40.414000+00:00,real,,,,,
119,33.1,49.6,43,44,2026-03-12 15:06:45.119000+00:00,real,,,,,
119,33.1,49.7,43,44,2026-03-12 15:06:50.282000+00:00,real,,,,,
119,33.1,49.6,43,44,2026-03-12 15:07:43.076000+00:00,real,,,,,
119,33.1,49.7,43,44,2026-03-12 15:08:43.532000+00:00,real,,,,,
42,33.1,49.2,10,10,2026-03-12 15:15:26.119000+00:00,real,,,,,
105,33.1,49.2,37,37,2026-03-12 15:15:26.156000+00:00,real,,,,,
95,33.1,49.2,33,33,2026-03-12 15:15:26.166000+00:00,real,,,,,
112,33.1,49.2,40,40,2026-03-12 15:15:26.213000+00:00,real,,,,,
112,33.1,49.2,40,40,2026-03-12 15:15:26.235000+00:00,real,,,,,
112,33.1,49.2,40,40,2026-03-12 15:15:30.209000+00:00,real,,,,,
112,33.1,50.5,40,40,2026-03-12 15:15:36.074000+00:00,real,,,,,
112,33.1,50.5,40,40,2026-03-12 15:15:42.591000+00:00,real,,,,,
112,33.1,50.5,40,40,2026-03-12 15:15:46.246000+00:00,real,,,,,
112,33.1,50.5,40,40,2026-03-12 15:15:51.596000+00:00,real,,,,,
112,33.1,50.5,40,40,2026-03-12 15:15:55.830000+00:00,real,,,,,
112,33.1,50.5,40,40,2026-03-12 15:16:00.148000+00:00,real,,,,,
112,33.1,50.5,40,40,2026-03-12 15:16:05.296000+00:00,real,,,,,
112,33.1,50.5,40,40,2026-03-12 15:16:10.367000+00:00,real,,,,,
112,33.1,50.4,40,40,2026-03-12 15:16:15.069000+00:00,real,,,,,
112,33.1,50.4,40,40,2026-03-12 15:16:20.015000+00:00,real,,,,,
112,33.1,50.4,40,40,2026-03-12 15:16:43.836000+00:00,real,,,,,
112,33.1,50.4,40,40,2026-03-12 15:17:58.722000+00:00,real,,,,,
112,33.1,50.5,40,40,2026-03-12 15:18:03.394000+00:00,real,,,,,
112,33.1,50.5,40,40,2026-03-12 15:18:08.740000+00:00,real,,,,,
112,33.1,50.5,40,40,2026-03-12 15:18:13.446000+00:00,real,,,,,
112,33.1,50.5,40,40,2026-03-12 15:18:19.390000+00:00,real,,,,,
112,33.1,50.5,40,40,2026-03-12 15:18:23.672000+00:00,real,,,,,
112,33.1,50.5,40,40,2026-03-12 15:18:29.026000+00:00,real,,,,,
112,33.1,50.5,40,40,2026-03-12 15:18:34.139000+00:00,real,,,,,
112,33.1,50.5,40,40,2026-03-12 15:18:39.446000+00:00,real,,,,,
112,33.1,50.5,40,40,2026-03-12 15:18:44.165000+00:00,real,,,,,
112,33.2,50.6,40,40,2026-03-12 15:18:49.081000+00:00,real,,,,,
112,33.2,50.6,40,40,2026-03-12 15:18:54.407000+00:00,real,,,,,
112,33.2,50.6,40,40,2026-03-12 15:18:59.115000+00:00,real,,,,,
112,33.2,50.6,40,40,2026-03-12 15:19:04.067000+00:00,real,,,,,
112,33.2,50.6,40,40,2026-03-12 15:19:09.356000+00:00,real,,,,,
112,33.2,50.5,40,40,2026-03-12 15:19:13.660000+00:00,real,,,,,
112,33.2,50.5,40,40,2026-03-12 15:19:18.990000+00:00,real,,,,,
112,33.2,50.5,40,40,2026-03-12 15:19:25.155000+00:00,real,,,,,
117,33.2,49.1,42,44,2026-03-12 15:19:34.140000+00:00,real,,,,,
117,33.2,50.5,42,44,2026-03-12 15:19:39.053000+00:00,real,,,,,
117,33.2,50.5,42,44,2026-03-12 15:19:44.374000+00:00,real,,,,,
117,33.2,50.6,42,44,2026-03-12 15:19:49.088000+00:00,real,,,,,
117,33.2,50.5,42,44,2026-03-12 15:19:54.037000+00:00,real,,,,,
117,33.2,50.5,42,44,2026-03-12 15:20:00.146000+00:00,real,,,,,
117,33.2,50.5,42,44,2026-03-12 15:20:04.455000+00:00,real,,,,,
117,33.2,50.5,42,44,2026-03-12 15:20:09.163000+00:00,real,,,,,
117,33.3,50.6,42,44,2026-03-12 15:20:14.338000+00:00,real,,,,,
117,33.2,50.5,42,44,2026-03-12 15:20:18.367000+00:00,real,,,,,
117,33.3,50.6,42,44,2026-03-12 15:20:24.100000+00:00,real,,,,,
117,33.3,50.6,42,44,2026-03-12 15:20:29.437000+00:00,real,,,,,
117,33.3,50.6,42,44,2026-03-12 15:20:33.324000+00:00,real,,,,,
117,33.2,50.5,42,44,2026-03-12 15:20:40.079000+00:00,real,,,,,
117,33.2,50.5,42,44,2026-03-12 15:20:43.966000+00:00,real,,,,,
117,33.3,50.6,42,44,2026-03-12 15:20:49.499000+00:00,real,,,,,
117,33.3,50.6,42,44,2026-03-12 15:20:54.010000+00:00,real,,,,,
117,33.3,50.6,42,44,2026-03-12 15:20:59.329000+00:00,real,,,,,
117,33.3,50.6,42,44,2026-03-12 15:21:05.064000+00:00,real,,,,,
117,33.3,50.6,42,44,2026-03-12 15:21:08.950000+00:00,real,,,,,
117,33.2,50.6,42,44,2026-03-12 15:21:14.073000+00:00,real,,,,,
117,33.3,50.6,42,44,2026-03-12 15:21:19.398000+00:00,real,,,,,
117,33.3,50.6,42,44,2026-03-12 15:21:24.150000+00:00,real,,,,,
117,33.2,50.6,42,44,2026-03-12 15:21:29.038000+00:00,real,,,,,
117,33.3,50.7,42,44,2026-03-12 15:21:35.171000+00:00,real,,,,,
117,33.3,50.7,42,44,2026-03-12 15:21:39.055000+00:00,real,,,,,
117,33.3,50.7,42,44,2026-03-12 15:21:43.996000+00:00,real,,,,,
117,33.3,50.6,42,44,2026-03-12 15:21:50.165000+00:00,real,,,,,
117,33.3,50.6,42,44,2026-03-12 15:21:54.422000+00:00,real,,,,,
117,33.3,50.6,42,44,2026-03-12 15:21:59.128000+00:00,real,,,,,
117,33.3,50.6,42,44,2026-03-12 15:22:04.044000+00:00,real,,,,,
117,33.3,50.6,42,44,2026-03-12 15:22:10.390000+00:00,real,,,,,
38,29.9,41.3,9,9,2026-03-13 15:05:49.725000+00:00,real,,,,,
78,29.9,41.2,25,25,2026-03-13 15:05:54.685000+00:00,real,,,,,
89,29.9,42.6,30,30,2026-03-13 15:05:59.697000+00:00,real,,,,,
68,29.8,42.5,20,20,2026-03-13 15:06:04.739000+00:00,real,,,,,
68,29.9,42.5,20,20,2026-03-13 15:06:09.637000+00:00,real,,,,,
68,29.8,42.5,20,20,2026-03-13 15:06:15.381000+00:00,real,,,,,
68,29.8,42.5,20,20,2026-03-13 15:06:22.011000+00:00,real,,,,,
70,29.9,42.6,21,21,2026-03-13 15:06:27.310000+00:00,real,,,,,
70,29.9,42.5,21,21,2026-03-13 15:06:32.110000+00:00,real,,,,,
70,29.9,42.5,21,21,2026-03-13 15:06:36.905000+00:00,real,,,,,
70,29.9,42.4,21,21,2026-03-13 15:06:41.777000+00:00,real,,,,,
70,29.8,42.3,21,21,2026-03-13 15:06:46.945000+00:00,real,,,,,
70,29.8,42.2,21,21,2026-03-13 15:06:53.950000+00:00,real,,,,,
70,29.8,42.1,21,21,2026-03-13 15:06:58.125000+00:00,real,,,,,
70,29.8,42.2,21,21,2026-03-13 15:07:02.701000+00:00,real,,,,,
70,29.8,42.1,21,21,2026-03-13 15:07:10.980000+00:00,real,,,,,
70,29.8,42.2,21,21,2026-03-13 15:07:14.412000+00:00,real,,,,,
70,29.8,42.2,21,21,2026-03-13 15:07:18.120000+00:00,real,,,,,
70,29.8,42.2,21,21,2026-03-13 15:07:39.944000+00:00,real,,,,,
70,29.8,42.3,21,21,2026-03-13 15:07:44.993000+00:00,real,,,,,
70,29.8,42.2,21,21,2026-03-13 15:07:50.008000+00:00,real,,,,,
70,29.8,42.1,21,21,2026-03-13 15:07:54.909000+00:00,real,,,,,
70,29.8,42.2,21,21,2026-03-13 15:07:59.813000+00:00,real,,,,,
70,29.8,42.2,21,21,2026-03-13 15:08:07.338000+00:00,real,,,,,
70,29.8,42.1,21,21,2026-03-13 15:08:10.480000+00:00,real,,,,,
70,29.8,42.1,21,21,2026-03-13 15:08:16.731000+00:00,real,,,,,
70,29.7,41.9,21,21,2026-03-13 15:08:21.405000+00:00,real,,,,,
70,29.7,41.9,21,21,2026-03-13 15:08:26.012000+00:00,real,,,,,
70,29.7,42.0,21,21,2026-03-13 15:08:30.495000+00:00,real,,,,,
70,29.7,41.9,21,21,2026-03-13 15:08:37.579000+00:00,real,,,,,
70,29.7,41.9,21,21,2026-03-13 15:08:42.749000+00:00,real,,,,,
70,29.7,41.8,21,21,2026-03-13 15:08:47.298000+00:00,real,,,,,
70,29.7,41.8,21,21,2026-03-13 15:08:51.376000+00:00,real,,,,,
70,29.7,41.9,21,21,2026-03-13 15:08:55.337000+00:00,real,,,,,
70,29.7,42.0,21,21,2026-03-13 15:09:01.123000+00:00,real,,,,,
70,29.7,41.9,21,21,2026-03-13 15:09:07.388000+00:00,real,,,,,
70,29.7,41.8,21,21,2026-03-13 15:09:11.395000+00:00,real,,,,,
70,29.7,41.8,21,21,2026-03-13 15:09:16.964000+00:00,real,,,,,
70,29.7,41.9,21,21,2026-03-13 15:09:20.973000+00:00,real,,,,,
70,29.8,41.9,21,21,2026-03-13 15:09:46.298000+00:00,real,,,,,
76,29.6,41.4,24,24,2026-03-13 15:15:40.928000+00:00,real,,,,,
76,29.5,40.7,24,24,2026-03-13 15:15:45.947000+00:00,real,,,,,
76,29.5,40.8,24,24,2026-03-13 15:15:51.060000+00:00,real,,,,,
76,29.4,40.7,24,24,2026-03-13 15:15:56.367000+00:00,real,,,,,
76,29.4,40.7,24,24,2026-03-13 15:16:01.934000+00:00,real,,,,,
76,29.5,40.8,24,24,2026-03-13 15:16:08.804000+00:00,real,,,,,
76,29.4,40.7,24,24,2026-03-13 15:16:13.360000+00:00,real,,,,,
76,29.4,40.8,24,24,2026-03-13 15:16:19.084000+00:00,real,,,,,
76,29.4,40.8,24,24,2026-03-13 15:16:23.423000+00:00,real,,,,,
76,29.4,40.6,24,24,2026-03-13 15:16:30.958000+00:00,real,,,,,
76,29.4,40.6,24,24,2026-03-13 15:16:32.677000+00:00,real,,,,,
76,29.4,40.7,24,24,2026-03-13 15:16:37.951000+00:00,real,,,,,
76,29.4,40.7,24,24,2026-03-13 15:16:43.020000+00:00,real,,,,,
76,29.4,40.6,24,24,2026-03-13 15:16:52.193000+00:00,real,,,,,
76,29.4,40.6,24,24,2026-03-13 15:16:53.056000+00:00,real,,,,,
76,29.5,40.7,24,24,2026-03-13 15:17:02.608000+00:00,real,,,,,
76,29.4,40.7,24,24,2026-03-13 15:17:06.655000+00:00,real,,,,,
76,29.4,40.6,24,24,2026-03-13 15:17:08.453000+00:00,real,,,,,
76,29.4,40.6,24,24,2026-03-13 15:17:17.825000+00:00,real,,,,,
76,29.4,40.6,24,24,2026-03-13 15:17:19.421000+00:00,real,,,,,
76,29.4,40.6,24,24,2026-03-13 15:17:27.278000+00:00,real,,,,,
76,29.4,40.6,24,24,2026-03-13 15:17:29.924000+00:00,real,,,,,
76,29.4,40.6,24,24,2026-03-13 15:17:41.005000+00:00,real,,,,,
76,29.4,40.5,24,24,2026-03-13 15:17:43.837000+00:00,real,,,,,
76,29.4,40.4,24,24,2026-03-13 15:17:46.406000+00:00,real,,,,,
76,29.4,40.4,24,24,2026-03-13 15:17:53.657000+00:00,real,,,,,
76,29.4,40.5,24,24,2026-03-13 15:17:59.449000+00:00,real,,,,,
76,29.4,40.4,24,24,2026-03-13 15:18:03.644000+00:00,real,,,,,
76,29.4,40.4,24,24,2026-03-13 15:18:09.686000+00:00,real,,,,,
78,29.4,40.4,25,26,2026-03-13 15:18:14.498000+00:00,real,,,,,
78,29.4,40.4,25,26,2026-03-13 15:18:20.304000+00:00,real,,,,,
78,29.4,40.4,25,26,2026-03-13 15:18:24.369000+00:00,real,,,,,
78,29.4,40.4,25,26,2026-03-13 15:18:30.584000+00:00,real,,,,,
78,29.3,40.4,25,26,2026-03-13 15:18:34.562000+00:00,real,,,,,
78,29.3,40.4,25,26,2026-03-13 15:18:39.746000+00:00,real,,,,,
78,29.3,40.4,25,26,2026-03-13 15:18:45.473000+00:00,real,,,,,
78,29.4,40.5,25,26,2026-03-13 15:18:50.213000+00:00,real,,,,,
78,29.3,40.4,25,26,2026-03-13 15:18:58.174000+00:00,real,,,,,
78,29.3,40.4,25,26,2026-03-13 15:19:00.096000+00:00,real,,,,,
78,29.4,40.4,25,26,2026-03-13 15:19:35.047000+00:00,real,,,,,
78,29.3,40.1,25,26,2026-03-13 15:19:37.076000+00:00,real,,,,,
78,29.3,40.2,25,26,2026-03-13 15:19:42.189000+00:00,real,,,,,
78,29.3,40.2,25,26,2026-03-13 15:19:46.376000+00:00,real,,,,,
78,29.3,40.2,25,26,2026-03-13 15:19:51.282000+00:00,real,,,,,
78,29.3,40.2,25,26,2026-03-13 15:19:56.967000+00:00,real,,,,,
78,29.3,40.3,25,26,2026-03-13 15:20:03.514000+00:00,real,,,,,
78,29.3,40.2,25,26,2026-03-13 15:20:08.533000+00:00,real,,,,,
78,29.3,40.2,25,26,2026-03-13 15:20:13.155000+00:00,real,,,,,
78,29.3,40.1,25,26,2026-03-13 15:20:18.003000+00:00,real,,,,,
78,29.3,40.2,25,26,2026-03-13 15:20:22.849000+00:00,real,,,,,
78,29.3,40.2,25,26,2026-03-13 15:20:29.525000+00:00,real,,,,,
78,29.3,40.2,25,26,2026-03-13 15:20:34.666000+00:00,real,,,,,
78,29.3,40.2,25,26,2026-03-13 15:20:40.229000+00:00,real,,,,,
78,29.3,40.1,25,26,2026-03-13 15:20:44.106000+00:00,real,,,,,
78,29.3,40.1,25,26,2026-03-13 15:20:49.794000+00:00,real,,,,,
78,29.3,40.1,25,26,2026-03-13 15:20:54.435000+00:00,real,,,,,
78,29.3,40.2,25,26,2026-03-13 15:20:59.529000+00:00,real,,,,,
78,29.3,40.1,25,26,2026-03-13 15:21:03.859000+00:00,real,,,,,
78,29.3,40.1,25,26,2026-03-13 15:21:09.290000+00:00,real,,,,,
78,29.3,40.1,25,26,2026-03-13 15:21:15.808000+00:00,real,,,,,
78,29.3,40.2,25,26,2026-03-13 15:21:22.001000+00:00,real,,,,,
78,29.3,40.1,25,26,2026-03-13 15:21:23.362000+00:00,real,,,,,
78,29.3,40.1,25,26,2026-03-13 15:21:32.332000+00:00,real,,,,,
78,29.3,40.0,25,26,2026-03-13 15:21:32.345000+00:00,real,,,,,
78,29.3,40.0,25,26,2026-03-13 15:21:47.514000+00:00,real,,,,,
78,29.3,40.0,25,26,2026-03-13 15:25:38.833000+00:00,real,,,,,
78,29.9,39.7,25,26,2026-03-13 15:25:44+00:00,real,,,,,
78,29.9,39.6,25,26,2026-03-13 15:25:48.862000+00:00,real,,,,,
78,29.9,39.6,25,26,2026-03-13 15:25:53.780000+00:00,real,,,,,
78,30.0,39.6,25,26,2026-03-13 15:25:59.248000+00:00,real,,,,,
78,30.0,39.6,25,26,2026-03-13 15:26:04.877000+00:00,real,,,,,
78,30.0,39.6,25,26,2026-03-13 15:26:13.398000+00:00,real,,,,,
78,30.0,39.6,25,26,2026-03-13 15:26:19.372000+00:00,real,,,,,
78,30.1,39.6,25,26,2026-03-13 15:26:19.387000+00:00,real,,,,,
78,30.1,39.5,25,26,2026-03-13 15:26:24.891000+00:00,real,,,,,
78,30.1,39.5,25,26,2026-03-13 15:26:33.392000+00:00,real,,,,,
78,30.2,39.6,25,26,2026-03-13 15:26:38.205000+00:00,real,,,,,
78,30.2,39.5,25,26,2026-03-13 15:26:42.631000+00:00,real,,,,,
78,30.2,39.5,25,26,2026-03-13 15:26:48.832000+00:00,real,,,,,
78,30.2,39.5,25,26,2026-03-13 15:26:54.652000+00:00,real,,,,,
78,30.2,39.4,25,26,2026-03-13 15:26:59.235000+00:00,real,,,,,
78,30.2,39.4,25,26,2026-03-13 15:27:05.235000+00:00,real,,,,,
78,30.3,39.4,25,26,2026-03-13 15:27:06.047000+00:00,real,,,,,
78,30.3,39.4,25,26,2026-03-13 15:27:15.623000+00:00,real,,,,,
78,30.3,39.4,25,26,2026-03-13 15:27:16.636000+00:00,real,,,,,
78,30.3,39.3,25,26,2026-03-13 15:27:42.656000+00:00,real,,,,,
78,30.3,39.3,25,26,2026-03-13 15:27:42.664000+00:00,real,,,,,
78,30.5,39.4,25,26,2026-03-13 15:27:50.052000+00:00,real,,,,,
78,30.5,39.3,25,26,2026-03-13 15:27:50.165000+00:00,real,,,,,
78,30.5,39.3,25,26,2026-03-13 15:27:56.428000+00:00,real,,,,,
78,30.5,39.3,25,26,2026-03-13 15:28:03.516000+00:00,real,,,,,
78,30.5,39.3,25,26,2026-03-13 15:28:05.422000+00:00,real,,,,,
78,30.6,39.3,25,26,2026-03-13 15:28:10.994000+00:00,real,,,,,
78,30.6,39.3,25,26,2026-03-13 15:28:16.846000+00:00,real,,,,,
78,30.5,39.2,25,26,2026-03-13 15:28:23.374000+00:00,real,,,,,
78,30.6,39.3,25,26,2026-03-13 15:35:00.403000+00:00,real,,,,,
78,31.4,39.4,25,26,2026-03-13 15:35:05.297000+00:00,real,,,,,
78,31.4,39.4,25,26,2026-03-13 15:35:10.406000+00:00,real,,,,,
78,31.4,39.4,25,26,2026-03-13 15:35:15.333000+00:00,real,,,,,
78,31.4,39.4,25,26,2026-03-13 15:35:20.451000+00:00,real,,,,,
78,31.4,39.4,25,26,2026-03-13 15:35:25.352000+00:00,real,,,,,
78,31.4,39.4,25,26,2026-03-13 15:35:30.482000+00:00,real,,,,,
78,31.4,39.4,25,26,2026-03-13 15:35:35.390000+00:00,real,,,,,
78,31.4,39.4,25,26,2026-03-13 15:35:40.324000+00:00,real,,,,,
78,31.4,39.4,25,26,2026-03-13 15:35:45.457000+00:00,real,,,,,
78,31.4,39.4,25,26,2026-03-13 15:35:50.338000+00:00,real,,,,,
78,31.4,39.4,25,26,2026-03-13 15:35:55.476000+00:00,real,,,,,
78,31.4,39.4,25,26,2026-03-13 15:36:00.379000+00:00,real,,,,,
78,31.4,39.4,25,26,2026-03-13 15:36:05.384000+00:00,real,,,,,
78,31.4,39.4,25,26,2026-03-13 15:36:10.410000+00:00,real,,,,,
78,31.4,39.4,25,26,2026-03-13 15:36:15.356000+00:00,real,,,,,
78,31.4,39.5,25,26,2026-03-13 15:36:20.465000+00:00,real,,,,,
78,31.4,39.5,25,26,2026-03-13 15:36:46.379000+00:00,real,,,,,
78,31.5,39.6,25,26,2026-03-13 15:37:46.461000+00:00,real,,,,,
78,31.5,39.9,25,26,2026-03-13 15:38:08.775000+00:00,real,,,,,
78,31.5,39.9,25,26,2026-03-13 15:38:10.452000+00:00,real,,,,,
78,31.5,39.9,25,26,2026-03-13 15:38:41.793000+00:00,real,,,,,
78,31.6,40.2,25,26,2026-03-13 15:38:46.894000+00:00,real,,,,,
78,31.6,40.2,25,26,2026-03-13 15:38:51.789000+00:00,real,,,,,
78,31.6,40.2,25,26,2026-03-13 15:38:56.914000+00:00,real,,,,,
78,31.6,40.2,25,26,2026-03-13 15:39:02.426000+00:00,real,,,,,
78,31.6,40.1,25,26,2026-03-13 15:39:07.343000+00:00,real,,,,,
78,31.6,40.2,25,26,2026-03-13 15:39:12.492000+00:00,real,,,,,
78,31.5,40.1,25,26,2026-03-13 15:39:17.395000+00:00,real,,,,,
78,31.6,40.2,25,26,2026-03-13 15:39:22.311000+00:00,real,,,,,
78,31.6,40.2,25,26,2026-03-13 15:39:27.411000+00:00,real,,,,,
78,31.6,40.2,25,26,2026-03-13 15:39:32.350000+00:00,real,,,,,
78,31.6,40.2,25,26,2026-03-13 15:39:37.447000+00:00,real,,,,,
78,31.6,40.2,25,26,2026-03-13 15:39:42.376000+00:00,real,,,,,
78,31.6,40.2,25,26,2026-03-13 15:39:47.295000+00:00,real,,,,,
78,31.6,40.2,25,26,2026-03-13 15:39:52.426000+00:00,real,,,,,
78,31.6,40.2,25,26,2026-03-13 15:39:57.319000+00:00,real,,,,,
78,31.6,40.2,25,26,2026-03-13 15:40:46.485000+00:00,real,,,,,
78,31.6,40.2,25,26,2026-03-13 15:41:46.688000+00:00,real,,,,,
78,31.7,40.4,25,26,2026-03-13 15:42:19.860000+00:00,real,,,,,
78,31.7,40.5,25,26,2026-03-13 15:42:49.582000+00:00,real,,,,,
78,31.7,40.6,25,26,2026-03-13 15:42:54.482000+00:00,real,,,,,
78,31.7,40.6,25,26,2026-03-13 15:42:59.605000+00:00,real,,,,,
78,31.7,40.6,25,26,2026-03-13 15:43:04.528000+00:00,real,,,,,
78,31.7,40.6,25,26,2026-03-13 15:43:09.628000+00:00,real,,,,,
78,31.7,40.6,25,26,2026-03-13 15:43:14.543000+00:00,real,,,,,
78,31.7,40.6,25,26,2026-03-13 15:43:19.460000+00:00,real,,,,,
78,31.7,40.7,25,26,2026-03-13 15:43:24.614000+00:00,real,,,,,
78,31.7,40.6,25,26,2026-03-13 15:43:29.516000+00:00,real,,,,,
78,31.7,40.6,25,26,2026-03-13 15:43:34.823000+00:00,real,,,,,
78,31.8,40.7,25,26,2026-03-13 15:43:40.353000+00:00,real,,,,,
78,31.7,40.7,25,26,2026-03-13 15:43:44.682000+00:00,real,,,,,
78,31.7,40.7,25,26,2026-03-13 15:43:49.564000+00:00,real,,,,,
78,31.8,40.8,25,26,2026-03-13 15:43:54.731000+00:00,real,,,,,
78,31.7,40.8,25,26,2026-03-13 15:43:59.616000+00:00,real,,,,,
78,31.8,40.9,25,26,2026-03-13 15:44:04.545000+00:00,real,,,,,
78,31.8,40.9,25,26,2026-03-13 15:44:09.647000+00:00,real,,,,,
78,31.7,40.8,25,26,2026-03-13 15:44:15.374000+00:00,real,,,,,
78,31.8,40.9,25,26,2026-03-13 15:44:20.311000+00:00,real,,,,,
78,31.8,40.9,25,26,2026-03-13 15:44:24.592000+00:00,real,,,,,
78,31.8,40.9,25,26,2026-03-13 15:44:30.328000+00:00,real,,,,,
84,31.7,40.9,28,28,2026-03-13 15:44:35.649000+00:00,real,,,,,
84,31.8,40.9,28,28,2026-03-13 15:44:40.349000+00:00,real,,,,,
84,31.7,40.9,28,28,2026-03-13 15:44:45.469000+00:00,real,,,,,
84,31.8,40.9,28,28,2026-03-13 15:44:50.401000+00:00,real,,,,,
87,31.8,41.0,29,29,2026-03-13 15:44:55.346000+00:00,real,,,,,
87,31.8,41.0,29,29,2026-03-13 15:44:59.631000+00:00,real,,,,,
87,31.7,41.0,29,29,2026-03-13 15:45:04.519000+00:00,real,,,,,
87,31.7,41.0,29,29,2026-03-13 15:45:10.464000+00:00,real,,,,,
87,31.8,41.0,29,29,2026-03-13 15:45:15.170000+00:00,real,,,,,
87,31.8,41.1,29,29,2026-03-13 15:45:19.475000+00:00,real,,,,,
87,31.8,41.1,29,29,2026-03-13 15:45:25.455000+00:00,real,,,,,
87,31.8,41.1,29,29,2026-03-13 15:45:30.318000+00:00,real,,,,,
87,31.8,41.1,29,29,2026-03-13 15:45:35.467000+00:00,real,,,,,
87,31.8,41.1,29,29,2026-03-13 15:45:40.351000+00:00,real,,,,,
87,31.8,41.1,29,29,2026-03-13 15:45:45.282000+00:00,real,,,,,
87,31.8,41.2,29,29,2026-03-13 15:45:50.411000+00:00,real,,,,,
87,31.8,41.2,29,29,2026-03-13 15:45:55.320000+00:00,real,,,,,
87,31.8,41.2,29,29,2026-03-13 15:46:00.480000+00:00,real,,,,,
87,31.8,41.2,29,29,2026-03-13 15:46:05.353000+00:00,real,,,,,
87,31.8,41.2,29,29,2026-03-13 15:46:10.478000+00:00,real,,,,,
87,31.8,41.2,29,29,2026-03-13 15:46:15.365000+00:00,real,,,,,
82,31.8,41.2,27,27,2026-03-13 15:46:20.313000+00:00,real,,,,,
82,31.8,41.2,27,27,2026-03-13 15:46:46.307000+00:00,real,,,,,
82,31.8,41.2,27,27,2026-03-13 15:47:46.323000+00:00,real,,,,,
82,31.8,41.2,27,27,2026-03-13 15:48:46.313000+00:00,real,,,,,
82,31.9,41.5,27,27,2026-03-13 15:49:46.343000+00:00,real,,,,,
82,31.9,41.5,27,27,2026-03-13 15:50:46.393000+00:00,real,,,,,
82,31.9,41.7,27,27,2026-03-13 15:51:28.753000+00:00,real,,,,,
82,31.9,41.7,27,27,2026-03-13 15:51:29.548000+00:00,real,,,,,
82,31.9,41.7,27,27,2026-03-13 15:51:34.463000+00:00,real,,,,,
82,31.9,41.8,27,27,2026-03-13 15:51:39.557000+00:00,real,,,,,
82,31.9,41.8,27,27,2026-03-13 15:51:44.498000+00:00,real,,,,,
82,31.9,41.8,27,27,2026-03-13 15:51:49.625000+00:00,real,,,,,
82,31.9,41.8,27,27,2026-03-13 15:51:55.346000+00:00,real,,,,,
82,31.9,41.8,27,27,2026-03-13 15:52:00.462000+00:00,real,,,,,
87,31.9,41.8,29,30,2026-03-13 15:52:00.506000+00:00,real,,,,,
87,31.9,41.8,29,30,2026-03-13 15:52:06.427000+00:00,real,,,,,
89,31.9,41.8,30,31,2026-03-13 15:52:11.308000+00:00,real,,,,,
89,31.9,41.8,30,31,2026-03-13 15:52:16.439000+00:00,real,,,,,
89,31.9,41.8,30,31,2026-03-13 15:52:21.361000+00:00,real,,,,,
89,32.0,41.9,30,31,2026-03-13 15:52:26.513000+00:00,real,,,,,
89,32.0,41.9,30,31,2026-03-13 15:52:31.404000+00:00,real,,,,,
89,32.0,41.9,30,31,2026-03-13 15:52:36.510000+00:00,real,,,,,
89,32.0,41.9,30,31,2026-03-13 15:52:41.416000+00:00,real,,,,,
89,32.0,41.9,30,31,2026-03-13 15:52:45.313000+00:00,real,,,,,
89,31.9,41.9,30,31,2026-03-13 15:52:50.573000+00:00,real,,,,,
89,31.9,41.9,30,31,2026-03-13 15:52:55.345000+00:00,real,,,,,
87,32.0,42.0,29,30,2026-03-13 15:53:00.512000+00:00,real,,,,,
87,32.0,42.0,29,30,2026-03-13 15:53:06.436000+00:00,real,,,,,
87,31.9,41.9,29,31,2026-03-13 15:53:11.313000+00:00,real,,,,,
84,32.0,42.0,28,30,2026-03-13 15:53:16.549000+00:00,real,,,,,
84,31.9,41.9,28,30,2026-03-13 15:53:21.346000+00:00,real,,,,,
84,32.0,42.0,28,30,2026-03-13 15:53:26.483000+00:00,real,,,,,
84,32.0,42.0,28,30,2026-03-13 15:53:31.391000+00:00,real,,,,,
84,32.0,42.0,28,30,2026-03-13 15:53:36.306000+00:00,real,,,,,
84,32.0,42.0,28,30,2026-03-13 15:53:41.428000+00:00,real,,,,,
84,32.0,42.0,28,30,2026-03-13 15:53:46.331000+00:00,real,,,,,
84,32.0,42.0,28,30,2026-03-13 15:53:51.459000+00:00,real,,,,,
84,32.0,42.0,28,30,2026-03-13 15:53:56.527000+00:00,real,,,,,
84,32.0,42.0,28,30,2026-03-13 15:54:04.795000+00:00,real,,,,,
84,32.0,42.0,28,30,2026-03-13 15:54:05.412000+00:00,real,,,,,
87,32.0,42.0,29,30,2026-03-13 15:54:10.294000+00:00,real,,,,,
87,32.0,42.0,29,30,2026-03-13 15:54:15.418000+00:00,real,,,,,
87,32.0,42.1,29,30,2026-03-13 15:54:20.376000+00:00,real,,,,,
87,32.0,42.1,29,30,2026-03-13 15:54:26.281000+00:00,real,,,,,
87,32.0,42.1,29,30,2026-03-13 15:54:31.417000+00:00,real,,,,,
61,32.2,45.0,17,17,2026-03-13 17:55:13.342000+00:00,real,,,,,
91,32.1,44.9,31,37,2026-03-13 17:55:18.195000+00:00,real,,,,,
76,32.1,46.3,24,33,2026-03-13 17:55:23.316000+00:00,real,,,,,
91,32.1,46.3,31,31,2026-03-13 17:55:28.196000+00:00,real,,,,,
91,32.1,46.3,31,31,2026-03-13 17:55:40.274000+00:00,real,,,,,
91,32.1,46.3,31,31,2026-03-13 17:55:45.191000+00:00,real,,,,,
91,32.1,46.3,31,32,2026-03-13 17:55:50.304000+00:00,real,,,,,
91,32.1,46.3,31,32,2026-03-13 17:55:55.224000+00:00,real,,,,,
91,32.1,46.3,31,32,2026-03-13 17:56:00.115000+00:00,real,,,,,
91,32.1,46.3,31,32,2026-03-13 17:56:05.253000+00:00,real,,,,,
91,32.2,46.3,31,32,2026-03-13 17:56:10.183000+00:00,real,,,,,
91,32.2,46.3,31,32,2026-03-13 17:56:15.285000+00:00,real,,,,,
91,32.1,46.3,31,32,2026-03-13 17:56:20.191000+00:00,real,,,,,
91,32.2,46.3,31,32,2026-03-13 17:56:25.123000+00:00,real,,,,,
91,32.1,46.3,31,32,2026-03-13 17:56:30.278000+00:00,real,,,,,
91,32.1,46.3,31,32,2026-03-13 17:56:35.131000+00:00,real,,,,,
91,32.2,46.3,31,32,2026-03-13 17:56:40.274000+00:00,real,,,,,
91,32.2,46.3,31,32,2026-03-13 17:56:45.992000+00:00,real,,,,,
91,32.2,46.3,31,32,2026-03-13 17:56:51.135000+00:00,real,,,,,
91,32.2,46.3,31,32,2026-03-13 17:56:56.041000+00:00,real,,,,,
91,32.2,46.3,31,32,2026-03-13 17:57:00.946000+00:00,real,,,,,
91,32.2,46.3,31,32,2026-03-13 17:57:06.062000+00:00,real,,,,,
91,32.2,46.3,31,32,2026-03-13 17:57:10.209000+00:00,real,,,,,
91,32.2,46.3,31,32,2026-03-13 17:57:15.346000+00:00,real,,,,,
91,32.2,46.3,31,32,2026-03-13 17:57:20.191000+00:00,real,,,,,
91,32.1,46.3,31,32,2026-03-13 17:57:25.128000+00:00,real,,,,,
91,32.2,46.4,31,32,2026-03-13 17:57:30.245000+00:00,real,,,,,
91,32.1,46.3,31,32,2026-03-13 17:57:35.193000+00:00,real,,,,,
91,32.2,46.4,31,32,2026-03-13 17:57:40.305000+00:00,real,,,,,
91,32.2,46.4,31,32,2026-03-13 17:57:45.188000+00:00,real,,,,,
91,32.2,46.4,31,32,2026-03-13 17:57:50.130000+00:00,real,,,,,
91,32.2,46.4,31,32,2026-03-13 17:57:55.249000+00:00,real,,,,,
91,32.2,46.4,31,32,2026-03-13 17:58:00.179000+00:00,real,,,,,
63,31.6,46.9,18,18,2026-03-14 05:05:42.822000+00:00,real,,,,,
102,31.6,46.9,36,36,2026-03-14 05:05:43.962000+00:00,real,,,,,
129,31.6,46.9,47,47,2026-03-14 05:05:43.991000+00:00,real,,,,,
124,31.6,46.9,45,49,2026-03-14 05:05:44.044000+00:00,real,,,,,
124,31.6,46.9,45,49,2026-03-14 05:05:44.060000+00:00,real,,,,,
124,31.6,46.7,45,49,2026-03-14 05:05:45.641000+00:00,real,,,,,
124,31.6,48.0,45,49,2026-03-14 05:05:49.517000+00:00,real,,,,,
124,31.6,48.0,45,49,2026-03-14 05:05:54.620000+00:00,real,,,,,
124,31.6,48.0,45,49,2026-03-14 05:05:59.538000+00:00,real,,,,,
124,31.6,48.0,45,49,2026-03-14 05:06:04.656000+00:00,real,,,,,
124,31.5,48.0,45,49,2026-03-14 05:06:09.564000+00:00,real,,,,,
124,31.6,48.1,45,49,2026-03-14 05:06:14.497000+00:00,real,,,,,
124,31.6,48.0,45,49,2026-03-14 05:06:19.672000+00:00,real,,,,,
124,31.5,48.0,45,49,2026-03-14 05:06:24.546000+00:00,real,,,,,
124,31.6,48.0,45,49,2026-03-14 05:06:29.676000+00:00,real,,,,,
124,31.6,48.0,45,49,2026-03-14 05:06:34.561000+00:00,real,,,,,
124,31.6,48.1,45,49,2026-03-14 05:06:39.464000+00:00,real,,,,,
124,31.6,48.1,45,49,2026-03-14 05:06:45.615000+00:00,real,,,,,
124,31.6,48.1,45,49,2026-03-14 05:06:49.701000+00:00,real,,,,,
124,31.6,48.1,45,49,2026-03-14 05:06:54.623000+00:00,real,,,,,
124,31.6,48.2,45,49,2026-03-14 05:06:59.538000+00:00,real,,,,,
124,31.6,48.1,45,49,2026-03-14 05:07:04.649000+00:00,real,,,,,
124,31.6,48.2,45,49,2026-03-14 05:07:09.580000+00:00,real,,,,,
124,31.6,48.2,45,49,2026-03-14 05:07:14.532000+00:00,real,,,,,
124,31.6,48.2,45,49,2026-03-14 05:07:19.610000+00:00,real,,,,,
124,31.6,48.2,45,49,2026-03-14 05:07:24.522000+00:00,real,,,,,
124,31.6,48.2,45,49,2026-03-14 05:07:29.727000+00:00,real,,,,,
124,31.6,48.2,45,49,2026-03-14 05:07:34.592000+00:00,real,,,,,
124,31.6,46.9,45,49,2026-03-14 05:07:39.473000+00:00,real,,,,,
124,31.6,48.2,45,49,2026-03-14 05:07:44.603000+00:00,real,,,,,
124,31.6,48.2,45,49,2026-03-14 05:07:49.515000+00:00,real,,,,,
124,31.6,48.3,45,49,2026-03-14 05:07:54.670000+00:00,real,,,,,
124,31.6,48.3,45,49,2026-03-14 05:07:59.536000+00:00,real,,,,,
124,31.6,48.3,45,49,2026-03-14 05:08:04.474000+00:00,real,,,,,
124,31.6,48.4,45,49,2026-03-14 05:08:09.577000+00:00,real,,,,,
124,31.6,48.4,45,49,2026-03-14 05:08:14.500000+00:00,real,,,,,
124,31.7,48.5,45,49,2026-03-14 05:08:19.618000+00:00,real,,,,,
124,31.7,48.4,45,49,2026-03-14 05:08:24.531000+00:00,real,,,,,
127,31.6,48.3,46,49,2026-03-14 05:08:30.060000+00:00,real,,,,,
127,31.7,48.5,46,49,2026-03-14 05:08:34.449000+00:00,real,,,,,
124,31.7,48.5,45,49,2026-03-14 05:08:39.489000+00:00,real,,,,,
127,31.6,48.4,46,49,2026-03-14 05:08:44.599000+00:00,real,,,,,
127,31.7,48.5,46,50,2026-03-14 05:08:49.708000+00:00,real,,,,,
132,31.7,48.6,48,52,2026-03-14 05:08:54.745000+00:00,real,,,,,
132,31.7,48.6,48,52,2026-03-14 05:08:59.545000+00:00,real,,,,,
132,31.7,48.6,48,52,2026-03-14 05:09:04.514000+00:00,real,,,,,
132,31.7,48.6,48,52,2026-03-14 05:09:09.674000+00:00,real,,,,,
132,31.7,48.6,48,52,2026-03-14 05:09:14.498000+00:00,real,,,,,
132,31.7,48.6,48,52,2026-03-14 05:09:19.703000+00:00,real,,,,,
132,31.7,48.6,48,52,2026-03-14 05:09:24.753000+00:00,real,,,,,
132,31.7,48.6,48,52,2026-03-14 05:09:29.658000+00:00,real,,,,,
132,31.7,48.6,48,52,2026-03-14 05:09:34.594000+00:00,real,,,,,
132,31.7,48.6,48,52,2026-03-14 05:09:39.480000+00:00,real,,,,,
132,31.7,48.6,48,52,2026-03-14 05:09:44.642000+00:00,real,,,,,
132,31.7,48.6,48,52,2026-03-14 05:09:50.141000+00:00,real,,,,,
132,31.7,48.7,48,52,2026-03-14 05:09:55.042000+00:00,real,,,,,
132,31.7,48.8,48,52,2026-03-14 05:10:01.061000+00:00,real,,,,,
132,31.7,48.8,48,52,2026-03-14 05:10:05.505000+00:00,real,,,,,
132,31.7,48.9,48,52,2026-03-14 05:10:11.059000+00:00,real,,,,,
132,31.7,48.9,48,52,2026-03-14 05:10:15.195000+00:00,real,,,,,
132,31.8,49.0,48,52,2026-03-14 05:10:20.957000+00:00,real,,,,,
132,31.7,48.9,48,52,2026-03-14 05:10:25.974000+00:00,real,,,,,
132,31.8,49.0,48,52,2026-03-14 05:10:30.196000+00:00,real,,,,,
132,31.8,49.0,48,52,2026-03-14 05:10:35.195000+00:00,real,,,,,
132,31.8,49.0,48,52,2026-03-14 05:10:40.103000+00:00,real,,,,,
132,31.7,48.9,48,52,2026-03-14 05:10:45.331000+00:00,real,,,,,
132,31.8,49.0,48,52,2026-03-14 05:11:45.425000+00:00,real,,,,,
132,31.8,49.2,48,52,2026-03-14 05:12:07.605000+00:00,real,,,,,
132,31.8,49.2,48,52,2026-03-14 05:12:09.607000+00:00,real,,,,,
132,31.8,49.2,48,52,2026-03-14 05:12:14.528000+00:00,real,,,,,
132,31.8,49.1,48,52,2026-03-14 05:12:19.978000+00:00,real,,,,,
132,31.8,49.2,48,52,2026-03-14 05:12:25.169000+00:00,real,,,,,
132,31.8,49.3,48,52,2026-03-14 05:12:30.114000+00:00,real,,,,,
132,31.8,49.3,48,52,2026-03-14 05:12:35.011000+00:00,real,,,,,
127,31.8,49.2,46,52,2026-03-14 05:12:40.015000+00:00,real,,,,,
127,31.8,49.2,46,52,2026-03-14 05:12:45.032000+00:00,real,,,,,
127,31.8,49.2,46,52,2026-03-14 05:12:50.233000+00:00,real,,,,,
127,31.8,49.2,46,52,2026-03-14 05:12:55.587000+00:00,real,,,,,
127,31.8,49.2,46,52,2026-03-14 05:13:01.334000+00:00,real,,,,,
127,31.8,49.2,46,52,2026-03-14 05:13:05.632000+00:00,real,,,,,
127,31.8,49.3,46,52,2026-03-14 05:13:11.357000+00:00,real,,,,,
127,31.8,49.3,46,52,2026-03-14 05:13:16.199000+00:00,real,,,,,
127,31.8,49.3,46,52,2026-03-14 05:13:45.057000+00:00,real,,,,,
127,31.8,49.4,46,52,2026-03-14 05:14:45.044000+00:00,real,,,,,
127,31.9,49.5,46,52,2026-03-14 05:15:45.073000+00:00,real,,,,,
127,31.9,49.6,46,52,2026-03-14 05:16:45.098000+00:00,real,,,,,
127,31.8,49.7,46,52,2026-03-14 05:17:45.086000+00:00,real,,,,,
127,31.9,50.0,46,52,2026-03-14 05:18:45.111000+00:00,real,,,,,
127,31.9,49.7,46,52,2026-03-14 05:19:45.132000+00:00,real,,,,,
127,31.9,49.8,46,52,2026-03-14 05:20:45.098000+00:00,real,,,,,
127,32.0,50.0,46,52,2026-03-14 05:21:45.119000+00:00,real,,,,,
127,32.0,50.2,46,52,2026-03-14 05:22:45.095000+00:00,real,,,,,
127,32.0,50.2,46,52,2026-03-14 05:23:45.110000+00:00,real,,,,,
127,32.0,50.3,46,52,2026-03-14 05:24:45.219000+00:00,real,,,,,
127,32.0,50.3,46,52,2026-03-14 05:25:45.126000+00:00,real,,,,,
127,32.0,50.3,46,52,2026-03-14 05:26:45.112000+00:00,real,,,,,
127,32.0,50.3,46,52,2026-03-14 05:27:45.121000+00:00,real,,,,,
127,32.0,50.4,46,52,2026-03-14 05:28:45.127000+00:00,real,,,,,
127,32.0,50.3,46,52,2026-03-14 05:29:45.140000+00:00,real,,,,,
127,32.0,50.3,46,52,2026-03-14 05:30:45.320000+00:00,real,,,,,
61,31.0,53.2,17,20,2026-03-15 05:23:56.558000+00:00,real,,,,,
97,31.0,53.2,34,34,2026-03-15 05:23:56.573000+00:00,real,,,,,
68,31.0,53.2,20,20,2026-03-15 05:23:56.588000+00:00,real,,,,,
74,31.0,53.0,23,23,2026-03-15 05:24:00.186000+00:00,real,,,,,
74,31.0,54.3,23,23,2026-03-15 05:24:05.304000+00:00,real,,,,,
74,31.0,54.4,23,23,2026-03-15 05:24:10.422000+00:00,real,,,,,
74,31.0,54.4,23,23,2026-03-15 05:24:15.358000+00:00,real,,,,,
74,31.0,54.4,23,23,2026-03-15 05:24:20.239000+00:00,real,,,,,
74,31.0,54.3,23,23,2026-03-15 05:24:25.295000+00:00,real,,,,,
74,31.0,54.3,23,23,2026-03-15 05:24:30.286000+00:00,real,,,,,
74,31.0,54.4,23,23,2026-03-15 05:24:35.204000+00:00,real,,,,,
74,31.0,54.3,23,23,2026-03-15 05:24:40.317000+00:00,real,,,,,
74,31.0,54.2,23,23,2026-03-15 05:24:45.474000+00:00,real,,,,,
74,31.1,54.3,23,23,2026-03-15 05:24:50.137000+00:00,real,,,,,
74,31.1,54.3,23,23,2026-03-15 05:24:55.495000+00:00,real,,,,,
74,31.0,54.2,23,23,2026-03-15 05:25:00.399000+00:00,real,,,,,
74,31.0,54.0,23,23,2026-03-15 05:25:05.763000+00:00,real,,,,,
74,31.0,54.0,23,23,2026-03-15 05:25:10.230000+00:00,real,,,,,
74,31.1,54.0,23,23,2026-03-15 05:25:15.175000+00:00,real,,,,,
74,31.1,54.0,23,23,2026-03-15 05:25:20.902000+00:00,real,,,,,
74,31.1,54.1,23,23,2026-03-15 05:25:25.149000+00:00,real,,,,,
74,31.1,54.1,23,23,2026-03-15 05:25:30.564000+00:00,real,,,,,
74,31.1,54.0,23,23,2026-03-15 05:25:35.248000+00:00,real,,,,,
74,31.1,54.1,23,23,2026-03-15 05:25:40.124000+00:00,real,,,,,
74,31.1,54.0,23,23,2026-03-15 05:25:45.240000+00:00,real,,,,,
74,31.1,54.0,23,23,2026-03-15 05:25:50.161000+00:00,real,,,,,
74,31.1,54.1,23,23,2026-03-15 05:25:55.289000+00:00,real,,,,,
74,31.1,54.1,23,23,2026-03-15 05:26:00.186000+00:00,real,,,,,
74,31.1,54.1,23,23,2026-03-15 05:26:05.314000+00:00,real,,,,,
74,31.1,54.0,23,23,2026-03-15 05:26:10.206000+00:00,real,,,,,
74,31.1,54.0,23,23,2026-03-15 05:26:15.165000+00:00,real,,,,,
74,31.1,54.0,23,23,2026-03-15 05:26:20.272000+00:00,real,,,,,
74,31.1,53.9,23,23,2026-03-15 05:26:25.218000+00:00,real,,,,,
74,31.1,53.9,23,23,2026-03-15 05:26:30.322000+00:00,real,,,,,
80,31.1,53.9,26,28,2026-03-15 05:26:35.264000+00:00,real,,,,,
82,31.1,54.0,27,29,2026-03-15 05:26:40.115000+00:00,real,,,,,
84,31.1,54.0,28,30,2026-03-15 05:26:45.292000+00:00,real,,,,,
84,31.1,54.0,28,30,2026-03-15 05:26:50.146000+00:00,real,,,,,
87,31.1,54.1,29,31,2026-03-15 05:26:55.305000+00:00,real,,,,,
87,31.1,54.1,29,31,2026-03-15 05:27:00.185000+00:00,real,,,,,
87,31.1,56.1,29,31,2026-03-15 05:27:05.139000+00:00,real,,,,,
87,31.1,56.1,29,31,2026-03-15 05:27:10.427000+00:00,real,,,,,
87,31.1,54.6,29,31,2026-03-15 05:27:15.326000+00:00,real,,,,,
87,31.1,54.2,29,31,2026-03-15 05:27:20.275000+00:00,real,,,,,
87,31.2,54.2,29,31,2026-03-15 05:27:25.219000+00:00,real,,,,,
87,31.1,54.0,29,31,2026-03-15 05:27:30.283000+00:00,real,,,,,
87,31.2,54.0,29,31,2026-03-15 05:27:35.225000+00:00,real,,,,,
87,31.2,54.0,29,31,2026-03-15 05:27:40.252000+00:00,real,,,,,
87,31.2,54.0,29,31,2026-03-15 05:27:45.317000+00:00,real,,,,,
87,31.2,54.1,29,31,2026-03-15 05:27:51.196000+00:00,real,,,,,
87,31.2,54.1,29,31,2026-03-15 05:27:56.105000+00:00,real,,,,,
87,31.2,54.1,29,31,2026-03-15 05:28:01.292000+00:00,real,,,,,
87,31.2,54.1,29,31,2026-03-15 05:28:05.122000+00:00,real,,,,,
87,31.2,54.0,29,31,2026-03-15 05:28:10.220000+00:00,real,,,,,
87,31.2,54.0,29,31,2026-03-15 05:28:15.354000+00:00,real,,,,,
87,31.2,54.0,29,31,2026-03-15 05:28:20.268000+00:00,real,,,,,
87,31.2,54.1,29,31,2026-03-15 05:28:25.225000+00:00,real,,,,,
87,31.2,54.1,29,31,2026-03-15 05:28:30.289000+00:00,real,,,,,
87,31.2,54.0,29,31,2026-03-15 05:28:35.420000+00:00,real,,,,,
87,31.2,52.9,29,31,2026-03-15 05:28:40.259000+00:00,real,,,,,
87,31.1,54.0,29,31,2026-03-15 05:28:46.102000+00:00,real,,,,,
87,31.2,54.1,29,31,2026-03-15 05:28:51.196000+00:00,real,,,,,
87,31.2,54.1,29,31,2026-03-15 05:28:55.355000+00:00,real,,,,,
87,31.2,54.2,29,31,2026-03-15 05:29:01.446000+00:00,real,,,,,
87,31.3,54.2,29,31,2026-03-15 05:29:06.197000+00:00,real,,,,,
87,31.3,54.1,29,31,2026-03-15 05:29:10.328000+00:00,real,,,,,
87,31.3,54.0,29,31,2026-03-15 05:29:15.840000+00:00,real,,,,,
87,31.3,53.9,29,31,2026-03-15 05:29:20.291000+00:00,real,,,,,
87,31.3,53.9,29,31,2026-03-15 05:29:25.298000+00:00,real,,,,,
87,31.3,54.0,29,30,2026-03-15 05:29:30.302000+00:00,real,,,,,
87,31.3,53.9,29,30,2026-03-15 05:29:35.353000+00:00,real,,,,,
87,31.3,54.0,29,30,2026-03-15 05:29:40.166000+00:00,real,,,,,
87,31.3,53.9,29,30,2026-03-15 05:29:45.261000+00:00,real,,,,,
87,31.3,53.9,29,30,2026-03-15 05:29:50.336000+00:00,real,,,,,
87,31.3,53.9,29,30,2026-03-15 05:29:55.224000+00:00,real,,,,,
87,31.3,53.9,29,30,2026-03-15 05:30:00.395000+00:00,real,,,,,
87,31.3,53.9,29,30,2026-03-15 05:30:05.146000+00:00,real,,,,,
87,31.3,53.9,29,30,2026-03-15 05:30:10.245000+00:00,real,,,,,
87,31.3,53.8,29,30,2026-03-15 05:30:15.385000+00:00,real,,,,,
87,31.3,53.8,29,30,2026-03-15 05:30:20.471000+00:00,real,,,,,
87,31.3,53.8,29,30,2026-03-15 05:30:25.216000+00:00,real,,,,,
87,31.3,53.8,29,30,2026-03-15 05:30:30.502000+00:00,real,,,,,
87,31.3,53.8,29,30,2026-03-15 05:30:35.215000+00:00,real,,,,,
87,31.3,53.8,29,30,2026-03-15 05:30:40.146000+00:00,real,,,,,
87,31.3,53.8,29,30,2026-03-15 05:30:45.285000+00:00,real,,,,,
87,31.3,53.8,29,30,2026-03-15 05:30:50.315000+00:00,real,,,,,
50,32.3,45.8,12,12,2026-03-16 05:40:28.062000+00:00,real,,,,,
82,32.5,45.5,27,27,2026-03-16 05:40:33.067000+00:00,real,,,,,
93,32.4,46.8,32,32,2026-03-16 05:40:38.013000+00:00,real,,,,,
89,32.4,46.7,30,33,2026-03-16 05:40:42.900000+00:00,real,,,,,
89,32.4,46.7,30,33,2026-03-16 05:40:48.051000+00:00,real,,,,,
70,32.4,45.5,21,27,2026-03-16 05:40:52.972000+00:00,real,,,,,
93,32.5,46.1,32,32,2026-03-16 05:40:58.103000+00:00,real,,,,,
112,32.4,46.9,40,40,2026-03-16 05:41:03.180000+00:00,real,,,,,
89,32.5,46.7,30,30,2026-03-16 05:41:08.012000+00:00,real,,,,,
89,32.5,46.7,30,30,2026-03-16 05:41:12.995000+00:00,real,,,,,
89,32.4,46.6,30,30,2026-03-16 05:41:18.177000+00:00,real,,,,,
50,32.4,41.7,12,12,2026-03-17 10:23:33.703000+00:00,real,,,,,
76,32.4,41.7,24,24,2026-03-17 10:23:33.871000+00:00,real,,,,,
68,32.4,41.7,20,23,2026-03-17 10:23:33.894000+00:00,real,,,,,
72,32.4,41.7,22,22,2026-03-17 10:23:33.897000+00:00,real,,,,,
72,32.4,41.9,22,22,2026-03-17 10:23:36.435000+00:00,real,,,,,
72,32.4,43.2,22,22,2026-03-17 10:23:41.589000+00:00,real,,,,,
72,32.4,43.0,22,22,2026-03-17 10:23:46.780000+00:00,real,,,,,
72,32.4,43.1,22,22,2026-03-17 10:23:51.699000+00:00,real,,,,,
72,32.4,43.2,22,22,2026-03-17 10:23:56.513000+00:00,real,,,,,
72,32.5,43.4,22,22,2026-03-17 10:24:01.621000+00:00,real,,,,,
72,32.5,43.4,22,22,2026-03-17 10:24:06.791000+00:00,real,,,,,
72,32.5,43.4,22,22,2026-03-17 10:24:11.481000+00:00,real,,,,,
72,32.5,43.4,22,22,2026-03-17 10:24:16.664000+00:00,real,,,,,
72,32.5,43.2,22,22,2026-03-17 10:24:21.502000+00:00,real,,,,,
72,32.5,43.2,22,22,2026-03-17 10:24:26.810000+00:00,real,,,,,
72,32.5,43.0,22,22,2026-03-17 10:24:31.542000+00:00,real,,,,,
72,32.5,42.9,22,22,2026-03-17 10:24:36.474000+00:00,real,,,,,
72,32.5,42.9,22,22,2026-03-17 10:24:41.731000+00:00,real,,,,,
72,32.5,43.0,22,22,2026-03-17 10:24:46.713000+00:00,real,,,,,
72,32.5,43.2,22,22,2026-03-17 10:24:51.392000+00:00,real,,,,,
72,32.5,43.3,22,22,2026-03-17 10:24:56.522000+00:00,real,,,,,
72,32.5,43.4,22,22,2026-03-17 10:25:01.434000+00:00,real,,,,,
72,32.6,43.5,22,22,2026-03-17 10:25:06.608000+00:00,real,,,,,
72,32.6,43.6,22,22,2026-03-17 10:25:11.478000+00:00,real,,,,,
72,32.6,43.6,22,22,2026-03-17 10:25:16.598000+00:00,real,,,,,
72,32.6,43.6,22,22,2026-03-17 10:25:21.496000+00:00,real,,,,,
72,32.6,43.4,22,22,2026-03-17 10:25:26.638000+00:00,real,,,,,
72,32.6,43.6,22,22,2026-03-17 10:25:31.529000+00:00,real,,,,,
72,32.6,43.6,22,22,2026-03-17 10:25:36.472000+00:00,real,,,,,
72,32.6,43.4,22,22,2026-03-17 10:25:41.736000+00:00,real,,,,,
72,32.6,43.5,22,22,2026-03-17 10:25:46.557000+00:00,real,,,,,
72,32.6,43.5,22,22,2026-03-17 10:25:51.394000+00:00,real,,,,,
72,32.7,43.5,22,22,2026-03-17 10:25:56.535000+00:00,real,,,,,
72,32.7,43.6,22,22,2026-03-17 10:26:01.427000+00:00,real,,,,,
70,32.7,43.8,21,23,2026-03-17 10:26:06.675000+00:00,real,,,,,
74,32.7,43.9,23,23,2026-03-17 10:26:11.473000+00:00,real,,,,,
74,32.7,43.9,23,23,2026-03-17 10:26:16.497000+00:00,real,,,,,
74,32.7,43.9,23,24,2026-03-17 10:26:21.503000+00:00,real,,,,,
74,32.7,43.9,23,24,2026-03-17 10:26:26.409000+00:00,real,,,,,
76,32.7,43.8,24,24,2026-03-17 10:26:31.612000+00:00,real,,,,,
76,32.7,43.9,24,24,2026-03-17 10:26:36.449000+00:00,real,,,,,
76,32.7,43.8,24,24,2026-03-17 10:26:41.646000+00:00,real,,,,,
76,32.8,43.8,24,24,2026-03-17 10:26:46.539000+00:00,real,,,,,
76,32.8,44.3,24,24,2026-03-17 10:26:52.075000+00:00,real,,,,,
76,32.8,44.8,24,24,2026-03-17 10:26:56.632000+00:00,real,,,,,
76,32.8,45.1,24,24,2026-03-17 10:27:01.431000+00:00,real,,,,,
55,32.3,47.0,14,19,2026-03-17 13:51:48.522000+00:00,real,,,,,
72,32.3,47.0,22,22,2026-03-17 13:51:51.104000+00:00,real,,,,,
87,32.4,47.0,29,29,2026-03-17 13:51:51.400000+00:00,real,,,,,
93,32.4,47.0,32,32,2026-03-17 13:51:51.487000+00:00,real,,,,,
93,32.4,47.0,32,32,2026-03-17 13:51:51.496000+00:00,real,,,,,
91,32.4,47.0,31,31,2026-03-17 13:51:51.562000+00:00,real,,,,,
91,32.4,47.0,31,31,2026-03-17 13:51:51.602000+00:00,real,,,,,
91,32.3,48.3,31,31,2026-03-17 13:51:54.219000+00:00,real,,,,,
91,32.4,48.3,31,31,2026-03-17 13:51:58.330000+00:00,real,,,,,
91,32.4,48.3,31,31,2026-03-17 13:52:03.636000+00:00,real,,,,,
91,32.4,48.3,31,31,2026-03-17 13:52:08.153000+00:00,real,,,,,
91,32.4,48.3,31,31,2026-03-17 13:52:13.734000+00:00,real,,,,,
91,32.4,48.3,31,31,2026-03-17 13:52:18.800000+00:00,real,,,,,
91,32.3,48.2,31,31,2026-03-17 13:52:23.295000+00:00,real,,,,,
91,32.4,48.3,31,31,2026-03-17 13:52:28.272000+00:00,real,,,,,
91,32.4,48.3,31,31,2026-03-17 13:52:33.376000+00:00,real,,,,,
91,32.4,48.3,31,31,2026-03-17 13:52:38.295000+00:00,real,,,,,
91,32.3,48.2,31,31,2026-03-17 13:52:43.429000+00:00,real,,,,,
91,32.4,48.2,31,31,2026-03-17 13:52:48.271000+00:00,real,,,,,
91,32.3,48.2,31,31,2026-03-17 13:52:54.045000+00:00,real,,,,,
91,32.4,48.2,31,31,2026-03-17 13:52:58.106000+00:00,real,,,,,
91,32.4,48.2,31,31,2026-03-17 13:53:03.479000+00:00,real,,,,,
91,32.4,48.2,31,31,2026-03-17 13:53:08.141000+00:00,real,,,,,
91,32.4,48.2,31,31,2026-03-17 13:53:13.335000+00:00,real,,,,,
91,32.4,48.2,31,31,2026-03-17 13:53:18.207000+00:00,real,,,,,
91,32.4,48.2,31,31,2026-03-17 13:53:23.090000+00:00,real,,,,,
91,32.4,48.2,31,31,2026-03-17 13:53:28.225000+00:00,real,,,,,
91,32.4,48.2,31,31,2026-03-17 13:53:33.330000+00:00,real,,,,,
91,32.4,48.2,31,31,2026-03-17 13:53:38.466000+00:00,real,,,,,
91,32.4,48.2,31,31,2026-03-17 13:53:43.161000+00:00,real,,,,,
91,32.4,48.2,31,31,2026-03-17 13:53:48.392000+00:00,real,,,,,
91,32.4,48.2,31,31,2026-03-17 13:53:53.210000+00:00,real,,,,,
91,32.4,48.2,31,31,2026-03-17 13:53:58.128000+00:00,real,,,,,
91,32.4,48.1,31,31,2026-03-17 13:54:03.257000+00:00,real,,,,,
33,30.3,50.1,8,8,2026-03-18 05:59:05.668000+00:00,real,,,,,
53,30.6,55.2,13,13,2026-03-18 05:59:23.554000+00:00,real,,,,,
95,30.6,55.2,33,38,2026-03-18 05:59:23.934000+00:00,real,,,,,
84,30.6,55.2,28,28,2026-03-18 05:59:24.125000+00:00,real,,,,,
117,30.6,55.2,42,42,2026-03-18 05:59:25.442000+00:00,real,,,,,
117,30.6,52.3,42,42,2026-03-18 05:59:25.601000+00:00,real,,,,,
117,30.6,52.4,42,42,2026-03-18 05:59:30.517000+00:00,real,,,,,
117,30.5,52.0,42,42,2026-03-18 05:59:35.163000+00:00,real,,,,,
117,30.5,50.7,42,42,2026-03-18 05:59:40.491000+00:00,real,,,,,
117,30.5,50.8,42,42,2026-03-18 05:59:45.424000+00:00,real,,,,,
115,30.4,50.2,41,41,2026-03-18 05:59:50.362000+00:00,real,,,,,
115,30.4,50.8,41,41,2026-03-18 05:59:55.612000+00:00,real,,,,,
115,30.3,49.6,41,41,2026-03-18 06:00:00.162000+00:00,real,,,,,
119,30.4,49.5,43,43,2026-03-18 06:00:05.416000+00:00,real,,,,,
117,30.4,48.3,42,42,2026-03-18 06:00:10.193000+00:00,real,,,,,
117,30.4,49.4,42,42,2026-03-18 06:00:15.111000+00:00,real,,,,,
117,30.3,49.8,42,42,2026-03-18 06:00:20.438000+00:00,real,,,,,
117,30.3,50.5,42,42,2026-03-18 06:00:25.176000+00:00,real,,,,,
117,30.3,50.8,42,42,2026-03-18 06:00:30.470000+00:00,real,,,,,
117,30.3,51.6,42,42,2026-03-18 06:00:35.949000+00:00,real,,,,,
117,30.3,52.1,42,42,2026-03-18 06:00:40.090000+00:00,real,,,,,
117,30.3,51.9,42,42,2026-03-18 06:00:45.214000+00:00,real,,,,,
117,30.4,52.0,42,42,2026-03-18 06:00:50.330000+00:00,real,,,,,
117,30.4,53.0,42,42,2026-03-18 06:00:55.299000+00:00,real,,,,,
117,30.4,54.2,42,42,2026-03-18 06:01:00.250000+00:00,real,,,,,
117,30.3,54.9,42,42,2026-03-18 06:01:05.361000+00:00,real,,,,,
117,30.4,54.0,42,42,2026-03-18 06:01:10.317000+00:00,real,,,,,
117,30.4,54.1,42,42,2026-03-18 06:01:15.112000+00:00,real,,,,,
117,30.4,53.0,42,42,2026-03-18 06:01:20.441000+00:00,real,,,,,
117,30.4,52.1,42,42,2026-03-18 06:01:25.584000+00:00,real,,,,,
117,30.4,49.8,42,42,2026-03-18 06:01:30.320000+00:00,real,,,,,
117,30.4,50.4,42,42,2026-03-18 06:01:35.186000+00:00,real,,,,,
117,30.4,50.6,42,42,2026-03-18 06:01:40.308000+00:00,real,,,,,
117,30.3,52.2,42,42,2026-03-18 06:01:45.274000+00:00,real,,,,,
117,30.4,52.4,42,42,2026-03-18 06:01:50.173000+00:00,real,,,,,
117,30.3,53.0,42,42,2026-03-18 06:01:55.487000+00:00,real,,,,,
117,30.3,52.0,42,42,2026-03-18 06:02:00.172000+00:00,real,,,,,
117,30.3,51.4,42,42,2026-03-18 06:02:05.282000+00:00,real,,,,,
117,30.3,51.1,42,42,2026-03-18 06:02:10.243000+00:00,real,,,,,
117,30.3,51.5,42,42,2026-03-18 06:02:15.287000+00:00,real,,,,,
117,30.3,52.0,42,42,2026-03-18 06:02:20.283000+00:00,real,,,,,
117,30.4,52.4,42,42,2026-03-18 06:02:25.161000+00:00,real,,,,,
117,30.3,52.5,42,42,2026-03-18 06:02:30.343000+00:00,real,,,,,
117,30.4,52.4,42,42,2026-03-18 06:02:35.243000+00:00,real,,,,,
117,30.3,52.2,42,42,2026-03-18 06:02:40.105000+00:00,real,,,,,
117,30.4,52.2,42,42,2026-03-18 06:02:45.222000+00:00,real,,,,,
117,30.4,53.7,42,42,2026-03-18 06:02:52.489000+00:00,real,,,,,
117,30.4,53.9,42,42,2026-03-18 06:02:55.245000+00:00,real,,,,,
117,30.4,53.6,42,42,2026-03-18 06:03:00.175000+00:00,real,,,,,
117,30.4,55.0,42,42,2026-03-18 06:03:05.437000+00:00,real,,,,,
117,30.5,54.4,42,42,2026-03-18 06:03:12.353000+00:00,real,,,,,
117,30.5,54.0,42,42,2026-03-18 06:03:15.124000+00:00,real,,,,,
117,30.5,54.7,42,42,2026-03-18 06:03:20.441000+00:00,real,,,,,
117,30.5,53.4,42,42,2026-03-18 06:03:25.369000+00:00,real,,,,,
117,30.5,53.9,42,42,2026-03-18 06:03:33.228000+00:00,real,,,,,
117,30.5,53.2,42,42,2026-03-18 06:03:35.207000+00:00,real,,,,,
117,30.5,53.3,42,42,2026-03-18 06:03:40.121000+00:00,real,,,,,
117,30.5,53.2,42,42,2026-03-18 06:03:45.637000+00:00,real,,,,,
117,30.6,52.8,42,42,2026-03-18 06:03:50.168000+00:00,real,,,,,
117,30.5,54.2,42,42,2026-03-18 06:03:55.270000+00:00,real,,,,,
117,30.6,52.9,42,42,2026-03-18 06:04:00.376000+00:00,real,,,,,
117,30.6,52.9,42,42,2026-03-18 06:04:05.308000+00:00,real,,,,,
117,30.6,53.6,42,42,2026-03-18 06:04:10.215000+00:00,real,,,,,
117,30.6,53.4,42,42,2026-03-18 06:04:15.867000+00:00,real,,,,,
117,30.6,53.9,42,42,2026-03-18 06:04:20.401000+00:00,real,,,,,
117,30.6,51.7,42,42,2026-03-18 06:04:25.380000+00:00,real,,,,,
117,30.8,54.8,42,42,2026-03-18 06:04:30.293000+00:00,real,,,,,
117,30.8,54.9,42,42,2026-03-18 06:04:35.311000+00:00,real,,,,,
117,30.9,53.6,42,42,2026-03-18 06:04:40.334000+00:00,real,,,,,
117,31.0,52.9,42,42,2026-03-18 06:04:45.300000+00:00,real,,,,,
117,31.1,53.9,42,42,2026-03-18 06:04:50.151000+00:00,real,,,,,
117,31.1,56.4,42,42,2026-03-18 06:04:55.359000+00:00,real,,,,,
117,31.2,55.6,42,42,2026-03-18 06:05:00.181000+00:00,real,,,,,
117,31.3,54.8,42,42,2026-03-18 06:05:05.504000+00:00,real,,,,,
117,31.3,53.5,42,42,2026-03-18 06:05:10.247000+00:00,real,,,,,
117,31.3,53.0,42,42,2026-03-18 06:05:15.241000+00:00,real,,,,,
117,31.3,52.9,42,42,2026-03-18 06:05:20.410000+00:00,real,,,,,
117,31.3,52.5,42,42,2026-03-18 06:05:25.202000+00:00,real,,,,,
117,31.3,52.7,42,42,2026-03-18 06:05:30.373000+00:00,real,,,,,
117,31.2,52.5,42,42,2026-03-18 06:05:35.485000+00:00,real,,,,,
117,31.2,53.0,42,42,2026-03-18 06:05:40.116000+00:00,real,,,,,
117,31.2,52.8,42,42,2026-03-18 06:05:45.233000+00:00,real,,,,,
117,31.2,52.2,42,42,2026-03-18 06:05:50.209000+00:00,real,,,,,
117,31.2,52.3,42,42,2026-03-18 06:05:55.495000+00:00,real,,,,,
117,31.1,51.3,42,42,2026-03-18 06:06:00.188000+00:00,real,,,,,
117,31.1,51.7,42,42,2026-03-18 06:06:05.104000+00:00,real,,,,,
117,31.1,52.2,42,42,2026-03-18 06:06:10.450000+00:00,real,,,,,
117,31.1,52.0,42,42,2026-03-18 06:06:15.137000+00:00,real,,,,,
117,31.1,51.7,42,42,2026-03-18 06:06:20.269000+00:00,real,,,,,
117,31.1,52.0,42,42,2026-03-18 06:06:25.368000+00:00,real,,,,,
117,31.0,52.3,42,42,2026-03-18 06:06:30.382000+00:00,real,,,,,
117,31.0,52.6,42,42,2026-03-18 06:06:35.207000+00:00,real,,,,,
117,31.0,52.8,42,42,2026-03-18 06:06:40.128000+00:00,real,,,,,
117,31.0,52.9,42,42,2026-03-18 06:06:45.442000+00:00,real,,,,,
117,31.0,52.4,42,42,2026-03-18 06:06:50.359000+00:00,real,,,,,
117,31.0,52.1,42,42,2026-03-18 06:06:55.347000+00:00,real,,,,,
117,31.0,50.7,42,42,2026-03-18 06:07:00.190000+00:00,real,,,,,
117,31.0,52.2,42,42,2026-03-18 06:07:05.350000+00:00,real,,,,,
117,30.9,52.5,42,42,2026-03-18 06:07:10.242000+00:00,real,,,,,
117,31.0,52.4,42,42,2026-03-18 06:07:15.143000+00:00,real,,,,,
117,31.0,52.6,42,42,2026-03-18 06:07:20.262000+00:00,real,,,,,
117,31.0,52.9,42,42,2026-03-18 06:07:25.271000+00:00,real,,,,,
117,31.0,52.8,42,42,2026-03-18 06:07:30.089000+00:00,real,,,,,
117,31.0,52.5,42,42,2026-03-18 06:07:35.262000+00:00,real,,,,,
117,31.0,53.0,42,42,2026-03-18 06:07:40.361000+00:00,real,,,,,
117,30.9,53.1,42,42,2026-03-18 06:07:45.541000+00:00,real,,,,,
117,31.0,53.4,42,42,2026-03-18 06:07:50.168000+00:00,real,,,,,
117,30.9,53.7,42,42,2026-03-18 06:07:55.282000+00:00,real,,,,,
117,31.0,54.3,42,42,2026-03-18 06:08:00.418000+00:00,real,,,,,
117,31.0,54.1,42,42,2026-03-18 06:08:05.124000+00:00,real,,,,,
93,31.0,53.5,32,32,2026-03-18 06:08:10.331000+00:00,real,,,,,
93,30.9,53.1,32,32,2026-03-18 06:08:15.161000+00:00,real,,,,,
93,31.0,52.2,32,32,2026-03-18 06:08:20.270000+00:00,real,,,,,
91,31.0,52.1,31,32,2026-03-18 06:08:25.189000+00:00,real,,,,,
91,31.0,52.5,31,32,2026-03-18 06:08:30.378000+00:00,real,,,,,
91,31.0,51.7,31,32,2026-03-18 06:08:35.512000+00:00,real,,,,,
91,31.0,51.4,31,32,2026-03-18 06:08:40.133000+00:00,real,,,,,
91,30.9,51.3,31,32,2026-03-18 06:08:45.249000+00:00,real,,,,,
91,30.9,51.8,31,32,2026-03-18 06:08:50.383000+00:00,real,,,,,
91,30.9,51.9,31,32,2026-03-18 06:08:55.297000+00:00,real,,,,,
91,30.9,51.8,31,32,2026-03-18 06:09:00.245000+00:00,real,,,,,
91,30.9,51.9,31,32,2026-03-18 06:09:05.202000+00:00,real,,,,,
91,30.9,52.0,31,32,2026-03-18 06:09:10.436000+00:00,real,,,,,
91,30.9,52.1,31,32,2026-03-18 06:09:15.150000+00:00,real,,,,,
91,31.0,52.2,31,32,2026-03-18 06:09:20.278000+00:00,real,,,,,
91,31.0,52.2,31,32,2026-03-18 06:09:25.390000+00:00,real,,,,,
91,31.0,52.1,31,32,2026-03-18 06:09:30.101000+00:00,real,,,,,
91,30.9,51.8,31,32,2026-03-18 06:09:35.223000+00:00,real,,,,,
91,31.0,52.0,31,32,2026-03-18 06:09:40.177000+00:00,real,,,,,
91,31.0,52.4,31,32,2026-03-18 06:09:45.468000+00:00,real,,,,,
91,30.9,51.8,31,32,2026-03-18 06:09:50.185000+00:00,real,,,,,
91,30.9,51.8,31,32,2026-03-18 06:09:55.088000+00:00,real,,,,,
91,30.9,51.6,31,32,2026-03-18 06:10:00.274000+00:00,real,,,,,
91,30.8,51.7,31,32,2026-03-18 06:10:05.122000+00:00,real,,,,,
91,30.8,52.5,31,32,2026-03-18 06:10:10.249000+00:00,real,,,,,
91,30.7,50.4,31,32,2026-03-18 06:10:15.222000+00:00,real,,,,,
91,30.7,51.5,31,32,2026-03-18 06:10:20.553000+00:00,real,,,,,
91,30.6,51.5,31,32,2026-03-18 06:10:25.195000+00:00,real,,,,,
91,30.6,51.8,31,32,2026-03-18 06:10:30.107000+00:00,real,,,,,
91,30.6,52.2,31,32,2026-03-18 06:10:35.453000+00:00,real,,,,,
91,30.6,52.0,31,32,2026-03-18 06:10:40.196000+00:00,real,,,,,
91,30.6,52.5,31,32,2026-03-18 06:10:45.263000+00:00,real,,,,,
87,30.5,52.4,29,29,2026-03-18 06:10:50.181000+00:00,real,,,,,
89,30.5,52.9,30,30,2026-03-18 06:10:55.308000+00:00,real,,,,,
89,30.5,53.3,30,30,2026-03-18 06:11:00.217000+00:00,real,,,,,
89,30.5,54.0,30,30,2026-03-18 06:11:05.133000+00:00,real,,,,,
89,30.6,54.6,30,30,2026-03-18 06:11:10.298000+00:00,real,,,,,
89,30.5,55.2,30,30,2026-03-18 06:11:15.357000+00:00,real,,,,,
89,30.6,54.2,30,30,2026-03-18 06:11:20.287000+00:00,real,,,,,
89,30.6,53.9,30,30,2026-03-18 06:11:25.196000+00:00,real,,,,,
89,30.6,53.3,30,30,2026-03-18 06:11:30.337000+00:00,real,,,,,
89,30.6,53.2,30,30,2026-03-18 06:11:35.230000+00:00,real,,,,,
89,30.5,53.0,30,30,2026-03-18 06:11:40.148000+00:00,real,,,,,
89,30.5,53.2,30,30,2026-03-18 06:11:45.281000+00:00,real,,,,,
89,30.5,53.4,30,30,2026-03-18 06:11:50.295000+00:00,real,,,,,
89,30.5,54.0,30,30,2026-03-18 06:11:55.097000+00:00,real,,,,,
89,30.5,55.3,30,30,2026-03-18 06:12:00.224000+00:00,real,,,,,
89,30.5,55.6,30,30,2026-03-18 06:12:05.363000+00:00,real,,,,,
89,30.5,55.1,30,30,2026-03-18 06:12:10.500000+00:00,real,,,,,
89,30.6,55.5,30,30,2026-03-18 06:12:15.178000+00:00,real,,,,,
89,30.6,54.2,30,30,2026-03-18 06:12:20.288000+00:00,real,,,,,
89,30.6,53.8,30,30,2026-03-18 06:12:25.614000+00:00,real,,,,,
89,30.6,53.8,30,30,2026-03-18 06:12:30.116000+00:00,real,,,,,
89,30.6,54.1,30,30,2026-03-18 06:12:35.257000+00:00,real,,,,,
89,30.6,54.3,30,30,2026-03-18 06:12:40.191000+00:00,real,,,,,
89,30.6,53.8,30,30,2026-03-18 06:12:45.505000+00:00,real,,,,,
89,30.6,53.7,30,30,2026-03-18 06:12:50.189000+00:00,real,,,,,
89,30.6,53.9,30,30,2026-03-18 06:12:55.311000+00:00,real,,,,,
89,30.7,54.4,30,30,2026-03-18 06:13:00.453000+00:00,real,,,,,
89,30.7,55.4,30,30,2026-03-18 06:13:05.238000+00:00,real,,,,,
89,30.7,56.1,30,30,2026-03-18 06:13:10.261000+00:00,real,,,,,
89,30.8,56.1,30,30,2026-03-18 06:13:15.178000+00:00,real,,,,,
89,30.7,55.7,30,34,2026-03-18 06:13:20.516000+00:00,real,,,,,
89,30.8,55.0,30,34,2026-03-18 06:13:25.204000+00:00,real,,,,,
89,30.8,53.2,30,34,2026-03-18 06:13:30.128000+00:00,real,,,,,
89,30.8,53.1,30,34,2026-03-18 06:13:35.341000+00:00,real,,,,,
89,30.8,53.7,30,34,2026-03-18 06:13:40.220000+00:00,real,,,,,
89,30.8,54.2,30,34,2026-03-18 06:13:45.317000+00:00,real,,,,,
89,30.8,54.7,30,34,2026-03-18 06:13:50.194000+00:00,real,,,,,
89,30.8,54.7,30,34,2026-03-18 06:13:55.461000+00:00,real,,,,,
89,30.8,54.7,30,34,2026-03-18 06:14:00.456000+00:00,real,,,,,
89,30.9,55.1,30,34,2026-03-18 06:14:05.143000+00:00,real,,,,,
89,30.9,54.7,30,34,2026-03-18 06:14:10.275000+00:00,real,,,,,
89,30.9,55.3,30,34,2026-03-18 06:14:15.273000+00:00,real,,,,,
89,30.9,54.9,30,34,2026-03-18 06:14:20.096000+00:00,real,,,,,
89,30.9,54.9,30,34,2026-03-18 06:14:25.233000+00:00,real,,,,,
89,30.9,55.9,30,34,2026-03-18 06:14:32.737000+00:00,real,,,,,
89,31.0,56.8,30,34,2026-03-18 06:14:35.465000+00:00,real,,,,,
89,31.0,56.0,30,34,2026-03-18 06:14:40.164000+00:00,real,,,,,
89,31.0,55.4,30,34,2026-03-18 06:14:45.318000+00:00,real,,,,,
89,31.0,55.5,30,34,2026-03-18 06:14:50.415000+00:00,real,,,,,
89,31.0,55.7,30,34,2026-03-18 06:14:55.581000+00:00,real,,,,,
89,31.0,55.6,30,34,2026-03-18 06:15:00.247000+00:00,real,,,,,
89,31.0,55.3,30,34,2026-03-18 06:15:05.146000+00:00,real,,,,,
97,31.1,55.3,34,37,2026-03-18 06:15:10.534000+00:00,real,,,,,
97,31.1,54.9,34,36,2026-03-18 06:15:15.185000+00:00,real,,,,,
97,31.1,54.6,34,36,2026-03-18 06:15:20.098000+00:00,real,,,,,
97,31.1,53.5,34,36,2026-03-18 06:15:25.275000+00:00,real,,,,,
97,31.1,53.1,34,36,2026-03-18 06:15:30.438000+00:00,real,,,,,
97,31.1,53.1,34,36,2026-03-18 06:15:35.508000+00:00,real,,,,,
97,31.1,53.2,34,36,2026-03-18 06:15:40.169000+00:00,real,,,,,
97,31.1,53.8,34,36,2026-03-18 06:15:45.539000+00:00,real,,,,,
97,31.1,53.9,34,36,2026-03-18 06:15:50.244000+00:00,real,,,,,
97,31.1,53.8,34,36,2026-03-18 06:15:55.122000+00:00,real,,,,,
97,31.1,53.7,34,36,2026-03-18 06:16:00.436000+00:00,real,,,,,
97,31.1,53.0,34,36,2026-03-18 06:16:05.172000+00:00,real,,,,,
97,31.2,53.9,34,36,2026-03-18 06:16:10.469000+00:00,real,,,,,
97,31.2,53.4,34,36,2026-03-18 06:16:15.182000+00:00,real,,,,,
97,31.2,53.5,34,36,2026-03-18 06:16:20.308000+00:00,real,,,,,
97,31.2,53.4,34,36,2026-03-18 06:16:25.440000+00:00,real,,,,,
97,31.2,53.7,34,36,2026-03-18 06:16:30.336000+00:00,real,,,,,
97,31.2,54.7,34,36,2026-03-18 06:16:35.476000+00:00,real,,,,,
97,31.2,55.2,34,36,2026-03-18 06:16:40.273000+00:00,real,,,,,
97,31.2,53.7,34,36,2026-03-18 06:16:45.550000+00:00,real,,,,,
97,31.2,54.9,34,36,2026-03-18 06:16:50.207000+00:00,real,,,,,
97,31.2,55.2,34,36,2026-03-18 06:16:55.343000+00:00,real,,,,,
97,31.2,55.2,34,36,2026-03-18 06:17:00.615000+00:00,real,,,,,
97,31.2,55.4,34,36,2026-03-18 06:17:05.404000+00:00,real,,,,,
97,31.2,56.0,34,36,2026-03-18 06:17:10.313000+00:00,real,,,,,
97,31.3,55.3,34,36,2026-03-18 06:17:15.193000+00:00,real,,,,,
97,31.3,54.0,34,36,2026-03-18 06:17:20.398000+00:00,real,,,,,
97,31.3,54.3,34,36,2026-03-18 06:17:25.222000+00:00,real,,,,,
97,31.3,54.2,34,36,2026-03-18 06:17:30.149000+00:00,real,,,,,
97,31.2,53.0,34,36,2026-03-18 06:17:35.505000+00:00,real,,,,,
97,31.2,53.0,34,36,2026-03-18 06:17:40.406000+00:00,real,,,,,
102,31.2,53.1,36,36,2026-03-18 06:17:45.095000+00:00,real,,,,,
102,31.2,53.2,36,36,2026-03-18 06:17:50.213000+00:00,real,,,,,
102,31.3,52.6,36,36,2026-03-18 06:17:55.541000+00:00,real,,,,,
102,31.3,53.1,36,36,2026-03-18 06:18:00.497000+00:00,real,,,,,
102,31.3,52.9,36,36,2026-03-18 06:18:05.160000+00:00,real,,,,,
102,31.3,53.8,36,36,2026-03-18 06:18:10.287000+00:00,real,,,,,
102,31.3,53.6,36,36,2026-03-18 06:18:15.541000+00:00,real,,,,,
102,31.3,52.9,36,36,2026-03-18 06:18:20.209000+00:00,real,,,,,
102,31.2,52.4,36,36,2026-03-18 06:18:25.238000+00:00,real,,,,,
102,31.2,52.1,36,36,2026-03-18 06:18:30.249000+00:00,real,,,,,
102,31.2,52.6,36,36,2026-03-18 06:18:35.331000+00:00,real,,,,,
102,31.1,52.3,36,36,2026-03-18 06:18:40.181000+00:00,real,,,,,
102,31.1,53.2,36,36,2026-03-18 06:18:45.111000+00:00,real,,,,,
102,31.1,54.9,36,36,2026-03-18 06:18:50.242000+00:00,real,,,,,
102,31.1,53.9,36,36,2026-03-18 06:18:55.344000+00:00,real,,,,,
102,31.0,53.5,36,36,2026-03-18 06:19:00.290000+00:00,real,,,,,
102,31.0,52.3,36,36,2026-03-18 06:19:05.245000+00:00,real,,,,,
102,31.0,52.5,36,36,2026-03-18 06:19:10.454000+00:00,real,,,,,
102,31.0,54.1,36,36,2026-03-18 06:19:15.201000+00:00,real,,,,,
102,31.0,53.7,36,36,2026-03-18 06:19:20.124000+00:00,real,,,,,
102,30.9,52.9,36,36,2026-03-18 06:19:25.740000+00:00,real,,,,,
102,31.0,54.1,36,36,2026-03-18 06:19:30.665000+00:00,real,,,,,
102,30.9,52.9,36,36,2026-03-18 06:19:35.287000+00:00,real,,,,,
102,30.9,52.7,36,36,2026-03-18 06:19:40.414000+00:00,real,,,,,
102,30.9,53.1,36,36,2026-03-18 06:19:45.237000+00:00,real,,,,,
102,30.9,53.7,36,36,2026-03-18 06:19:50.312000+00:00,real,,,,,
102,30.9,52.9,36,36,2026-03-18 06:19:55.138000+00:00,real,,,,,
102,30.9,53.0,36,36,2026-03-18 06:20:00.259000+00:00,real,,,,,
102,30.8,52.6,36,36,2026-03-18 06:20:05.375000+00:00,real,,,,,
102,30.9,52.9,36,36,2026-03-18 06:20:10.085000+00:00,real,,,,,
102,30.9,54.0,36,36,2026-03-18 06:20:15.209000+00:00,real,,,,,
102,30.8,54.2,36,39,2026-03-18 06:20:20.613000+00:00,real,,,,,
102,30.9,54.0,36,39,2026-03-18 06:20:25.356000+00:00,real,,,,,
102,30.9,54.1,36,39,2026-03-18 06:20:30.163000+00:00,real,,,,,
102,30.9,54.5,36,39,2026-03-18 06:20:35.393000+00:00,real,,,,,
102,30.9,54.9,36,39,2026-03-18 06:20:40.299000+00:00,real,,,,,
102,30.9,54.7,36,39,2026-03-18 06:20:52.734000+00:00,real,,,,,
102,30.9,53.4,36,39,2026-03-18 06:20:52.891000+00:00,real,,,,,
102,31.0,54.8,36,39,2026-03-18 06:20:55.146000+00:00,real,,,,,
102,31.0,54.8,36,39,2026-03-18 06:21:00.324000+00:00,real,,,,,
102,31.0,54.5,36,39,2026-03-18 06:21:05.183000+00:00,real,,,,,
102,31.0,54.4,36,39,2026-03-18 06:21:10.094000+00:00,real,,,,,
102,31.0,54.4,36,39,2026-03-18 06:21:15.239000+00:00,real,,,,,
102,31.0,54.5,36,39,2026-03-18 06:21:20.432000+00:00,real,,,,,
102,31.1,55.2,36,39,2026-03-18 06:21:25.463000+00:00,real,,,,,
102,31.1,55.2,36,39,2026-03-18 06:21:26.906000+00:00,real,,,,,
102,31.0,54.3,36,39,2026-03-18 06:21:28.940000+00:00,real,,,,,
102,31.0,54.3,36,39,2026-03-18 06:21:30.158000+00:00,real,,,,,
107,31.0,54.0,38,38,2026-03-18 06:21:35.501000+00:00,real,,,,,
107,31.0,54.0,38,38,2026-03-18 06:21:40.226000+00:00,real,,,,,
107,31.1,54.6,38,38,2026-03-18 06:21:45.311000+00:00,real,,,,,
107,31.1,53.6,38,38,2026-03-18 06:21:50.334000+00:00,real,,,,,
107,31.1,52.8,38,38,2026-03-18 06:21:55.148000+00:00,real,,,,,
107,31.0,52.0,38,38,2026-03-18 06:22:00.272000+00:00,real,,,,,
107,31.0,51.5,38,38,2026-03-18 06:22:05.178000+00:00,real,,,,,
107,30.9,52.0,38,38,2026-03-18 06:22:10.410000+00:00,real,,,,,
107,30.8,52.4,38,38,2026-03-18 06:22:15.218000+00:00,real,,,,,
107,30.8,52.8,38,38,2026-03-18 06:22:20.132000+00:00,real,,,,,
107,30.8,52.2,38,38,2026-03-18 06:22:25.266000+00:00,real,,,,,
107,30.8,53.0,38,38,2026-03-18 06:22:33.806000+00:00,real,,,,,
107,30.8,53.4,38,38,2026-03-18 06:22:35.504000+00:00,real,,,,,
107,30.8,53.9,38,38,2026-03-18 06:22:40.211000+00:00,real,,,,,
107,30.8,54.2,38,38,2026-03-18 06:22:45.115000+00:00,real,,,,,
107,30.8,54.3,38,38,2026-03-18 06:22:50.385000+00:00,real,,,,,
107,30.8,53.5,38,38,2026-03-18 06:22:55.271000+00:00,real,,,,,
107,30.8,54.2,38,38,2026-03-18 06:23:00.277000+00:00,real,,,,,
107,30.8,53.9,38,38,2026-03-18 06:23:05.592000+00:00,real,,,,,
107,30.8,53.5,38,38,2026-03-18 06:23:10.308000+00:00,real,,,,,
107,30.8,53.4,38,38,2026-03-18 06:23:15.224000+00:00,real,,,,,
107,30.8,54.4,38,38,2026-03-18 06:23:20.139000+00:00,real,,,,,
107,30.8,54.1,38,38,2026-03-18 06:23:25.534000+00:00,real,,,,,
99,30.9,53.3,35,36,2026-03-18 06:23:30.424000+00:00,real,,,,,
99,30.9,54.7,35,36,2026-03-18 06:23:35.092000+00:00,real,,,,,
97,30.9,54.0,34,35,2026-03-18 06:23:40.409000+00:00,real,,,,,
97,31.0,53.7,34,35,2026-03-18 06:23:45.365000+00:00,real,,,,,
97,31.0,53.6,34,35,2026-03-18 06:23:50.251000+00:00,real,,,,,
97,30.9,53.4,34,35,2026-03-18 06:23:55.162000+00:00,real,,,,,
97,31.0,52.9,34,35,2026-03-18 06:24:00.478000+00:00,real,,,,,
97,31.0,53.1,34,35,2026-03-18 06:24:05.261000+00:00,real,,,,,
97,30.9,52.6,34,35,2026-03-18 06:24:10.109000+00:00,real,,,,,
97,31.0,52.4,34,35,2026-03-18 06:24:15.227000+00:00,real,,,,,
97,31.0,61.7,34,35,2026-03-18 06:24:20.158000+00:00,real,,,,,
97,31.0,62.7,34,35,2026-03-18 06:24:25.507000+00:00,real,,,,,
97,31.1,64.4,34,35,2026-03-18 06:24:30.175000+00:00,real,,,,,
97,31.2,63.8,34,35,2026-03-18 06:24:35.095000+00:00,real,,,,,
97,31.2,62.9,34,35,2026-03-18 06:24:40.239000+00:00,real,,,,,
97,31.3,65.0,34,35,2026-03-18 06:24:45.138000+00:00,real,,,,,
97,31.4,62.2,34,35,2026-03-18 06:24:50.251000+00:00,real,,,,,
97,31.5,61.9,34,35,2026-03-18 06:24:55.877000+00:00,real,,,,,
97,31.5,61.1,34,35,2026-03-18 06:25:00.130000+00:00,real,,,,,
97,31.6,60.5,34,35,2026-03-18 06:25:05.219000+00:00,real,,,,,
97,31.6,57.4,34,35,2026-03-18 06:25:10.121000+00:00,real,,,,,
97,31.7,54.5,34,35,2026-03-18 06:25:15.459000+00:00,real,,,,,
97,31.7,53.3,34,35,2026-03-18 06:25:20.151000+00:00,real,,,,,
97,31.7,52.8,34,35,2026-03-18 06:25:25.270000+00:00,real,,,,,
97,31.7,52.5,34,35,2026-03-18 06:25:30.387000+00:00,real,,,,,
97,31.7,52.3,34,35,2026-03-18 06:25:35.711000+00:00,real,,,,,
97,31.7,52.2,34,35,2026-03-18 06:25:40.288000+00:00,real,,,,,
97,31.7,52.2,34,35,2026-03-18 06:25:45.139000+00:00,real,,,,,
97,31.6,51.8,34,35,2026-03-18 06:25:50.338000+00:00,real,,,,,
97,31.7,51.8,34,35,2026-03-18 06:25:55.170000+00:00,real,,,,,
102,31.6,54.2,36,36,2026-03-18 06:26:00.307000+00:00,real,,,,,
102,31.6,55.6,36,36,2026-03-18 06:26:05.262000+00:00,real,,,,,
102,31.6,53.5,36,36,2026-03-18 06:26:10.341000+00:00,real,,,,,
102,31.6,53.8,36,36,2026-03-18 06:26:20.162000+00:00,real,,,,,
102,31.6,52.3,36,36,2026-03-18 06:26:25.510000+00:00,real,,,,,
102,31.6,51.2,36,36,2026-03-18 06:26:30.209000+00:00,real,,,,,
102,31.6,51.1,36,36,2026-03-18 06:26:35.123000+00:00,real,,,,,
102,31.6,51.3,36,36,2026-03-18 06:26:40.248000+00:00,real,,,,,
102,31.5,51.8,36,36,2026-03-18 06:26:45.151000+00:00,real,,,,,
102,31.5,51.4,36,36,2026-03-18 06:26:50.471000+00:00,real,,,,,
102,31.5,51.7,36,36,2026-03-18 06:26:55.174000+00:00,real,,,,,
102,31.5,52.0,36,36,2026-03-18 06:27:00.574000+00:00,real,,,,,
102,31.5,51.3,36,36,2026-03-18 06:27:06.443000+00:00,real,,,,,
102,31.5,50.5,36,36,2026-03-18 06:27:11.347000+00:00,real,,,,,
102,31.5,50.1,36,36,2026-03-18 06:39:15.591000+00:00,real,,,,,
97,32.0,52.0,34,34,2026-03-18 06:39:54.846000+00:00,real,,,,,
97,32.0,50.2,34,34,2026-03-18 06:39:59.946000+00:00,real,,,,,
97,31.9,50.1,34,34,2026-03-18 06:40:05.077000+00:00,real,,,,,
97,32.0,50.0,34,34,2026-03-18 06:40:09.777000+00:00,real,,,,,
97,31.9,50.1,34,34,2026-03-18 06:40:14.897000+00:00,real,,,,,
97,31.9,50.2,34,34,2026-03-18 06:40:20.033000+00:00,real,,,,,
97,31.9,50.7,34,34,2026-03-18 06:40:25.085000+00:00,real,,,,,
91,32.0,50.5,31,34,2026-03-18 06:40:29.862000+00:00,real,,,,,
91,32.0,53.6,31,34,2026-03-18 06:40:34.766000+00:00,real,,,,,
93,32.0,53.6,32,34,2026-03-18 06:40:39.990000+00:00,real,,,,,
93,32.1,53.9,32,34,2026-03-18 06:40:44.882000+00:00,real,,,,,
93,32.2,52.8,32,34,2026-03-18 06:40:49.928000+00:00,real,,,,,
93,32.3,53.0,32,34,2026-03-18 06:40:54.835000+00:00,real,,,,,
93,32.3,53.8,32,34,2026-03-18 06:41:00.088000+00:00,real,,,,,
93,32.4,54.5,32,34,2026-03-18 06:41:04.872000+00:00,real,,,,,
93,32.5,57.1,32,34,2026-03-18 06:41:09.889000+00:00,real,,,,,
93,32.5,56.7,32,34,2026-03-18 06:41:15.117000+00:00,real,,,,,
93,32.5,55.2,32,34,2026-03-18 06:41:19.888000+00:00,real,,,,,
93,32.6,54.3,32,34,2026-03-18 06:41:24.942000+00:00,real,,,,,
93,32.6,54.8,32,34,2026-03-18 06:41:29.884000+00:00,real,,,,,
93,32.7,53.6,32,34,2026-03-18 06:41:35.075000+00:00,real,,,,,
93,32.7,52.5,32,34,2026-03-18 06:41:40.119000+00:00,real,,,,,
93,32.7,53.7,32,34,2026-03-18 06:41:44.808000+00:00,real,,,,,
93,32.7,54.8,32,34,2026-03-18 06:41:49.933000+00:00,real,,,,,
93,32.7,55.2,32,34,2026-03-18 06:41:55.475000+00:00,real,,,,,
93,32.8,54.8,32,34,2026-03-18 06:41:59.748000+00:00,real,,,,,
93,32.8,55.7,32,34,2026-03-18 06:42:04.881000+00:00,real,,,,,
93,32.9,54.9,32,34,2026-03-18 06:42:10.003000+00:00,real,,,,,
93,32.9,54.6,32,34,2026-03-18 06:42:14.989000+00:00,real,,,,,
93,32.9,55.4,32,34,2026-03-18 06:42:19.831000+00:00,real,,,,,
93,32.9,54.2,32,34,2026-03-18 06:42:24.998000+00:00,real,,,,,
93,33.0,54.8,32,34,2026-03-18 06:42:30.077000+00:00,real,,,,,
93,33.0,55.8,32,34,2026-03-18 06:42:35.183000+00:00,real,,,,,
93,33.0,55.2,32,34,2026-03-18 06:42:40.090000+00:00,real,,,,,
93,33.0,54.1,32,34,2026-03-18 06:42:44.811000+00:00,real,,,,,
93,33.0,53.3,32,34,2026-03-18 06:42:50.156000+00:00,real,,,,,
93,33.1,52.1,32,34,2026-03-18 06:42:54.869000+00:00,real,,,,,
93,33.1,50.0,32,34,2026-03-18 06:42:59.760000+00:00,real,,,,,
93,33.1,50.1,32,34,2026-03-18 06:43:04.925000+00:00,real,,,,,
89,33.2,50.8,30,31,2026-03-18 06:43:09.888000+00:00,real,,,,,
89,33.2,50.9,30,31,2026-03-18 06:43:14.987000+00:00,real,,,,,
89,33.2,50.6,30,31,2026-03-18 06:43:19.832000+00:00,real,,,,,
89,33.1,49.9,30,31,2026-03-18 06:43:25.195000+00:00,real,,,,,
89,33.1,50.4,30,31,2026-03-18 06:43:29.907000+00:00,real,,,,,
89,33.1,50.4,30,31,2026-03-18 06:43:34.783000+00:00,real,,,,,
89,33.0,50.8,30,31,2026-03-18 06:43:39.905000+00:00,real,,,,,
89,33.1,50.6,30,31,2026-03-18 06:43:44.854000+00:00,real,,,,,
89,33.1,49.7,30,31,2026-03-18 06:43:49.944000+00:00,real,,,,,
89,33.1,48.7,30,31,2026-03-18 06:43:54.854000+00:00,real,,,,,
89,33.2,49.4,30,31,2026-03-18 06:44:00.188000+00:00,real,,,,,
89,33.2,50.5,30,31,2026-03-18 06:44:04.933000+00:00,real,,,,,
89,33.2,50.9,30,31,2026-03-18 06:44:09.819000+00:00,real,,,,,
89,33.2,49.5,30,31,2026-03-18 06:44:14.930000+00:00,real,,,,,
89,33.3,50.3,30,31,2026-03-18 06:44:19.836000+00:00,real,,,,,
89,33.3,50.5,30,31,2026-03-18 06:44:24.757000+00:00,real,,,,,
89,33.3,51.9,30,31,2026-03-18 06:44:29.873000+00:00,real,,,,,
89,33.3,51.9,30,31,2026-03-18 06:44:34.894000+00:00,real,,,,,
89,33.4,51.1,30,31,2026-03-18 06:44:40.137000+00:00,real,,,,,
89,33.4,49.4,30,31,2026-03-18 06:44:44.877000+00:00,real,,,,,
89,33.4,50.4,30,31,2026-03-18 06:44:49.849000+00:00,real,,,,,
89,33.4,49.1,30,31,2026-03-18 06:44:55.004000+00:00,real,,,,,
89,33.4,48.5,30,31,2026-03-18 06:45:00.174000+00:00,real,,,,,
89,33.3,49.6,30,31,2026-03-18 06:45:04.894000+00:00,real,,,,,
89,33.2,51.5,30,31,2026-03-18 06:45:09.805000+00:00,real,,,,,
89,33.1,51.2,30,31,2026-03-18 06:45:14.955000+00:00,real,,,,,
89,33.1,51.4,30,31,2026-03-18 06:45:19.841000+00:00,real,,,,,
89,33.1,49.5,30,31,2026-03-18 06:45:24.754000+00:00,real,,,,,
89,33.0,50.4,30,31,2026-03-18 06:45:30.073000+00:00,real,,,,,
89,33.0,49.7,30,31,2026-03-18 06:45:35.055000+00:00,real,,,,,
89,32.9,48.8,30,31,2026-03-18 06:45:39.939000+00:00,real,,,,,
89,32.9,48.2,30,31,2026-03-18 06:45:44.870000+00:00,real,,,,,
89,32.8,48.3,30,31,2026-03-18 06:45:50.021000+00:00,real,,,,,
89,32.8,49.5,30,31,2026-03-18 06:45:54.870000+00:00,real,,,,,
89,32.8,49.1,30,31,2026-03-18 06:45:59.781000+00:00,real,,,,,
89,32.7,48.4,30,31,2026-03-18 06:46:04.993000+00:00,real,,,,,
89,32.7,50.5,30,31,2026-03-18 06:46:10.324000+00:00,real,,,,,
89,32.7,49.8,30,31,2026-03-18 06:46:15.009000+00:00,real,,,,,
89,32.6,50.9,30,31,2026-03-18 06:46:19.846000+00:00,real,,,,,
89,32.7,50.6,30,31,2026-03-18 06:46:24.975000+00:00,real,,,,,
89,32.6,50.6,30,31,2026-03-18 06:46:30.117000+00:00,real,,,,,
89,32.5,49.6,30,31,2026-03-18 06:46:34.822000+00:00,real,,,,,
89,32.5,49.7,30,31,2026-03-18 06:46:40.115000+00:00,real,,,,,
89,32.5,48.9,30,31,2026-03-18 06:46:50.033000+00:00,real,,,,,
89,32.5,49.9,30,31,2026-03-18 06:46:54.861000+00:00,real,,,,,
89,32.4,48.8,30,31,2026-03-18 06:46:59.842000+00:00,real,,,,,
89,32.4,48.7,30,31,2026-03-18 06:47:05.174000+00:00,real,,,,,
89,32.4,51.0,30,31,2026-03-18 06:47:10.021000+00:00,real,,,,,
89,32.4,52.5,30,31,2026-03-18 06:47:14.940000+00:00,real,,,,,
89,32.4,55.1,30,31,2026-03-18 06:47:19.879000+00:00,real,,,,,
89,32.4,53.4,30,31,2026-03-18 06:47:25.063000+00:00,real,,,,,
89,32.3,53.7,30,31,2026-03-18 06:47:29.884000+00:00,real,,,,,
89,32.3,55.1,30,31,2026-03-18 06:47:34.799000+00:00,real,,,,,
89,32.3,54.8,30,31,2026-03-18 06:47:40.166000+00:00,real,,,,,
89,32.3,52.7,30,31,2026-03-18 06:47:44.857000+00:00,real,,,,,
89,32.3,53.0,30,31,2026-03-18 06:47:49.753000+00:00,real,,,,,
89,32.3,51.8,30,31,2026-03-18 06:47:54.874000+00:00,real,,,,,
95,32.3,52.1,33,34,2026-03-18 06:47:59.890000+00:00,real,,,,,
97,32.2,52.0,34,34,2026-03-18 06:48:09.836000+00:00,real,,,,,
97,32.2,51.6,34,34,2026-03-18 06:48:15.149000+00:00,real,,,,,
97,32.1,51.7,34,34,2026-03-18 06:48:20.051000+00:00,real,,,,,
97,32.1,50.4,34,34,2026-03-18 06:48:24.776000+00:00,real,,,,,
97,32.0,50.7,34,34,2026-03-18 06:48:29.906000+00:00,real,,,,,
97,32.0,51.7,34,34,2026-03-18 06:48:35.315000+00:00,real,,,,,
97,32.0,52.6,34,34,2026-03-18 06:48:39.989000+00:00,real,,,,,
97,32.0,52.0,34,34,2026-03-18 06:48:44.866000+00:00,real,,,,,
97,32.0,50.6,34,34,2026-03-18 06:48:49.755000+00:00,real,,,,,
97,31.9,50.0,34,34,2026-03-18 06:48:54.980000+00:00,real,,,,,
97,31.8,49.5,34,34,2026-03-18 06:48:59.791000+00:00,real,,,,,
97,31.8,49.6,34,34,2026-03-18 06:49:04.917000+00:00,real,,,,,
97,31.8,49.5,34,34,2026-03-18 06:49:09.899000+00:00,real,,,,,
97,31.8,49.8,34,34,2026-03-18 06:49:15.181000+00:00,real,,,,,
97,31.8,49.8,34,34,2026-03-18 06:49:19.900000+00:00,real,,,,,
97,31.7,49.3,34,34,2026-03-18 06:49:24.774000+00:00,real,,,,,
97,31.7,48.9,34,34,2026-03-18 06:49:29.997000+00:00,real,,,,,
97,31.6,48.7,34,34,2026-03-18 06:49:35.016000+00:00,real,,,,,
97,31.6,48.9,34,34,2026-03-18 06:49:39.939000+00:00,real,,,,,
97,31.6,49.2,34,34,2026-03-18 06:49:44.858000+00:00,real,,,,,
97,31.5,49.5,34,34,2026-03-18 06:49:50.195000+00:00,real,,,,,
97,31.5,49.4,34,34,2026-03-18 06:49:54.881000+00:00,real,,,,,
97,31.5,49.3,34,34,2026-03-18 06:49:59.799000+00:00,real,,,,,
97,31.5,49.0,34,34,2026-03-18 06:50:04.920000+00:00,real,,,,,
97,31.5,48.7,34,34,2026-03-18 06:50:10.126000+00:00,real,,,,,
97,31.4,48.8,34,34,2026-03-18 06:50:14.959000+00:00,real,,,,,
97,31.4,48.7,34,34,2026-03-18 06:50:19.890000+00:00,real,,,,,
97,31.4,48.9,34,34,2026-03-18 06:50:24.824000+00:00,real,,,,,
97,31.4,48.9,34,34,2026-03-18 06:50:30.207000+00:00,real,,,,,
97,31.4,48.8,34,34,2026-03-18 06:50:35.238000+00:00,real,,,,,
97,31.4,49.1,34,34,2026-03-18 06:50:39.934000+00:00,real,,,,,
97,31.4,49.0,34,34,2026-03-18 06:50:44.873000+00:00,real,,,,,
89,31.4,49.1,30,31,2026-03-18 06:50:49.973000+00:00,real,,,,,
89,31.4,49.0,30,31,2026-03-18 06:50:54.889000+00:00,real,,,,,
89,31.3,48.6,30,31,2026-03-18 06:51:00.217000+00:00,real,,,,,
89,31.3,48.4,30,31,2026-03-18 06:51:04.950000+00:00,real,,,,,
89,31.3,48.9,30,31,2026-03-18 06:51:09.836000+00:00,real,,,,,
89,31.2,49.0,30,31,2026-03-18 06:51:14.796000+00:00,real,,,,,
89,31.2,49.0,30,31,2026-03-18 06:51:20.093000+00:00,real,,,,,
89,31.2,48.5,30,31,2026-03-18 06:51:24.812000+00:00,real,,,,,
89,31.2,48.6,30,31,2026-03-18 06:51:29.908000+00:00,real,,,,,
89,31.2,48.6,30,31,2026-03-18 06:51:35.061000+00:00,real,,,,,
89,31.2,49.0,30,31,2026-03-18 06:51:39.971000+00:00,real,,,,,
89,31.2,49.3,30,31,2026-03-18 06:51:44.857000+00:00,real,,,,,
89,31.2,49.2,30,31,2026-03-18 06:51:49.775000+00:00,real,,,,,
89,31.2,49.8,30,31,2026-03-18 06:51:54.934000+00:00,real,,,,,
89,31.2,49.5,30,31,2026-03-18 06:52:00.216000+00:00,real,,,,,
89,31.2,47.9,30,31,2026-03-18 06:52:05.051000+00:00,real,,,,,
89,31.2,49.3,30,31,2026-03-18 06:52:09.841000+00:00,real,,,,,
89,31.3,49.6,30,31,2026-03-18 06:52:15.192000+00:00,real,,,,,
89,31.3,50.1,30,31,2026-03-18 06:52:19.900000+00:00,real,,,,,
89,31.3,50.2,30,31,2026-03-18 06:52:24.792000+00:00,real,,,,,
89,31.2,49.1,30,31,2026-03-18 06:52:29.920000+00:00,real,,,,,
89,31.2,49.4,30,31,2026-03-18 06:52:34.850000+00:00,real,,,,,
89,31.2,50.2,30,31,2026-03-18 06:52:39.956000+00:00,real,,,,,
89,31.2,50.7,30,31,2026-03-18 06:52:44.863000+00:00,real,,,,,
89,31.3,50.8,30,31,2026-03-18 06:52:50.214000+00:00,real,,,,,
89,31.3,50.6,30,31,2026-03-18 06:52:55.132000+00:00,real,,,,,
89,31.3,49.7,30,31,2026-03-18 06:52:59.814000+00:00,real,,,,,
89,31.3,49.5,30,31,2026-03-18 06:53:04.947000+00:00,real,,,,,
89,31.3,49.7,30,31,2026-03-18 06:53:10.070000+00:00,real,,,,,
89,31.3,50.3,30,31,2026-03-18 06:53:15.005000+00:00,real,,,,,
89,31.4,50.9,30,31,2026-03-18 06:53:19.887000+00:00,real,,,,,
89,31.4,50.5,30,31,2026-03-18 06:53:25.219000+00:00,real,,,,,
89,31.4,50.8,30,31,2026-03-18 06:53:30.372000+00:00,real,,,,,
89,31.4,51.5,30,31,2026-03-18 06:53:34.831000+00:00,real,,,,,
89,31.4,51.1,30,31,2026-03-18 06:53:39.951000+00:00,real,,,,,
89,31.4,51.1,30,31,2026-03-18 06:53:45.270000+00:00,real,,,,,
89,31.4,50.3,30,31,2026-03-18 06:53:49.783000+00:00,real,,,,,
89,31.4,50.6,30,31,2026-03-18 06:53:54.906000+00:00,real,,,,,
89,31.4,50.9,30,31,2026-03-18 06:54:00.047000+00:00,real,,,,,
89,31.4,50.7,30,31,2026-03-18 06:54:05.194000+00:00,real,,,,,
89,31.4,50.6,30,31,2026-03-18 06:54:09.851000+00:00,real,,,,,
91,31.4,50.1,31,33,2026-03-18 06:54:14.765000+00:00,real,,,,,
91,31.4,50.0,31,33,2026-03-18 06:54:19.951000+00:00,real,,,,,
91,31.4,49.3,31,33,2026-03-18 06:54:24.810000+00:00,real,,,,,
91,31.4,49.7,31,33,2026-03-18 06:54:29.923000+00:00,real,,,,,
91,31.3,51.0,31,33,2026-03-18 06:54:34.837000+00:00,real,,,,,
91,31.3,50.8,31,33,2026-03-18 06:54:40.171000+00:00,real,,,,,
91,31.3,49.7,31,33,2026-03-18 06:54:44.872000+00:00,real,,,,,
91,31.3,49.4,31,33,2026-03-18 06:54:49.789000+00:00,real,,,,,
91,31.3,50.1,31,33,2026-03-18 06:54:55.165000+00:00,real,,,,,
91,31.3,50.6,31,33,2026-03-18 06:54:59.932000+00:00,real,,,,,
91,31.3,49.9,31,33,2026-03-18 06:55:04.945000+00:00,real,,,,,
91,31.3,50.1,31,33,2026-03-18 06:55:09.853000+00:00,real,,,,,
91,31.3,50.7,31,33,2026-03-18 06:55:15.040000+00:00,real,,,,,
91,31.3,50.3,31,33,2026-03-18 06:55:19.897000+00:00,real,,,,,
91,31.3,50.6,31,33,2026-03-18 06:55:24.928000+00:00,real,,,,,
91,31.2,50.6,31,33,2026-03-18 06:55:29.934000+00:00,real,,,,,
91,31.2,51.0,31,33,2026-03-18 06:55:35.028000+00:00,real,,,,,
91,31.2,50.4,31,33,2026-03-18 06:55:39.755000+00:00,real,,,,,
91,31.2,50.2,31,33,2026-03-18 06:55:44.880000+00:00,real,,,,,
91,31.1,49.9,31,33,2026-03-18 06:55:50.107000+00:00,real,,,,,
91,31.1,49.9,31,33,2026-03-18 06:55:55.144000+00:00,real,,,,,
97,31.1,49.3,34,35,2026-03-18 06:55:59.825000+00:00,real,,,,,
95,31.2,49.2,33,34,2026-03-18 06:56:05.146000+00:00,real,,,,,
95,31.1,49.8,33,34,2026-03-18 06:56:10.062000+00:00,real,,,,,
95,31.1,50.7,33,33,2026-03-18 06:56:14.781000+00:00,real,,,,,
95,31.1,51.3,33,33,2026-03-18 06:56:25.056000+00:00,real,,,,,
95,31.1,51.3,33,33,2026-03-18 06:56:30.295000+00:00,real,,,,,
95,31.1,50.6,33,33,2026-03-18 06:56:34.838000+00:00,real,,,,,
95,31.1,50.0,33,33,2026-03-18 06:56:40.008000+00:00,real,,,,,
95,31.1,49.5,33,33,2026-03-18 06:56:45.083000+00:00,real,,,,,
95,31.1,48.8,33,33,2026-03-18 06:56:50.004000+00:00,real,,,,,
95,31.1,48.1,33,33,2026-03-18 06:56:54.937000+00:00,real,,,,,
95,31.1,47.5,33,33,2026-03-18 06:56:59.829000+00:00,real,,,,,
95,31.1,47.9,33,33,2026-03-18 06:57:05.176000+00:00,real,,,,,
95,31.1,48.4,33,33,2026-03-18 06:57:09.895000+00:00,real,,,,,
95,31.1,49.0,33,33,2026-03-18 06:57:14.786000+00:00,real,,,,,
95,31.1,48.9,33,33,2026-03-18 06:57:20.014000+00:00,real,,,,,
95,31.0,48.8,33,33,2026-03-18 06:57:25.017000+00:00,real,,,,,
95,31.0,48.1,33,33,2026-03-18 06:57:29.975000+00:00,real,,,,,
95,31.0,47.8,33,33,2026-03-18 06:57:34.851000+00:00,real,,,,,
95,31.0,48.3,33,33,2026-03-18 06:57:39.981000+00:00,real,,,,,
95,31.0,49.0,33,33,2026-03-18 06:57:44.962000+00:00,real,,,,,
95,31.0,49.4,33,33,2026-03-18 06:57:50.012000+00:00,real,,,,,
95,31.0,50.0,33,33,2026-03-18 06:57:54.919000+00:00,real,,,,,
95,31.0,50.5,33,33,2026-03-18 06:58:00.052000+00:00,real,,,,,
95,31.0,51.2,33,33,2026-03-18 06:58:04.765000+00:00,real,,,,,
95,31.0,51.0,33,33,2026-03-18 06:58:10.209000+00:00,real,,,,,
95,31.0,50.7,33,33,2026-03-18 06:58:15.694000+00:00,real,,,,,
95,31.0,49.2,33,33,2026-03-18 06:58:20.116000+00:00,real,,,,,
95,31.1,48.9,33,33,2026-03-18 06:58:25.026000+00:00,real,,,,,
95,31.1,49.0,33,33,2026-03-18 06:58:30.186000+00:00,real,,,,,
97,31.1,49.5,34,34,2026-03-18 06:58:35.149000+00:00,real,,,,,
95,31.1,49.6,33,33,2026-03-18 06:58:42.649000+00:00,real,,,,,
95,31.0,49.7,33,33,2026-03-18 06:59:22.203000+00:00,real,,,,,
95,31.2,48.3,33,33,2026-03-18 06:59:27.325000+00:00,real,,,,,
95,31.2,49.1,33,33,2026-03-18 06:59:32.446000+00:00,real,,,,,
95,31.2,49.0,33,33,2026-03-18 06:59:37.613000+00:00,real,,,,,
95,31.2,48.2,33,33,2026-03-18 06:59:42.232000+00:00,real,,,,,
95,31.3,48.1,33,33,2026-03-18 06:59:47.150000+00:00,real,,,,,
95,31.3,47.4,33,33,2026-03-18 06:59:52.533000+00:00,real,,,,,
95,31.3,47.0,33,33,2026-03-18 06:59:57.184000+00:00,real,,,,,
95,31.3,47.7,33,33,2026-03-18 07:00:02.316000+00:00,real,,,,,
95,31.2,47.7,33,33,2026-03-18 07:00:07.440000+00:00,real,,,,,
95,31.3,47.5,33,33,2026-03-18 07:00:12.349000+00:00,real,,,,,
95,31.3,46.9,33,33,2026-03-18 07:00:17.267000+00:00,real,,,,,
95,31.3,47.2,33,33,2026-03-18 07:00:22.170000+00:00,real,,,,,
95,31.2,47.5,33,33,2026-03-18 07:00:27.315000+00:00,real,,,,,
95,31.3,47.8,33,33,2026-03-18 07:00:32.478000+00:00,real,,,,,
95,31.2,46.9,33,33,2026-03-18 07:00:37.374000+00:00,real,,,,,
95,31.2,46.2,33,33,2026-03-18 07:00:42.306000+00:00,real,,,,,
95,31.3,46.2,33,33,2026-03-18 07:00:47.365000+00:00,real,,,,,
95,31.3,46.8,33,33,2026-03-18 07:00:52.284000+00:00,real,,,,,
95,31.2,46.2,33,33,2026-03-18 07:00:57.276000+00:00,real,,,,,
95,31.3,44.2,33,33,2026-03-18 07:01:02.542000+00:00,real,,,,,
95,31.3,46.6,33,33,2026-03-18 07:01:07.549000+00:00,real,,,,,
95,31.3,46.9,33,33,2026-03-18 07:01:12.138000+00:00,real,,,,,
95,31.3,46.5,33,33,2026-03-18 07:01:17.280000+00:00,real,,,,,
95,31.3,46.8,33,33,2026-03-18 07:01:22.216000+00:00,real,,,,,
95,31.3,46.9,33,33,2026-03-18 07:01:27.320000+00:00,real,,,,,
95,31.3,46.7,33,33,2026-03-18 07:01:32.332000+00:00,real,,,,,
95,31.3,47.1,33,33,2026-03-18 07:01:37.261000+00:00,real,,,,,
95,31.3,47.3,33,33,2026-03-18 07:01:42.309000+00:00,real,,,,,
95,31.3,46.7,33,33,2026-03-18 07:01:47.429000+00:00,real,,,,,
95,31.3,46.9,33,33,2026-03-18 07:01:52.295000+00:00,real,,,,,
95,31.3,45.3,33,33,2026-03-18 07:01:57.191000+00:00,real,,,,,
95,31.4,47.0,33,33,2026-03-18 07:02:02.412000+00:00,real,,,,,
95,31.4,46.1,33,33,2026-03-18 07:02:07.244000+00:00,real,,,,,
95,31.4,45.6,33,33,2026-03-18 07:02:12.394000+00:00,real,,,,,
95,31.4,45.6,33,33,2026-03-18 07:02:17.588000+00:00,real,,,,,
95,31.4,45.8,33,33,2026-03-18 07:02:22.253000+00:00,real,,,,,
95,31.4,45.9,33,33,2026-03-18 07:02:27.500000+00:00,real,,,,,
95,31.4,45.8,33,33,2026-03-18 07:02:32.248000+00:00,real,,,,,
95,31.4,45.3,33,33,2026-03-18 07:02:37.422000+00:00,real,,,,,
95,31.4,44.5,33,33,2026-03-18 07:02:42.268000+00:00,real,,,,,
95,31.4,45.6,33,33,2026-03-18 07:02:47.237000+00:00,real,,,,,
95,31.5,46.0,33,33,2026-03-18 07:02:52.309000+00:00,real,,,,,
95,31.5,46.4,33,33,2026-03-18 07:02:57.410000+00:00,real,,,,,
95,31.5,45.9,33,33,2026-03-18 07:03:02.335000+00:00,real,,,,,
95,31.5,45.5,33,33,2026-03-18 07:03:07.238000+00:00,real,,,,,
95,31.6,46.0,33,33,2026-03-18 07:03:12.373000+00:00,real,,,,,
95,31.5,47.2,33,33,2026-03-18 07:03:17.341000+00:00,real,,,,,
95,31.5,47.5,33,33,2026-03-18 07:03:22.397000+00:00,real,,,,,
95,31.5,46.5,33,33,2026-03-18 07:03:27.335000+00:00,real,,,,,
95,31.5,45.1,33,33,2026-03-18 07:03:32.289000+00:00,real,,,,,
95,31.5,45.0,33,33,2026-03-18 07:03:37.436000+00:00,real,,,,,
95,31.5,46.0,33,33,2026-03-18 07:03:42.255000+00:00,real,,,,,
95,31.5,47.1,33,33,2026-03-18 07:03:47.171000+00:00,real,,,,,
95,31.4,45.8,33,33,2026-03-18 07:03:52.531000+00:00,real,,,,,
95,31.4,46.0,33,33,2026-03-18 07:03:57.267000+00:00,real,,,,,
95,31.4,46.6,33,33,2026-03-18 07:04:02.129000+00:00,real,,,,,
95,31.4,46.2,33,33,2026-03-18 07:04:07.445000+00:00,real,,,,,
95,31.4,46.4,33,33,2026-03-18 07:04:12.354000+00:00,real,,,,,
95,31.4,46.1,33,33,2026-03-18 07:04:17.280000+00:00,real,,,,,
95,31.4,46.9,33,33,2026-03-18 07:04:22.211000+00:00,real,,,,,
95,31.4,45.2,33,33,2026-03-18 07:04:27.801000+00:00,real,,,,,
95,31.5,45.5,33,33,2026-03-18 07:04:32.259000+00:00,real,,,,,
95,31.6,45.5,33,33,2026-03-18 07:04:37.145000+00:00,real,,,,,
95,31.7,44.5,33,33,2026-03-18 07:04:42.277000+00:00,real,,,,,
95,31.7,44.0,33,33,2026-03-18 07:04:47.186000+00:00,real,,,,,
93,31.7,44.0,32,32,2026-03-18 07:04:52.387000+00:00,real,,,,,
93,31.7,44.5,32,32,2026-03-18 07:04:57.448000+00:00,real,,,,,
93,31.7,44.7,32,32,2026-03-18 07:05:02.130000+00:00,real,,,,,
93,31.7,43.4,32,32,2026-03-18 07:05:07.311000+00:00,real,,,,,
93,31.7,44.9,32,32,2026-03-18 07:05:12.213000+00:00,real,,,,,
93,31.7,44.4,32,32,2026-03-18 07:05:17.284000+00:00,real,,,,,
93,31.7,44.6,32,32,2026-03-18 07:05:23.011000+00:00,real,,,,,
93,31.8,44.8,32,32,2026-03-18 07:05:27.248000+00:00,real,,,,,
93,31.8,44.3,32,32,2026-03-18 07:05:32.249000+00:00,real,,,,,
93,31.7,43.9,32,32,2026-03-18 07:05:37.255000+00:00,real,,,,,
93,31.8,44.0,32,32,2026-03-18 07:05:42.730000+00:00,real,,,,,
93,31.8,44.0,32,32,2026-03-18 07:05:48.143000+00:00,real,,,,,
93,31.7,44.0,32,32,2026-03-18 07:05:52.411000+00:00,real,,,,,
93,31.7,44.4,32,32,2026-03-18 07:05:57.219000+00:00,real,,,,,
93,31.7,44.8,32,32,2026-03-18 07:06:02.556000+00:00,real,,,,,
93,31.7,44.3,32,32,2026-03-18 07:06:07.297000+00:00,real,,,,,
93,31.8,43.7,32,32,2026-03-18 07:06:12.172000+00:00,real,,,,,
93,31.9,44.2,32,32,2026-03-18 07:06:17.494000+00:00,real,,,,,
93,31.9,43.9,32,32,2026-03-18 07:06:22.403000+00:00,real,,,,,
93,32.0,43.5,32,32,2026-03-18 07:06:27.356000+00:00,real,,,,,
93,31.9,43.5,32,32,2026-03-18 07:06:32.436000+00:00,real,,,,,
93,31.9,43.5,32,32,2026-03-18 07:06:37.246000+00:00,real,,,,,
93,31.9,43.6,32,32,2026-03-18 07:06:42.287000+00:00,real,,,,,
87,31.9,43.5,29,30,2026-03-18 07:06:47.189000+00:00,real,,,,,
87,31.9,43.8,29,30,2026-03-18 07:06:52.507000+00:00,real,,,,,
87,31.9,43.8,29,30,2026-03-18 07:06:57.398000+00:00,real,,,,,
87,31.9,44.0,29,30,2026-03-18 07:07:02.269000+00:00,real,,,,,
87,31.9,44.0,29,30,2026-03-18 07:07:07.267000+00:00,real,,,,,
87,31.9,43.8,29,30,2026-03-18 07:07:12.218000+00:00,real,,,,,
87,31.9,43.8,29,30,2026-03-18 07:07:17.542000+00:00,real,,,,,
87,31.9,43.9,29,30,2026-03-18 07:07:22.225000+00:00,real,,,,,
87,31.9,43.9,29,30,2026-03-18 07:07:28.147000+00:00,real,,,,,
87,31.9,43.8,29,30,2026-03-18 07:07:33.119000+00:00,real,,,,,
87,31.9,44.3,29,30,2026-03-18 07:07:38.192000+00:00,real,,,,,
87,31.9,44.4,29,30,2026-03-18 07:07:43.437000+00:00,real,,,,,
87,31.8,44.3,29,30,2026-03-18 07:07:48.019000+00:00,real,,,,,
87,31.8,44.4,29,30,2026-03-18 07:09:30.086000+00:00,real,,,,,
87,31.6,44.8,29,30,2026-03-18 07:09:40.007000+00:00,real,,,,,
87,31.5,44.9,29,30,2026-03-18 07:09:40.437000+00:00,real,,,,,
87,31.5,44.9,29,30,2026-03-18 07:09:41.902000+00:00,real,,,,,
87,31.5,44.9,29,30,2026-03-18 07:09:41.952000+00:00,real,,,,,
87,31.5,44.9,29,30,2026-03-18 07:09:41.984000+00:00,real,,,,,
87,31.4,44.4,29,30,2026-03-18 07:09:43.100000+00:00,real,,,,,
87,31.4,44.6,29,30,2026-03-18 07:09:48.046000+00:00,real,,,,,
87,31.4,44.8,29,30,2026-03-18 07:09:52.414000+00:00,real,,,,,
87,31.4,44.8,29,30,2026-03-18 07:09:57.291000+00:00,real,,,,,
87,31.4,44.3,29,30,2026-03-18 07:10:02.155000+00:00,real,,,,,
87,31.4,44.5,29,30,2026-03-18 07:10:07.281000+00:00,real,,,,,
87,31.3,44.5,29,30,2026-03-18 07:10:12.848000+00:00,real,,,,,
87,31.3,44.8,29,30,2026-03-18 07:10:17.264000+00:00,real,,,,,
87,31.4,45.3,29,30,2026-03-18 07:10:22.224000+00:00,real,,,,,
87,31.3,45.6,29,30,2026-03-18 07:10:27.328000+00:00,real,,,,,
87,31.3,45.6,29,30,2026-03-18 07:10:32.418000+00:00,real,,,,,
87,31.3,45.0,29,30,2026-03-18 07:10:37.171000+00:00,real,,,,,
87,31.3,45.2,29,30,2026-03-18 07:10:43.315000+00:00,real,,,,,
82,31.3,46.3,27,28,2026-03-18 07:10:47.431000+00:00,real,,,,,
82,31.3,46.3,27,28,2026-03-18 07:10:52.326000+00:00,real,,,,,
82,31.3,45.8,27,28,2026-03-18 07:10:57.454000+00:00,real,,,,,
82,31.2,45.9,27,28,2026-03-18 07:11:02.186000+00:00,real,,,,,
82,31.2,46.3,27,28,2026-03-18 07:11:07.354000+00:00,real,,,,,
82,31.2,46.3,27,28,2026-03-18 07:11:12.189000+00:00,real,,,,,
82,31.2,45.6,27,28,2026-03-18 07:11:17.516000+00:00,real,,,,,
82,31.1,46.6,27,28,2026-03-18 07:11:22.431000+00:00,real,,,,,
82,31.0,47.1,27,28,2026-03-18 07:11:27.552000+00:00,real,,,,,
82,30.9,46.6,27,28,2026-03-18 07:11:32.265000+00:00,real,,,,,
82,30.8,44.7,27,28,2026-03-18 07:11:37.182000+00:00,real,,,,,
82,30.9,43.7,27,28,2026-03-18 07:11:42.512000+00:00,real,,,,,
82,30.9,43.8,27,28,2026-03-18 07:11:47.214000+00:00,real,,,,,
82,30.9,44.0,27,28,2026-03-18 07:11:52.134000+00:00,real,,,,,
82,31.0,44.2,27,28,2026-03-18 07:11:57.335000+00:00,real,,,,,
82,31.0,44.5,27,28,2026-03-18 07:12:02.813000+00:00,real,,,,,
82,31.0,45.6,27,28,2026-03-18 07:12:07.294000+00:00,real,,,,,
82,31.0,45.8,27,28,2026-03-18 07:12:12.399000+00:00,real,,,,,
82,31.0,46.3,27,28,2026-03-18 07:12:17.419000+00:00,real,,,,,
82,31.1,45.6,27,28,2026-03-18 07:12:22.252000+00:00,real,,,,,
82,31.1,44.9,27,28,2026-03-18 07:12:27.250000+00:00,real,,,,,
82,31.1,44.5,27,28,2026-03-18 07:12:32.671000+00:00,real,,,,,
87,31.1,44.5,29,33,2026-03-18 07:12:37.373000+00:00,real,,,,,
87,31.1,44.2,29,32,2026-03-18 07:12:43.030000+00:00,real,,,,,
87,31.1,45.1,29,32,2026-03-18 07:12:48.254000+00:00,real,,,,,
87,31.1,45.2,29,32,2026-03-18 07:12:53.410000+00:00,real,,,,,
87,31.0,44.9,29,32,2026-03-18 07:12:58.074000+00:00,real,,,,,
87,31.0,44.2,29,32,2026-03-18 07:13:03.191000+00:00,real,,,,,
87,31.0,43.2,29,32,2026-03-18 07:13:08.326000+00:00,real,,,,,
87,31.0,43.1,29,32,2026-03-18 07:13:13.478000+00:00,real,,,,,
87,31.4,47.0,29,32,2026-03-18 07:13:18.179000+00:00,real,,,,,
87,31.6,47.9,29,32,2026-03-18 07:13:23.064000+00:00,real,,,,,
87,31.5,45.0,29,32,2026-03-18 07:13:30.505000+00:00,real,,,,,
87,31.4,44.0,29,32,2026-03-18 07:13:33.897000+00:00,real,,,,,
87,31.3,42.4,29,32,2026-03-18 07:13:40.415000+00:00,real,,,,,
87,31.3,44.3,29,32,2026-03-18 07:14:40.063000+00:00,real,,,,,
87,31.3,43.0,29,32,2026-03-18 07:15:40.279000+00:00,real,,,,,
87,31.4,46.8,29,32,2026-03-18 07:16:40.158000+00:00,real,,,,,
87,31.6,43.4,29,32,2026-03-18 07:17:40.082000+00:00,real,,,,,
87,31.8,43.5,29,32,2026-03-18 07:18:21.662000+00:00,real,,,,,
87,31.8,43.5,29,32,2026-03-18 07:18:22.262000+00:00,real,,,,,
87,32.0,42.8,29,32,2026-03-18 07:18:27.467000+00:00,real,,,,,
87,32.0,43.3,29,32,2026-03-18 07:18:33.161000+00:00,real,,,,,
87,32.0,44.0,29,32,2026-03-18 07:18:38.035000+00:00,real,,,,,
87,32.0,44.7,29,32,2026-03-18 07:18:43.189000+00:00,real,,,,,
87,31.9,44.1,29,32,2026-03-18 07:18:48.576000+00:00,real,,,,,
87,31.9,44.3,29,32,2026-03-18 07:18:53.193000+00:00,real,,,,,
87,31.9,46.6,29,32,2026-03-18 07:18:58.110000+00:00,real,,,,,
87,31.9,44.2,29,32,2026-03-18 07:19:03.025000+00:00,real,,,,,
87,31.9,43.7,29,32,2026-03-18 07:19:08.175000+00:00,real,,,,,
87,31.9,43.7,29,32,2026-03-18 07:19:13.152000+00:00,real,,,,,
87,32.0,43.8,29,32,2026-03-18 07:19:18.221000+00:00,real,,,,,
87,32.0,43.1,29,32,2026-03-18 07:19:23.090000+00:00,real,,,,,
89,32.0,42.4,30,30,2026-03-18 07:19:28.235000+00:00,real,,,,,
87,31.9,41.7,29,29,2026-03-18 07:19:40.124000+00:00,real,,,,,
87,31.9,41.7,29,29,2026-03-18 07:20:11.235000+00:00,real,,,,,
87,31.9,41.7,29,29,2026-03-18 07:20:12.228000+00:00,real,,,,,
87,32.4,42.9,29,29,2026-03-18 07:20:17.612000+00:00,real,,,,,
87,32.6,43.7,29,29,2026-03-18 07:20:22.483000+00:00,real,,,,,
87,33.5,44.1,29,29,2026-03-18 07:20:27.218000+00:00,real,,,,,
87,34.1,44.5,29,29,2026-03-18 07:20:32.564000+00:00,real,,,,,
87,34.5,45.0,29,29,2026-03-18 07:20:38.072000+00:00,real,,,,,
87,35.0,44.3,29,29,2026-03-18 07:20:43.191000+00:00,real,,,,,
91,34.8,42.4,31,31,2026-03-18 07:20:48.103000+00:00,real,,,,,
91,34.9,41.5,31,32,2026-03-18 07:20:53.438000+00:00,real,,,,,
93,34.9,40.8,32,33,2026-03-18 07:20:58.128000+00:00,real,,,,,
93,34.5,40.0,32,33,2026-03-18 07:21:03.060000+00:00,real,,,,,
93,34.5,39.9,32,33,2026-03-18 07:21:08.151000+00:00,real,,,,,
93,34.2,39.7,32,33,2026-03-18 07:21:13.102000+00:00,real,,,,,
93,34.3,40.1,32,33,2026-03-18 07:21:18.200000+00:00,real,,,,,
93,34.2,39.9,32,33,2026-03-18 07:21:23.108000+00:00,real,,,,,
80,34.2,40.0,26,28,2026-03-18 07:21:28.027000+00:00,real,,,,,
80,34.4,40.6,26,28,2026-03-18 07:21:40.100000+00:00,real,,,,,
80,34.7,41.6,26,28,2026-03-18 07:21:57.536000+00:00,real,,,,,
80,34.9,39.7,26,28,2026-03-18 07:22:02.240000+00:00,real,,,,,
80,35.0,39.9,26,28,2026-03-18 07:22:07.159000+00:00,real,,,,,
80,35.0,39.3,26,28,2026-03-18 07:22:12.258000+00:00,real,,,,,
80,34.8,39.3,26,28,2026-03-18 07:22:18.195000+00:00,real,,,,,
80,34.6,39.2,26,28,2026-03-18 07:22:23.140000+00:00,real,,,,,
80,34.5,39.1,26,28,2026-03-18 07:22:28.041000+00:00,real,,,,,
80,34.5,39.1,26,28,2026-03-18 07:22:33.367000+00:00,real,,,,,
80,34.2,39.2,26,28,2026-03-18 07:22:38.081000+00:00,real,,,,,
80,34.0,39.4,26,28,2026-03-18 07:22:43.500000+00:00,real,,,,,
80,34.0,39.6,26,28,2026-03-18 07:22:48.103000+00:00,real,,,,,
80,33.8,39.9,26,28,2026-03-18 07:22:53.307000+00:00,real,,,,,
80,33.7,40.3,26,28,2026-03-18 07:22:58.138000+00:00,real,,,,,
80,33.6,40.5,26,28,2026-03-18 07:23:03.098000+00:00,real,,,,,
80,33.6,40.6,26,28,2026-03-18 07:23:08.411000+00:00,real,,,,,
80,33.5,42.2,26,28,2026-03-18 07:23:13.108000+00:00,real,,,,,
80,33.3,42.0,26,28,2026-03-18 07:23:40.154000+00:00,real,,,,,
80,32.8,46.9,26,28,2026-03-18 07:24:40.122000+00:00,real,,,,,
80,32.5,48.2,26,28,2026-03-18 07:25:38.810000+00:00,real,,,,,
80,32.2,49.2,26,28,2026-03-18 07:25:42.169000+00:00,real,,,,,
80,32.1,49.1,26,28,2026-03-18 07:25:47.290000+00:00,real,,,,,
142,32.1,49.1,52,60,2026-03-18 07:25:52.203000+00:00,real,,,,,
139,32.1,49.2,51,58,2026-03-18 07:25:57.118000+00:00,real,,,,,
132,32.1,49.2,48,55,2026-03-18 07:26:02.234000+00:00,real,,,,,
132,32.1,49.2,48,55,2026-03-18 07:26:07.166000+00:00,real,,,,,
132,32.1,49.2,48,55,2026-03-18 07:26:12.270000+00:00,real,,,,,
132,32.0,49.1,48,55,2026-03-18 07:26:17.184000+00:00,real,,,,,
132,32.0,49.2,48,55,2026-03-18 07:26:22.306000+00:00,real,,,,,
132,32.0,49.3,48,55,2026-03-18 07:26:27.220000+00:00,real,,,,,
132,31.9,50.0,48,55,2026-03-18 07:26:32.148000+00:00,real,,,,,
132,31.9,50.0,48,55,2026-03-18 07:26:37.278000+00:00,real,,,,,
132,31.8,49.8,48,55,2026-03-18 07:26:42.171000+00:00,real,,,,,
132,31.8,49.6,48,55,2026-03-18 07:26:47.319000+00:00,real,,,,,
132,31.8,49.5,48,55,2026-03-18 07:26:52.231000+00:00,real,,,,,
132,31.8,49.5,48,55,2026-03-18 07:26:57.347000+00:00,real,,,,,
132,31.8,49.6,48,55,2026-03-18 07:27:02.289000+00:00,real,,,,,
132,31.8,49.6,48,55,2026-03-18 07:27:07.168000+00:00,real,,,,,
132,31.8,49.6,48,55,2026-03-18 07:27:07.218000+00:00,real,,,,,
132,31.8,49.6,48,55,2026-03-18 07:27:08.385000+00:00,real,,,,,
132,31.8,49.7,48,55,2026-03-18 07:27:10.038000+00:00,real,,,,,
132,31.8,49.7,48,55,2026-03-18 07:27:10.849000+00:00,real,,,,,
132,31.8,49.7,48,55,2026-03-18 07:27:11.249000+00:00,real,,,,,
132,31.8,49.7,48,55,2026-03-18 07:27:11.660000+00:00,real,,,,,
132,31.7,49.6,48,55,2026-03-18 07:27:12.127000+00:00,real,,,,,
132,31.7,49.6,48,55,2026-03-18 07:27:12.162000+00:00,real,,,,,
132,31.7,49.6,48,55,2026-03-18 07:27:12.696000+00:00,real,,,,,
132,31.7,49.6,48,55,2026-03-18 07:27:13.097000+00:00,real,,,,,
132,31.7,49.6,48,55,2026-03-18 07:27:13.506000+00:00,real,,,,,
132,31.7,49.6,48,55,2026-03-18 07:27:13.918000+00:00,real,,,,,
132,31.7,49.6,48,55,2026-03-18 07:27:14.326000+00:00,real,,,,,
82,31.8,50.0,27,28,2026-03-18 07:27:17.196000+00:00,real,,,,,
82,31.7,49.8,27,28,2026-03-18 07:27:22.315000+00:00,real,,,,,
82,31.7,49.8,27,28,2026-03-18 07:27:24.256000+00:00,real,,,,,
82,31.7,48.5,27,28,2026-03-18 07:27:27.259000+00:00,real,,,,,
82,31.7,50.0,27,28,2026-03-18 07:27:32.178000+00:00,real,,,,,
82,31.7,49.9,27,28,2026-03-18 07:27:36.240000+00:00,real,,,,,
82,31.7,49.9,27,28,2026-03-18 07:27:37.257000+00:00,real,,,,,
82,31.7,49.9,27,28,2026-03-18 07:27:42.237000+00:00,real,,,,,
82,31.6,49.9,27,28,2026-03-18 07:27:47.293000+00:00,real,,,,,
82,31.6,49.9,27,28,2026-03-18 07:27:52.208000+00:00,real,,,,,
82,31.6,50.0,27,28,2026-03-18 07:27:57.126000+00:00,real,,,,,
82,31.6,50.0,27,28,2026-03-18 07:28:02.254000+00:00,real,,,,,
82,31.5,50.0,27,28,2026-03-18 07:28:07.164000+00:00,real,,,,,
82,31.5,50.0,27,28,2026-03-18 07:28:12.332000+00:00,real,,,,,
82,31.5,50.0,27,28,2026-03-18 07:28:17.251000+00:00,real,,,,,
82,31.5,50.0,27,28,2026-03-18 07:28:22.112000+00:00,real,,,,,
82,31.5,50.1,27,28,2026-03-18 07:28:27.235000+00:00,real,,,,,
82,31.5,50.1,27,28,2026-03-18 07:28:32.142000+00:00,real,,,,,
82,31.5,50.1,27,28,2026-03-18 07:28:37.268000+00:00,real,,,,,
82,31.4,50.0,27,28,2026-03-18 07:28:42.182000+00:00,real,,,,,
82,31.4,50.0,27,28,2026-03-18 07:28:47.308000+00:00,real,,,,,
82,31.4,50.0,27,28,2026-03-18 07:28:52.217000+00:00,real,,,,,
82,31.4,50.1,27,28,2026-03-18 07:28:57.339000+00:00,real,,,,,
82,31.4,50.1,27,28,2026-03-18 07:29:02.383000+00:00,real,,,,,
82,31.4,50.1,27,28,2026-03-18 07:29:07.169000+00:00,real,,,,,
82,31.4,50.1,27,28,2026-03-18 07:29:12.287000+00:00,real,,,,,
82,31.4,50.1,27,28,2026-03-18 07:29:17.204000+00:00,real,,,,,
82,31.4,49.8,27,28,2026-03-18 07:29:27.278000+00:00,real,,,,,
82,31.4,50.1,27,28,2026-03-18 07:29:32.361000+00:00,real,,,,,
82,31.4,48.7,27,28,2026-03-18 07:29:37.477000+00:00,real,,,,,
82,31.4,50.0,27,28,2026-03-18 07:29:42.185000+00:00,real,,,,,
82,31.3,50.0,27,28,2026-03-18 07:29:47.310000+00:00,real,,,,,
82,31.3,50.0,27,28,2026-03-18 07:29:52.418000+00:00,real,,,,,
82,31.4,50.1,27,28,2026-03-18 07:29:57.348000+00:00,real,,,,,
82,31.4,50.2,27,28,2026-03-18 07:30:02.256000+00:00,real,,,,,
82,31.4,50.4,27,28,2026-03-18 07:30:04.772000+00:00,real,,,,,
82,31.4,50.2,27,28,2026-03-18 07:30:07.167000+00:00,real,,,,,
82,31.4,50.1,27,28,2026-03-18 07:30:12.546000+00:00,real,,,,,
82,31.4,50.1,27,28,2026-03-18 07:30:17.240000+00:00,real,,,,,
82,31.4,50.3,27,28,2026-03-18 07:30:22.124000+00:00,real,,,,,
82,31.4,50.2,27,28,2026-03-18 07:30:27.249000+00:00,real,,,,,
82,31.4,50.1,27,28,2026-03-18 07:30:32.157000+00:00,real,,,,,
82,31.4,50.2,27,28,2026-03-18 07:30:37.281000+00:00,real,,,,,
82,31.4,50.0,27,28,2026-03-18 07:30:42.233000+00:00,real,,,,,
82,31.4,50.0,27,28,2026-03-18 07:30:47.324000+00:00,real,,,,,
82,31.4,50.0,27,28,2026-03-18 07:30:52.227000+00:00,real,,,,,
82,31.4,50.4,27,28,2026-03-18 07:30:57.146000+00:00,real,,,,,
82,31.4,50.1,27,28,2026-03-18 07:31:02.297000+00:00,real,,,,,
82,31.4,50.1,27,28,2026-03-18 07:31:07.187000+00:00,real,,,,,
82,31.4,50.1,27,28,2026-03-18 07:31:12.532000+00:00,real,,,,,
82,31.4,49.9,27,28,2026-03-18 07:31:17.218000+00:00,real,,,,,
82,31.4,50.0,27,28,2026-03-18 07:31:22.127000+00:00,real,,,,,
82,31.4,50.0,27,28,2026-03-18 07:31:27.254000+00:00,real,,,,,
82,31.4,50.0,27,28,2026-03-18 07:31:32.585000+00:00,real,,,,,
82,31.4,50.0,27,28,2026-03-18 07:31:37.285000+00:00,real,,,,,
82,31.4,50.0,27,28,2026-03-18 07:31:42.198000+00:00,real,,,,,
82,31.4,50.2,27,28,2026-03-18 07:31:47.111000+00:00,real,,,,,
82,31.4,50.1,27,28,2026-03-18 07:31:52.235000+00:00,real,,,,,
82,31.3,50.1,27,28,2026-03-18 07:31:57.147000+00:00,real,,,,,
84,31.4,50.3,28,28,2026-03-18 07:32:02.274000+00:00,real,,,,,
84,31.4,50.3,28,28,2026-03-18 07:32:07.209000+00:00,real,,,,,
84,31.4,50.2,28,28,2026-03-18 07:32:12.503000+00:00,real,,,,,
84,31.3,50.0,28,28,2026-03-18 07:32:17.216000+00:00,real,,,,,
84,31.3,50.0,28,28,2026-03-18 07:32:22.134000+00:00,real,,,,,
84,31.3,50.0,28,28,2026-03-18 07:32:27.457000+00:00,real,,,,,
84,31.4,50.4,28,28,2026-03-18 07:32:32.166000+00:00,real,,,,,
84,31.3,50.5,28,28,2026-03-18 07:32:37.307000+00:00,real,,,,,
84,31.3,50.1,28,28,2026-03-18 07:32:42.227000+00:00,real,,,,,
84,31.4,50.0,28,28,2026-03-18 07:32:47.360000+00:00,real,,,,,
84,31.3,50.0,28,28,2026-03-18 07:32:52.253000+00:00,real,,,,,
84,31.4,50.0,28,28,2026-03-18 07:32:57.158000+00:00,real,,,,,
84,31.3,49.9,28,28,2026-03-18 07:33:02.504000+00:00,real,,,,,
84,31.3,49.9,28,28,2026-03-18 07:33:07.249000+00:00,real,,,,,
84,31.4,50.0,28,28,2026-03-18 07:33:12.367000+00:00,real,,,,,
84,31.3,50.0,28,28,2026-03-18 07:33:17.265000+00:00,real,,,,,
84,31.3,50.0,28,28,2026-03-18 07:33:22.388000+00:00,real,,,,,
84,31.3,50.0,28,28,2026-03-18 07:33:27.263000+00:00,real,,,,,
84,31.3,50.2,28,28,2026-03-18 07:33:32.375000+00:00,real,,,,,
84,31.4,50.2,28,28,2026-03-18 07:33:37.493000+00:00,real,,,,,
84,31.4,50.1,28,28,2026-03-18 07:33:42.205000+00:00,real,,,,,
84,31.3,50.0,28,28,2026-03-18 07:33:47.121000+00:00,real,,,,,
84,31.3,50.0,28,28,2026-03-18 07:33:52.253000+00:00,real,,,,,
84,31.3,50.0,28,28,2026-03-18 07:33:57.192000+00:00,real,,,,,
84,31.3,50.2,28,28,2026-03-18 07:34:02.482000+00:00,real,,,,,
84,31.3,50.1,28,28,2026-03-18 07:34:07.199000+00:00,real,,,,,
84,31.3,50.0,28,28,2026-03-18 07:34:12.314000+00:00,real,,,,,
84,31.3,50.3,28,28,2026-03-18 07:34:17.277000+00:00,real,,,,,
84,31.3,50.4,28,28,2026-03-18 07:34:22.150000+00:00,real,,,,,
84,31.3,50.2,28,28,2026-03-18 07:34:27.463000+00:00,real,,,,,
84,31.3,50.0,28,28,2026-03-18 07:34:32.175000+00:00,real,,,,,
84,31.3,50.0,28,28,2026-03-18 07:34:37.336000+00:00,real,,,,,
84,31.3,50.0,28,28,2026-03-18 07:34:42.438000+00:00,real,,,,,
84,31.3,49.9,28,28,2026-03-18 07:34:47.127000+00:00,real,,,,,
84,31.3,49.9,28,28,2026-03-18 07:34:52.246000+00:00,real,,,,,
84,31.3,49.9,28,28,2026-03-18 07:34:57.173000+00:00,real,,,,,
84,31.3,49.9,28,28,2026-03-18 07:35:02.283000+00:00,real,,,,,
84,31.3,49.9,28,28,2026-03-18 07:35:07.204000+00:00,real,,,,,
84,31.3,49.9,28,28,2026-03-18 07:35:12.117000+00:00,real,,,,,
84,31.3,49.9,28,28,2026-03-18 07:35:17.261000+00:00,real,,,,,
84,31.3,49.9,28,28,2026-03-18 07:35:22.179000+00:00,real,,,,,
84,31.3,49.9,28,28,2026-03-18 07:35:27.287000+00:00,real,,,,,
84,31.3,49.9,28,28,2026-03-18 07:35:32.187000+00:00,real,,,,,
84,31.3,49.9,28,28,2026-03-18 07:35:37.516000+00:00,real,,,,,
84,31.3,49.9,28,28,2026-03-18 07:35:42.263000+00:00,real,,,,,
84,31.3,50.0,28,28,2026-03-18 07:35:47.139000+00:00,real,,,,,
84,31.3,50.2,28,28,2026-03-18 07:35:52.255000+00:00,real,,,,,
84,31.3,50.0,28,28,2026-03-18 07:35:57.367000+00:00,real,,,,,
89,31.3,49.9,30,30,2026-03-18 07:36:02.499000+00:00,real,,,,,
89,31.3,49.9,30,30,2026-03-18 07:36:07.201000+00:00,real,,,,,
89,31.3,49.8,30,30,2026-03-18 07:36:12.119000+00:00,real,,,,,
89,31.3,49.8,30,30,2026-03-18 07:36:17.245000+00:00,real,,,,,
89,31.3,49.7,30,30,2026-03-18 07:36:22.354000+00:00,real,,,,,
89,31.3,49.7,30,30,2026-03-18 07:36:27.473000+00:00,real,,,,,
89,31.3,49.8,30,30,2026-03-18 07:36:32.192000+00:00,real,,,,,
89,31.3,49.8,30,30,2026-03-18 07:36:37.313000+00:00,real,,,,,
89,31.3,49.8,30,30,2026-03-18 07:36:42.252000+00:00,real,,,,,
89,31.3,50.1,30,30,2026-03-18 07:36:47.176000+00:00,real,,,,,
89,31.3,49.9,30,30,2026-03-18 07:36:52.258000+00:00,real,,,,,
89,31.3,50.0,30,30,2026-03-18 07:36:57.171000+00:00,real,,,,,
89,31.3,50.0,30,30,2026-03-18 07:37:02.292000+00:00,real,,,,,
89,31.3,49.9,30,30,2026-03-18 07:37:07.408000+00:00,real,,,,,
89,31.3,49.9,30,30,2026-03-18 07:37:12.154000+00:00,real,,,,,
89,31.3,50.0,30,30,2026-03-18 07:37:17.264000+00:00,real,,,,,
89,31.3,49.9,30,30,2026-03-18 07:37:22.163000+00:00,real,,,,,
89,31.3,49.8,30,30,2026-03-18 07:37:27.281000+00:00,real,,,,,
89,31.3,49.8,30,30,2026-03-18 07:37:32.216000+00:00,real,,,,,
89,31.3,49.8,30,30,2026-03-18 07:37:37.383000+00:00,real,,,,,
89,31.3,49.8,30,30,2026-03-18 07:37:42.224000+00:00,real,,,,,
89,31.3,49.8,30,30,2026-03-18 07:37:47.143000+00:00,real,,,,,
89,31.3,49.8,30,30,2026-03-18 07:37:52.308000+00:00,real,,,,,
89,31.3,49.8,30,30,2026-03-18 07:37:57.179000+00:00,real,,,,,
89,31.3,49.8,30,30,2026-03-18 07:38:02.498000+00:00,real,,,,,
89,31.3,48.7,30,30,2026-03-18 07:38:07.280000+00:00,real,,,,,
89,31.3,49.8,30,30,2026-03-18 07:38:12.131000+00:00,real,,,,,
89,31.3,49.8,30,30,2026-03-18 07:38:17.239000+00:00,real,,,,,
89,31.3,49.3,30,30,2026-03-18 07:38:22.209000+00:00,real,,,,,
89,31.3,49.8,30,30,2026-03-18 07:38:27.487000+00:00,real,,,,,
89,31.3,49.8,30,30,2026-03-18 07:38:32.324000+00:00,real,,,,,
87,31.3,49.8,29,29,2026-03-18 07:38:37.207000+00:00,real,,,,,
87,31.3,49.8,29,29,2026-03-18 07:38:42.234000+00:00,real,,,,,
87,31.2,49.8,29,29,2026-03-18 07:38:47.150000+00:00,real,,,,,
87,31.3,49.9,29,29,2026-03-18 07:38:52.373000+00:00,real,,,,,
87,31.3,49.9,29,29,2026-03-18 07:38:57.184000+00:00,real,,,,,
87,31.2,49.9,29,29,2026-03-18 07:39:02.310000+00:00,real,,,,,
87,31.2,49.8,29,29,2026-03-18 07:39:07.220000+00:00,real,,,,,
87,31.3,49.9,29,29,2026-03-18 07:39:12.343000+00:00,real,,,,,
87,31.3,49.9,29,29,2026-03-18 07:39:17.457000+00:00,real,,,,,
87,31.3,50.0,29,29,2026-03-18 07:39:22.174000+00:00,real,,,,,
87,31.3,49.9,29,29,2026-03-18 07:39:27.373000+00:00,real,,,,,
87,31.2,49.8,29,29,2026-03-18 07:39:32.204000+00:00,real,,,,,
87,31.2,49.8,29,29,2026-03-18 07:39:37.119000+00:00,real,,,,,
87,31.2,49.9,29,29,2026-03-18 07:39:42.242000+00:00,real,,,,,
87,31.2,49.9,29,29,2026-03-18 07:39:47.168000+00:00,real,,,,,
87,31.2,49.8,29,29,2026-03-18 07:39:52.283000+00:00,real,,,,,
87,31.2,49.8,29,29,2026-03-18 07:39:57.426000+00:00,real,,,,,
87,31.2,49.8,29,29,2026-03-18 07:40:02.108000+00:00,real,,,,,
87,31.2,48.5,29,29,2026-03-18 07:40:07.227000+00:00,real,,,,,
87,31.2,49.8,29,29,2026-03-18 07:40:12.147000+00:00,real,,,,,
87,31.2,49.8,29,29,2026-03-18 07:40:17.244000+00:00,real,,,,,
87,31.2,49.8,29,29,2026-03-18 07:40:22.175000+00:00,real,,,,,
87,31.2,49.8,29,29,2026-03-18 07:40:27.495000+00:00,real,,,,,
87,31.2,49.8,29,29,2026-03-18 07:40:32.210000+00:00,real,,,,,
87,31.2,49.8,29,29,2026-03-18 07:40:37.127000+00:00,real,,,,,
89,31.2,49.9,30,31,2026-03-18 07:40:42.247000+00:00,real,,,,,
89,31.2,49.9,30,31,2026-03-18 07:40:47.160000+00:00,real,,,,,
89,31.2,49.9,30,31,2026-03-18 07:40:52.285000+00:00,real,,,,,
89,31.2,49.8,30,31,2026-03-18 07:40:57.193000+00:00,real,,,,,
89,31.1,49.7,30,31,2026-03-18 07:41:02.315000+00:00,real,,,,,
89,31.2,49.8,30,31,2026-03-18 07:41:07.229000+00:00,real,,,,,
89,31.1,49.6,30,31,2026-03-18 07:41:13.058000+00:00,real,,,,,
89,31.1,49.6,30,31,2026-03-18 07:41:17.232000+00:00,real,,,,,
89,31.2,49.7,30,31,2026-03-18 07:41:22.216000+00:00,real,,,,,
80,31.2,49.8,26,27,2026-03-18 07:41:27.301000+00:00,real,,,,,
80,31.2,49.7,26,27,2026-03-18 07:41:32.238000+00:00,real,,,,,
80,31.1,49.7,26,27,2026-03-18 07:41:37.136000+00:00,real,,,,,
80,31.2,49.8,26,27,2026-03-18 07:41:42.272000+00:00,real,,,,,
80,31.1,49.7,26,27,2026-03-18 07:41:47.376000+00:00,real,,,,,
80,31.1,49.7,26,27,2026-03-18 07:41:52.486000+00:00,real,,,,,
80,31.1,49.7,26,27,2026-03-18 07:41:57.214000+00:00,real,,,,,
80,31.2,49.8,26,27,2026-03-18 07:42:02.786000+00:00,real,,,,,
80,31.1,49.7,26,27,2026-03-18 07:42:07.234000+00:00,real,,,,,
80,31.1,49.8,26,27,2026-03-18 07:42:12.147000+00:00,real,,,,,
80,31.1,49.8,26,27,2026-03-18 07:42:17.278000+00:00,real,,,,,
82,31.1,49.6,27,28,2026-03-18 07:42:22.186000+00:00,real,,,,,
80,31.1,49.6,26,28,2026-03-18 07:42:27.312000+00:00,real,,,,,
78,31.1,49.6,25,27,2026-03-18 07:42:32.235000+00:00,real,,,,,
78,31.1,49.6,25,27,2026-03-18 07:42:37.338000+00:00,real,,,,,
78,31.1,49.5,25,27,2026-03-18 07:42:42.455000+00:00,real,,,,,
78,31.1,49.5,25,27,2026-03-18 07:42:47.175000+00:00,real,,,,,
78,31.1,49.5,25,27,2026-03-18 07:42:52.338000+00:00,real,,,,,
78,31.1,49.5,25,27,2026-03-18 07:42:57.411000+00:00,real,,,,,
78,31.1,49.6,25,27,2026-03-18 07:43:02.338000+00:00,real,,,,,
78,31.1,49.6,25,27,2026-03-18 07:43:07.240000+00:00,real,,,,,
78,31.1,49.5,25,27,2026-03-18 07:43:12.531000+00:00,real,,,,,
78,31.1,49.5,25,27,2026-03-18 07:43:17.474000+00:00,real,,,,,
78,31.1,49.4,25,27,2026-03-18 07:43:22.352000+00:00,real,,,,,
78,31.1,49.4,25,27,2026-03-18 07:43:27.208000+00:00,real,,,,,
78,31.1,49.4,25,27,2026-03-18 07:43:32.227000+00:00,real,,,,,
78,31.1,49.4,25,27,2026-03-18 07:43:37.138000+00:00,real,,,,,
78,31.1,49.4,25,27,2026-03-18 07:43:42.283000+00:00,real,,,,,
78,31.1,49.5,25,27,2026-03-18 07:43:47.375000+00:00,real,,,,,
78,31.1,49.5,25,27,2026-03-18 07:43:52.364000+00:00,real,,,,,
78,31.1,49.4,25,27,2026-03-18 07:43:57.231000+00:00,real,,,,,
78,31.1,49.4,25,27,2026-03-18 07:44:02.123000+00:00,real,,,,,
78,31.1,49.4,25,27,2026-03-18 07:44:07.249000+00:00,real,,,,,
78,31.1,49.3,25,27,2026-03-18 07:44:12.385000+00:00,real,,,,,
78,31.1,49.3,25,27,2026-03-18 07:44:17.353000+00:00,real,,,,,
78,31.1,49.3,25,27,2026-03-18 07:44:22.194000+00:00,real,,,,,
78,31.1,49.3,25,27,2026-03-18 07:44:27.317000+00:00,real,,,,,
78,31.1,49.3,25,27,2026-03-18 07:44:32.307000+00:00,real,,,,,
78,31.1,49.3,25,27,2026-03-18 07:44:37.173000+00:00,real,,,,,
78,31.1,49.3,25,27,2026-03-18 07:44:40.631000+00:00,real,,,,,
78,31.1,49.3,25,27,2026-03-18 07:44:42.362000+00:00,real,,,,,
78,31.1,49.3,25,27,2026-03-18 07:44:47.186000+00:00,real,,,,,
78,31.1,49.3,25,27,2026-03-18 07:44:52.302000+00:00,real,,,,,
78,31.1,49.3,25,27,2026-03-18 07:44:57.418000+00:00,real,,,,,
80,31.1,49.2,26,26,2026-03-18 07:45:02.165000+00:00,real,,,,,
80,31.1,49.2,26,26,2026-03-18 07:45:07.289000+00:00,real,,,,,
80,31.1,49.1,26,26,2026-03-18 07:45:12.395000+00:00,real,,,,,
80,31.1,49.1,26,26,2026-03-18 07:45:17.815000+00:00,real,,,,,
80,31.1,49.3,26,26,2026-03-18 07:45:22.197000+00:00,real,,,,,
80,31.1,49.1,26,26,2026-03-18 07:45:27.585000+00:00,real,,,,,
80,31.1,48.2,26,26,2026-03-18 07:45:32.257000+00:00,real,,,,,
80,31.1,49.0,26,26,2026-03-18 07:45:37.151000+00:00,real,,,,,
80,31.1,49.0,26,26,2026-03-18 07:45:42.276000+00:00,real,,,,,
80,31.1,49.1,26,26,2026-03-18 07:45:47.296000+00:00,real,,,,,
80,31.1,49.1,26,26,2026-03-18 07:45:52.106000+00:00,real,,,,,
80,31.2,49.1,26,26,2026-03-18 07:45:57.224000+00:00,real,,,,,
80,31.1,49.1,26,26,2026-03-18 07:46:02.388000+00:00,real,,,,,
80,31.1,49.0,26,26,2026-03-18 07:46:07.286000+00:00,real,,,,,
80,31.1,49.1,26,26,2026-03-18 07:46:12.172000+00:00,real,,,,,
80,31.1,49.1,26,26,2026-03-18 07:46:17.232000+00:00,real,,,,,
80,31.1,49.1,26,26,2026-03-18 07:46:22.216000+00:00,real,,,,,
80,31.1,49.0,26,26,2026-03-18 07:46:27.125000+00:00,real,,,,,
80,31.1,49.0,26,26,2026-03-18 07:46:32.272000+00:00,real,,,,,
80,31.1,49.0,26,26,2026-03-18 07:46:37.165000+00:00,real,,,,,
80,31.1,49.0,26,26,2026-03-18 07:46:42.286000+00:00,real,,,,,
80,31.1,49.0,26,26,2026-03-18 07:46:47.191000+00:00,real,,,,,
80,31.1,49.0,26,26,2026-03-18 07:46:52.327000+00:00,real,,,,,
78,31.1,49.0,25,27,2026-03-18 07:46:57.223000+00:00,real,,,,,
78,31.1,49.0,25,27,2026-03-18 07:47:02.171000+00:00,real,,,,,
78,31.1,49.0,25,27,2026-03-18 07:47:07.298000+00:00,real,,,,,
78,31.1,49.0,25,27,2026-03-18 07:47:12.379000+00:00,real,,,,,
78,31.1,49.0,25,27,2026-03-18 07:47:17.262000+00:00,real,,,,,
78,31.1,49.0,25,27,2026-03-18 07:47:22.232000+00:00,real,,,,,
78,31.1,48.9,25,27,2026-03-18 07:47:27.326000+00:00,real,,,,,
78,31.1,48.9,25,27,2026-03-18 07:47:32.251000+00:00,real,,,,,
78,31.1,49.0,25,27,2026-03-18 07:47:37.165000+00:00,real,,,,,
78,31.1,49.0,25,27,2026-03-18 07:47:42.282000+00:00,real,,,,,
78,31.1,49.0,25,27,2026-03-18 07:47:47.200000+00:00,real,,,,,
78,31.1,49.0,25,27,2026-03-18 07:47:52.125000+00:00,real,,,,,
78,31.1,48.9,25,27,2026-03-18 07:47:57.243000+00:00,real,,,,,
78,31.1,49.0,25,27,2026-03-18 07:48:02.147000+00:00,real,,,,,
78,31.1,48.9,25,27,2026-03-18 07:48:07.270000+00:00,real,,,,,
78,31.1,48.9,25,27,2026-03-18 07:48:12.380000+00:00,real,,,,,
78,31.1,48.8,25,27,2026-03-18 07:48:17.231000+00:00,real,,,,,
78,31.1,48.8,25,27,2026-03-18 07:48:22.279000+00:00,real,,,,,
78,31.1,48.8,25,27,2026-03-18 07:48:27.543000+00:00,real,,,,,
78,31.1,48.8,25,27,2026-03-18 07:48:32.259000+00:00,real,,,,,
78,31.1,48.8,25,27,2026-03-18 07:48:37.173000+00:00,real,,,,,
78,31.1,48.8,25,27,2026-03-18 07:48:42.495000+00:00,real,,,,,
78,31.1,48.0,25,27,2026-03-18 07:48:47.201000+00:00,real,,,,,
78,31.1,48.8,25,27,2026-03-18 07:48:52.125000+00:00,real,,,,,
78,31.1,48.8,25,27,2026-03-18 07:48:57.245000+00:00,real,,,,,
78,31.1,48.8,25,27,2026-03-18 07:49:02.175000+00:00,real,,,,,
78,31.1,48.8,25,27,2026-03-18 07:49:07.275000+00:00,real,,,,,
78,31.1,48.8,25,27,2026-03-18 07:49:12.387000+00:00,real,,,,,
78,31.1,48.9,25,27,2026-03-18 07:49:15.891000+00:00,real,,,,,
78,31.1,48.9,25,27,2026-03-18 07:49:17.230000+00:00,real,,,,,
78,31.1,48.8,25,27,2026-03-18 07:49:17.956000+00:00,real,,,,,
78,31.1,48.8,25,27,2026-03-18 07:49:22.272000+00:00,real,,,,,
78,31.0,48.7,25,27,2026-03-18 07:49:27.288000+00:00,real,,,,,
78,31.1,48.7,25,27,2026-03-18 07:49:32.332000+00:00,real,,,,,
78,31.1,48.8,25,27,2026-03-18 07:49:37.237000+00:00,real,,,,,
78,31.1,48.8,25,27,2026-03-18 07:49:42.294000+00:00,real,,,,,
78,31.1,48.8,25,27,2026-03-18 07:49:47.409000+00:00,real,,,,,
78,31.1,48.7,25,27,2026-03-18 07:49:52.372000+00:00,real,,,,,
78,31.1,48.7,25,27,2026-03-18 07:49:57.296000+00:00,real,,,,,
78,31.1,48.7,25,27,2026-03-18 07:50:02.159000+00:00,real,,,,,
78,31.1,48.6,25,27,2026-03-18 07:50:07.484000+00:00,real,,,,,
78,31.1,48.6,25,27,2026-03-18 07:50:12.192000+00:00,real,,,,,
78,31.1,48.6,25,27,2026-03-18 07:50:17.239000+00:00,real,,,,,
78,31.1,48.6,25,27,2026-03-18 07:50:22.228000+00:00,real,,,,,
78,31.1,48.6,25,27,2026-03-18 07:50:27.151000+00:00,real,,,,,
78,31.1,48.6,25,27,2026-03-18 07:50:32.266000+00:00,real,,,,,
78,31.1,48.6,25,27,2026-03-18 07:50:37.224000+00:00,real,,,,,
78,31.1,48.6,25,27,2026-03-18 07:50:42.300000+00:00,real,,,,,
78,31.1,48.6,25,27,2026-03-18 07:50:47.247000+00:00,real,,,,,
78,31.1,48.6,25,27,2026-03-18 07:50:52.131000+00:00,real,,,,,
78,31.1,48.6,25,27,2026-03-18 07:50:57.249000+00:00,real,,,,,
78,31.1,48.7,25,27,2026-03-18 07:51:02.172000+00:00,real,,,,,
78,31.1,48.6,25,27,2026-03-18 07:51:07.367000+00:00,real,,,,,
78,31.1,48.6,25,27,2026-03-18 07:51:12.199000+00:00,real,,,,,
78,31.1,48.6,25,27,2026-03-18 07:51:17.212000+00:00,real,,,,,
78,31.1,48.6,25,27,2026-03-18 07:51:22.365000+00:00,real,,,,,
78,31.1,48.6,25,27,2026-03-18 07:51:27.151000+00:00,real,,,,,
78,31.1,48.6,25,27,2026-03-18 07:51:32.289000+00:00,real,,,,,
78,31.1,48.5,25,27,2026-03-18 07:51:37.187000+00:00,real,,,,,
78,31.1,48.5,25,27,2026-03-18 07:51:42.309000+00:00,real,,,,,
78,31.1,48.5,25,27,2026-03-18 07:51:47.242000+00:00,real,,,,,
78,31.0,48.4,25,27,2026-03-18 07:51:52.140000+00:00,real,,,,,
78,31.1,48.5,25,27,2026-03-18 07:51:57.264000+00:00,real,,,,,
78,31.0,48.4,25,27,2026-03-18 07:52:02.211000+00:00,real,,,,,
78,31.0,48.4,25,27,2026-03-18 07:52:07.329000+00:00,real,,,,,
82,31.0,48.4,27,27,2026-03-18 07:52:12.261000+00:00,real,,,,,
84,31.0,48.4,28,28,2026-03-18 07:52:17.120000+00:00,real,,,,,
84,31.1,48.4,28,28,2026-03-18 07:52:22.240000+00:00,real,,,,,
84,31.0,48.4,28,28,2026-03-18 07:52:27.159000+00:00,real,,,,,
84,31.1,48.4,28,28,2026-03-18 07:52:32.277000+00:00,real,,,,,
84,31.1,48.4,28,28,2026-03-18 07:52:35.956000+00:00,real,,,,,
84,31.1,48.4,28,28,2026-03-18 07:52:37.183000+00:00,real,,,,,
84,31.0,48.4,28,28,2026-03-18 07:52:43.064000+00:00,real,,,,,
84,31.1,48.5,28,28,2026-03-18 07:52:47.237000+00:00,real,,,,,
84,31.1,48.5,28,28,2026-03-18 07:52:52.236000+00:00,real,,,,,
84,31.0,48.4,28,28,2026-03-18 07:52:57.205000+00:00,real,,,,,
84,31.0,48.3,28,28,2026-03-18 07:53:02.460000+00:00,real,,,,,
84,31.1,48.4,28,28,2026-03-18 07:53:07.327000+00:00,real,,,,,
84,31.0,48.3,28,28,2026-03-18 07:53:12.212000+00:00,real,,,,,
84,31.1,48.4,28,28,2026-03-18 07:53:17.323000+00:00,real,,,,,
84,31.1,48.4,28,28,2026-03-18 07:53:22.240000+00:00,real,,,,,
84,31.0,48.3,28,28,2026-03-18 07:53:27.159000+00:00,real,,,,,
84,31.1,48.4,28,28,2026-03-18 07:53:32.282000+00:00,real,,,,,
84,31.1,48.4,28,28,2026-03-18 07:53:37.393000+00:00,real,,,,,
84,31.1,48.3,28,28,2026-03-18 07:53:42.370000+00:00,real,,,,,
84,31.1,48.4,28,28,2026-03-18 07:53:47.255000+00:00,real,,,,,
84,31.1,48.3,28,28,2026-03-18 07:53:52.152000+00:00,real,,,,,
84,31.0,48.2,28,28,2026-03-18 07:53:57.338000+00:00,real,,,,,
84,31.1,48.3,28,28,2026-03-18 07:54:02.182000+00:00,real,,,,,
84,31.1,48.3,28,28,2026-03-18 07:54:07.300000+00:00,real,,,,,
84,31.1,48.3,28,28,2026-03-18 07:54:12.211000+00:00,real,,,,,
84,31.1,48.3,28,28,2026-03-18 07:54:17.137000+00:00,real,,,,,
84,31.0,48.2,28,28,2026-03-18 07:54:22.263000+00:00,real,,,,,
84,31.1,48.2,28,28,2026-03-18 07:54:27.168000+00:00,real,,,,,
84,31.1,48.2,28,28,2026-03-18 07:54:32.316000+00:00,real,,,,,
84,31.0,48.1,28,28,2026-03-18 07:54:37.212000+00:00,real,,,,,
84,31.1,48.2,28,28,2026-03-18 07:54:42.119000+00:00,real,,,,,
84,31.1,48.2,28,28,2026-03-18 07:54:47.239000+00:00,real,,,,,
84,31.0,48.1,28,28,2026-03-18 07:54:52.778000+00:00,real,,,,,
84,31.0,48.2,28,28,2026-03-18 07:54:57.285000+00:00,real,,,,,
82,31.1,48.3,27,27,2026-03-18 07:55:02.202000+00:00,real,,,,,
82,31.0,48.2,27,27,2026-03-18 07:55:07.352000+00:00,real,,,,,
82,31.0,48.1,27,27,2026-03-18 07:55:12.256000+00:00,real,,,,,
82,31.0,48.1,27,27,2026-03-18 07:55:17.138000+00:00,real,,,,,
82,31.1,48.2,27,27,2026-03-18 07:55:22.396000+00:00,real,,,,,
82,31.0,48.1,27,27,2026-03-18 07:55:27.167000+00:00,real,,,,,
82,31.0,48.1,27,27,2026-03-18 07:55:32.290000+00:00,real,,,,,
82,31.0,48.0,27,27,2026-03-18 07:55:37.207000+00:00,real,,,,,
82,31.0,48.0,27,27,2026-03-18 07:55:42.133000+00:00,real,,,,,
82,31.1,48.0,27,27,2026-03-18 07:55:47.457000+00:00,real,,,,,
82,31.0,48.0,27,27,2026-03-18 07:55:52.189000+00:00,real,,,,,
82,31.0,48.0,27,27,2026-03-18 07:55:57.487000+00:00,real,,,,,
82,31.1,48.1,27,27,2026-03-18 07:56:02.189000+00:00,real,,,,,
76,31.0,48.0,24,26,2026-03-18 07:56:12.432000+00:00,real,,,,,
76,31.0,46.7,24,26,2026-03-18 07:56:17.150000+00:00,real,,,,,
76,31.0,48.0,24,26,2026-03-18 07:56:22.261000+00:00,real,,,,,
76,31.1,47.9,24,26,2026-03-18 07:56:27.183000+00:00,real,,,,,
76,31.0,47.9,24,26,2026-03-18 07:56:32.499000+00:00,real,,,,,
76,31.0,47.8,24,26,2026-03-18 07:56:37.212000+00:00,real,,,,,
76,31.0,47.9,24,26,2026-03-18 07:56:42.124000+00:00,real,,,,,
76,31.0,47.9,24,26,2026-03-18 07:56:47.255000+00:00,real,,,,,
76,31.0,47.9,24,27,2026-03-18 07:56:52.365000+00:00,real,,,,,
76,31.0,47.9,24,27,2026-03-18 07:56:57.514000+00:00,real,,,,,
76,31.0,47.9,24,27,2026-03-18 07:57:02.213000+00:00,real,,,,,
78,31.0,47.8,25,28,2026-03-18 07:57:07.108000+00:00,real,,,,,
80,31.0,47.8,26,28,2026-03-18 07:57:12.432000+00:00,real,,,,,
80,31.0,47.8,26,28,2026-03-18 07:57:18.175000+00:00,real,,,,,
80,31.0,47.8,26,28,2026-03-18 07:57:23.081000+00:00,real,,,,,
80,31.0,47.8,26,28,2026-03-18 07:57:28.210000+00:00,real,,,,,
80,31.0,47.8,26,28,2026-03-18 07:57:33.324000+00:00,real,,,,,
80,31.0,47.8,26,28,2026-03-18 07:57:38.097000+00:00,real,,,,,
80,31.0,47.9,26,28,2026-03-18 07:57:43.172000+00:00,real,,,,,
80,31.0,48.0,26,28,2026-03-18 07:57:48.209000+00:00,real,,,,,
80,31.0,48.1,26,28,2026-03-18 07:57:53.187000+00:00,real,,,,,
80,31.0,47.9,26,28,2026-03-18 07:57:58.217000+00:00,real,,,,,
80,31.0,47.9,26,28,2026-03-18 07:58:03.410000+00:00,real,,,,,
80,31.0,47.8,26,28,2026-03-18 07:58:08.899000+00:00,real,,,,,
80,31.0,47.8,26,28,2026-03-18 07:58:13.050000+00:00,real,,,,,
80,31.0,47.8,26,28,2026-03-18 07:58:40.292000+00:00,real,,,,,
80,31.0,46.9,26,28,2026-03-18 07:59:40.097000+00:00,real,,,,,
80,31.0,47.7,26,28,2026-03-18 08:00:40.094000+00:00,real,,,,,
80,31.0,47.6,26,28,2026-03-18 08:01:25.992000+00:00,real,,,,,
80,31.0,47.6,26,28,2026-03-18 08:01:27.191000+00:00,real,,,,,
80,31.0,47.5,26,28,2026-03-18 08:01:32.125000+00:00,real,,,,,
80,31.0,47.6,26,28,2026-03-18 08:01:37.413000+00:00,real,,,,,
80,31.0,47.6,26,28,2026-03-18 08:01:42.151000+00:00,real,,,,,
80,31.0,47.6,26,28,2026-03-18 08:01:47.366000+00:00,real,,,,,
80,31.0,47.6,26,28,2026-03-18 08:01:52.202000+00:00,real,,,,,
80,31.0,47.6,26,28,2026-03-18 08:01:57.352000+00:00,real,,,,,
80,31.0,47.5,26,28,2026-03-18 08:02:02.224000+00:00,real,,,,,
80,31.0,47.6,26,28,2026-03-18 08:02:07.150000+00:00,real,,,,,
80,31.0,47.5,26,28,2026-03-18 08:02:12.257000+00:00,real,,,,,
80,31.0,47.5,26,28,2026-03-18 08:02:17.213000+00:00,real,,,,,
80,31.0,47.5,26,28,2026-03-18 08:02:22.301000+00:00,real,,,,,
80,31.0,47.5,26,28,2026-03-18 08:02:27.461000+00:00,real,,,,,
80,31.0,47.5,26,28,2026-03-18 08:02:32.325000+00:00,real,,,,,
74,31.0,47.4,23,26,2026-03-18 08:02:37.252000+00:00,real,,,,,
74,31.0,47.4,23,26,2026-03-18 08:02:42.159000+00:00,real,,,,,
74,31.0,47.4,23,26,2026-03-18 08:02:47.306000+00:00,real,,,,,
74,31.0,47.5,23,26,2026-03-18 08:02:52.205000+00:00,real,,,,,
74,31.0,47.5,23,26,2026-03-18 08:02:57.112000+00:00,real,,,,,
74,31.0,47.5,23,26,2026-03-18 08:03:02.252000+00:00,real,,,,,
74,31.0,47.5,23,26,2026-03-18 08:03:07.753000+00:00,real,,,,,
74,31.0,47.7,23,26,2026-03-18 08:03:12.269000+00:00,real,,,,,
74,31.0,47.6,23,26,2026-03-18 08:03:17.178000+00:00,real,,,,,
74,31.0,47.5,23,26,2026-03-18 08:03:22.196000+00:00,real,,,,,
74,31.0,47.4,23,26,2026-03-18 08:03:27.223000+00:00,real,,,,,
74,31.0,47.4,23,26,2026-03-18 08:03:32.127000+00:00,real,,,,,
74,31.0,47.4,23,26,2026-03-18 08:03:37.253000+00:00,real,,,,,
74,31.0,47.4,23,26,2026-03-18 08:03:42.242000+00:00,real,,,,,
74,31.0,47.4,23,26,2026-03-18 08:03:47.587000+00:00,real,,,,,
74,31.0,47.4,23,26,2026-03-18 08:03:52.203000+00:00,real,,,,,
74,31.0,47.4,23,26,2026-03-18 08:03:57.116000+00:00,real,,,,,
74,31.0,47.3,23,26,2026-03-18 08:04:02.237000+00:00,real,,,,,
74,31.0,47.3,23,26,2026-03-18 08:04:07.152000+00:00,real,,,,,
74,31.0,47.3,23,26,2026-03-18 08:04:12.270000+00:00,real,,,,,
74,31.0,47.3,23,26,2026-03-18 08:04:17.182000+00:00,real,,,,,
74,31.0,47.2,23,26,2026-03-18 08:04:22.311000+00:00,real,,,,,
74,31.0,47.2,23,26,2026-03-18 08:04:27.253000+00:00,real,,,,,
74,31.0,47.2,23,26,2026-03-18 08:04:32.155000+00:00,real,,,,,
74,31.0,47.2,23,26,2026-03-18 08:04:37.149000+00:00,real,,,,,
74,31.0,47.1,23,26,2026-03-18 08:04:42.370000+00:00,real,,,,,
74,31.0,47.2,23,26,2026-03-18 08:04:47.487000+00:00,real,,,,,
74,31.0,47.1,23,26,2026-03-18 08:04:52.206000+00:00,real,,,,,
74,31.0,47.1,23,26,2026-03-18 08:04:57.121000+00:00,real,,,,,
74,31.0,47.1,23,26,2026-03-18 08:05:02.241000+00:00,real,,,,,
74,31.0,47.1,23,26,2026-03-18 08:05:07.352000+00:00,real,,,,,
74,31.0,47.1,23,26,2026-03-18 08:05:12.423000+00:00,real,,,,,
74,31.0,47.1,23,26,2026-03-18 08:05:17.216000+00:00,real,,,,,
74,31.0,47.1,23,26,2026-03-18 08:05:22.313000+00:00,real,,,,,
74,31.0,47.1,23,26,2026-03-18 08:05:27.292000+00:00,real,,,,,
74,31.0,47.1,23,26,2026-03-18 08:05:32.143000+00:00,real,,,,,
74,31.1,47.1,23,26,2026-03-18 08:05:37.466000+00:00,real,,,,,
74,31.0,47.0,23,26,2026-03-18 08:05:42.174000+00:00,real,,,,,
74,31.0,47.0,23,26,2026-03-18 08:05:47.337000+00:00,real,,,,,
74,31.0,47.0,23,26,2026-03-18 08:05:52.205000+00:00,real,,,,,
74,31.1,47.0,23,26,2026-03-18 08:05:57.130000+00:00,real,,,,,
74,31.0,47.0,23,26,2026-03-18 08:06:02.288000+00:00,real,,,,,
74,31.0,47.0,23,26,2026-03-18 08:06:07.185000+00:00,real,,,,,
74,31.0,47.0,23,26,2026-03-18 08:06:12.398000+00:00,real,,,,,
74,31.0,46.9,23,26,2026-03-18 08:06:17.223000+00:00,real,,,,,
74,31.0,46.9,23,26,2026-03-18 08:06:22.322000+00:00,real,,,,,
74,31.0,47.0,23,26,2026-03-18 08:06:27.297000+00:00,real,,,,,
74,31.0,47.0,23,26,2026-03-18 08:06:32.418000+00:00,real,,,,,
74,31.0,46.8,23,26,2026-03-18 08:06:37.265000+00:00,real,,,,,
74,31.0,46.9,23,26,2026-03-18 08:06:42.197000+00:00,real,,,,,
74,31.0,46.9,23,26,2026-03-18 08:06:47.317000+00:00,real,,,,,
74,31.0,46.8,23,26,2026-03-18 08:06:52.412000+00:00,real,,,,,
74,31.1,46.9,23,26,2026-03-18 08:06:57.171000+00:00,real,,,,,
74,31.0,46.8,23,26,2026-03-18 08:07:02.287000+00:00,real,,,,,
74,31.0,46.8,23,26,2026-03-18 08:07:07.181000+00:00,real,,,,,
74,31.1,46.9,23,26,2026-03-18 08:07:12.298000+00:00,real,,,,,
74,31.0,46.8,23,26,2026-03-18 08:07:17.614000+00:00,real,,,,,
74,31.0,46.7,23,26,2026-03-18 08:07:22.117000+00:00,real,,,,,
74,31.0,46.7,23,26,2026-03-18 08:07:27.434000+00:00,real,,,,,
74,31.1,46.8,23,26,2026-03-18 08:07:32.148000+00:00,real,,,,,
74,31.0,46.7,23,26,2026-03-18 08:07:37.286000+00:00,real,,,,,
74,31.0,46.7,23,26,2026-03-18 08:07:42.204000+00:00,real,,,,,
74,31.0,46.7,23,26,2026-03-18 08:07:47.355000+00:00,real,,,,,
74,31.1,46.8,23,26,2026-03-18 08:07:52.443000+00:00,real,,,,,
74,31.1,46.7,23,26,2026-03-18 08:07:57.149000+00:00,real,,,,,
74,31.1,46.7,23,26,2026-03-18 08:08:02.280000+00:00,real,,,,,
74,31.1,46.7,23,26,2026-03-18 08:08:07.177000+00:00,real,,,,,
74,31.0,46.8,23,26,2026-03-18 08:08:12.311000+00:00,real,,,,,
74,31.1,46.8,23,26,2026-03-18 08:08:17.204000+00:00,real,,,,,
74,31.0,46.8,23,26,2026-03-18 08:08:28.427000+00:00,real,,,,,
74,31.0,46.8,23,26,2026-03-18 08:08:28.665000+00:00,real,,,,,
74,31.0,46.6,23,26,2026-03-18 08:08:33.015000+00:00,real,,,,,
74,31.1,47.1,23,26,2026-03-18 08:08:37.385000+00:00,real,,,,,
74,31.1,47.4,23,26,2026-03-18 08:08:42.429000+00:00,real,,,,,
74,31.1,47.2,23,26,2026-03-18 08:08:47.524000+00:00,real,,,,,
74,31.1,47.3,23,26,2026-03-18 08:08:52.333000+00:00,real,,,,,
74,31.0,47.1,23,26,2026-03-18 08:08:57.161000+00:00,real,,,,,
74,31.0,46.8,23,26,2026-03-18 08:09:02.367000+00:00,real,,,,,
74,31.1,46.9,23,26,2026-03-18 08:09:07.181000+00:00,real,,,,,
74,31.1,46.9,23,26,2026-03-18 08:09:12.313000+00:00,real,,,,,
74,31.0,47.1,23,26,2026-03-18 08:09:17.829000+00:00,real,,,,,
74,31.0,47.1,23,26,2026-03-18 08:09:22.339000+00:00,real,,,,,
74,31.0,44.9,23,26,2026-03-18 08:09:27.264000+00:00,real,,,,,
74,31.0,42.2,23,26,2026-03-18 08:09:32.169000+00:00,real,,,,,
74,31.0,40.4,23,26,2026-03-18 08:09:37.506000+00:00,real,,,,,
74,31.0,39.5,23,26,2026-03-18 08:09:42.263000+00:00,real,,,,,
74,31.0,39.2,23,26,2026-03-18 08:09:47.176000+00:00,real,,,,,
74,31.0,38.8,23,26,2026-03-18 08:09:52.460000+00:00,real,,,,,
74,31.0,38.6,23,26,2026-03-18 08:09:57.249000+00:00,real,,,,,
74,31.0,38.8,23,26,2026-03-18 08:10:02.552000+00:00,real,,,,,
74,31.0,40.1,23,26,2026-03-18 08:10:07.238000+00:00,real,,,,,
74,31.0,40.4,23,26,2026-03-18 08:10:12.415000+00:00,real,,,,,
74,31.0,38.9,23,26,2026-03-18 08:10:17.467000+00:00,real,,,,,
74,31.0,38.8,23,26,2026-03-18 08:10:22.157000+00:00,real,,,,,
74,31.0,39.6,23,26,2026-03-18 08:10:27.458000+00:00,real,,,,,
74,31.0,39.7,23,26,2026-03-18 08:10:32.418000+00:00,real,,,,,
74,31.0,38.8,23,26,2026-03-18 08:10:37.362000+00:00,real,,,,,
74,31.0,38.2,23,26,2026-03-18 08:10:42.242000+00:00,real,,,,,
74,31.0,38.4,23,26,2026-03-18 08:10:47.446000+00:00,real,,,,,
74,31.0,38.7,23,26,2026-03-18 08:10:52.452000+00:00,real,,,,,
74,31.0,39.3,23,26,2026-03-18 08:10:57.177000+00:00,real,,,,,
74,31.0,39.9,23,26,2026-03-18 08:11:02.296000+00:00,real,,,,,
74,31.1,41.0,23,26,2026-03-18 08:11:07.253000+00:00,real,,,,,
74,31.0,42.7,23,26,2026-03-18 08:11:12.332000+00:00,real,,,,,
74,31.0,44.6,23,26,2026-03-18 08:11:17.421000+00:00,real,,,,,
74,31.0,45.2,23,26,2026-03-18 08:11:22.565000+00:00,real,,,,,
74,30.9,45.3,23,26,2026-03-18 08:11:27.365000+00:00,real,,,,,
74,30.8,44.3,23,26,2026-03-18 08:11:32.177000+00:00,real,,,,,
74,30.8,45.7,23,26,2026-03-18 08:11:37.328000+00:00,real,,,,,
74,30.7,46.5,23,26,2026-03-18 08:11:42.303000+00:00,real,,,,,
74,30.6,46.7,23,26,2026-03-18 08:11:47.138000+00:00,real,,,,,
74,30.6,46.8,23,26,2026-03-18 08:11:52.262000+00:00,real,,,,,
74,30.5,47.2,23,26,2026-03-18 08:11:57.380000+00:00,real,,,,,
74,30.5,47.4,23,26,2026-03-18 08:12:02.648000+00:00,real,,,,,
74,30.4,46.8,23,26,2026-03-18 08:12:07.270000+00:00,real,,,,,
74,30.4,46.7,23,26,2026-03-18 08:12:12.371000+00:00,real,,,,,
74,30.3,46.8,23,26,2026-03-18 08:12:17.437000+00:00,real,,,,,
74,30.3,47.6,23,26,2026-03-18 08:12:22.178000+00:00,real,,,,,
74,30.3,47.7,23,26,2026-03-18 08:12:27.272000+00:00,real,,,,,
74,30.2,47.0,23,26,2026-03-18 08:12:32.218000+00:00,real,,,,,
74,30.2,46.8,23,26,2026-03-18 08:12:37.328000+00:00,real,,,,,
74,30.2,47.1,23,26,2026-03-18 08:12:42.209000+00:00,real,,,,,
74,30.1,47.3,23,26,2026-03-18 08:12:47.195000+00:00,real,,,,,
74,30.0,47.2,23,26,2026-03-18 08:12:52.479000+00:00,real,,,,,
78,30.0,47.3,25,26,2026-03-18 08:12:57.380000+00:00,real,,,,,
76,29.9,47.1,24,25,2026-03-18 08:13:02.287000+00:00,real,,,,,
76,29.8,47.0,24,25,2026-03-18 08:13:07.408000+00:00,real,,,,,
76,29.8,47.3,24,25,2026-03-18 08:13:12.325000+00:00,real,,,,,
76,29.8,47.3,24,25,2026-03-18 08:13:17.436000+00:00,real,,,,,
76,29.7,47.7,24,25,2026-03-18 08:13:22.150000+00:00,real,,,,,
76,29.7,47.7,24,25,2026-03-18 08:13:27.517000+00:00,real,,,,,
76,29.7,47.9,24,25,2026-03-18 08:13:32.382000+00:00,real,,,,,
76,29.7,47.8,24,25,2026-03-18 08:13:37.509000+00:00,real,,,,,
76,29.6,47.7,24,25,2026-03-18 08:13:42.490000+00:00,real,,,,,
76,29.6,48.1,24,25,2026-03-18 08:13:47.190000+00:00,real,,,,,
76,29.5,48.4,24,25,2026-03-18 08:13:52.341000+00:00,real,,,,,
76,29.5,48.1,24,25,2026-03-18 08:13:57.583000+00:00,real,,,,,
76,29.5,47.9,24,25,2026-03-18 08:14:02.546000+00:00,real,,,,,
76,29.5,48.1,24,25,2026-03-18 08:14:07.310000+00:00,real,,,,,
76,29.4,47.9,24,25,2026-03-18 08:14:12.335000+00:00,real,,,,,
76,29.4,48.0,24,25,2026-03-18 08:14:17.264000+00:00,real,,,,,
76,29.4,48.0,24,25,2026-03-18 08:14:22.367000+00:00,real,,,,,
76,29.3,47.8,24,25,2026-03-18 08:14:27.301000+00:00,real,,,,,
76,29.3,46.6,24,25,2026-03-18 08:14:32.426000+00:00,real,,,,,
76,29.3,46.6,24,25,2026-03-18 08:14:37.537000+00:00,real,,,,,
72,29.2,47.9,22,23,2026-03-18 08:14:42.233000+00:00,real,,,,,
72,29.2,47.9,22,23,2026-03-18 08:14:47.149000+00:00,real,,,,,
72,29.2,48.3,22,23,2026-03-18 08:14:52.501000+00:00,real,,,,,
72,29.2,48.2,22,23,2026-03-18 08:14:57.440000+00:00,real,,,,,
72,29.2,48.3,22,23,2026-03-18 08:15:02.298000+00:00,real,,,,,
72,29.1,48.4,22,23,2026-03-18 08:15:07.217000+00:00,real,,,,,
72,29.0,48.2,22,23,2026-03-18 08:15:12.629000+00:00,real,,,,,
72,29.1,48.0,22,23,2026-03-18 08:15:17.262000+00:00,real,,,,,
72,29.0,48.0,22,23,2026-03-18 08:15:22.366000+00:00,real,,,,,
72,29.0,48.4,22,23,2026-03-18 08:15:27.343000+00:00,real,,,,,
72,29.0,48.5,22,23,2026-03-18 08:15:32.279000+00:00,real,,,,,
72,29.0,48.8,22,23,2026-03-18 08:15:37.322000+00:00,real,,,,,
72,29.0,48.8,22,23,2026-03-18 08:15:42.302000+00:00,real,,,,,
72,29.0,48.4,22,23,2026-03-18 08:15:47.360000+00:00,real,,,,,
72,29.0,48.1,22,23,2026-03-18 08:15:52.556000+00:00,real,,,,,
72,28.9,48.0,22,23,2026-03-18 08:15:57.240000+00:00,real,,,,,
72,28.9,48.3,22,23,2026-03-18 08:16:02.388000+00:00,real,,,,,
72,28.9,48.4,22,23,2026-03-18 08:16:07.316000+00:00,real,,,,,
72,28.9,48.3,22,23,2026-03-18 08:16:12.138000+00:00,real,,,,,
72,28.9,48.1,22,23,2026-03-18 08:16:17.355000+00:00,real,,,,,
72,28.9,48.1,22,23,2026-03-18 08:16:22.179000+00:00,real,,,,,
72,28.8,47.8,22,23,2026-03-18 08:16:27.374000+00:00,real,,,,,
72,28.8,48.0,22,23,2026-03-18 08:16:32.203000+00:00,real,,,,,
72,28.8,47.9,22,23,2026-03-18 08:16:37.347000+00:00,real,,,,,
72,28.8,48.5,22,23,2026-03-18 08:16:42.500000+00:00,real,,,,,
72,28.8,46.4,22,23,2026-03-18 08:16:47.233000+00:00,real,,,,,
72,28.8,45.6,22,23,2026-03-18 08:16:52.325000+00:00,real,,,,,
72,28.8,45.2,22,23,2026-03-18 08:16:57.207000+00:00,real,,,,,
72,28.8,46.0,22,23,2026-03-18 08:17:02.324000+00:00,real,,,,,
72,28.9,46.8,22,23,2026-03-18 08:17:07.274000+00:00,real,,,,,
72,28.9,45.2,22,23,2026-03-18 08:17:12.137000+00:00,real,,,,,
72,29.0,44.9,22,23,2026-03-18 08:17:17.299000+00:00,real,,,,,
72,29.0,45.2,22,23,2026-03-18 08:17:22.271000+00:00,real,,,,,
72,29.0,45.4,22,23,2026-03-18 08:17:27.330000+00:00,real,,,,,
72,29.1,45.0,22,23,2026-03-18 08:17:32.219000+00:00,real,,,,,
72,29.2,44.7,22,23,2026-03-18 08:17:37.416000+00:00,real,,,,,
72,29.2,44.2,22,23,2026-03-18 08:17:42.241000+00:00,real,,,,,
72,29.2,44.5,22,23,2026-03-18 08:17:47.173000+00:00,real,,,,,
72,29.3,44.1,22,23,2026-03-18 08:17:52.376000+00:00,real,,,,,
72,29.3,43.6,22,23,2026-03-18 08:17:57.388000+00:00,real,,,,,
72,29.3,43.2,22,23,2026-03-18 08:18:02.321000+00:00,real,,,,,
72,29.3,42.0,22,23,2026-03-18 08:18:07.230000+00:00,real,,,,,
72,29.4,42.2,22,24,2026-03-18 08:18:12.397000+00:00,real,,,,,
72,29.4,42.1,22,24,2026-03-18 08:18:17.356000+00:00,real,,,,,
72,29.4,42.9,22,24,2026-03-18 08:18:22.219000+00:00,real,,,,,
72,29.5,43.4,22,24,2026-03-18 08:18:27.324000+00:00,real,,,,,
72,29.5,43.7,22,24,2026-03-18 08:18:32.337000+00:00,real,,,,,
72,29.6,43.5,22,24,2026-03-18 08:18:37.135000+00:00,real,,,,,
72,29.6,43.2,22,24,2026-03-18 08:18:42.284000+00:00,real,,,,,
72,29.7,43.2,22,24,2026-03-18 08:18:47.365000+00:00,real,,,,,
72,29.7,43.1,22,24,2026-03-18 08:18:52.516000+00:00,real,,,,,
72,29.7,43.1,22,24,2026-03-18 08:18:57.410000+00:00,real,,,,,
72,29.8,42.4,22,24,2026-03-18 08:19:02.116000+00:00,real,,,,,
72,29.8,42.9,22,24,2026-03-18 08:19:08.425000+00:00,real,,,,,
72,29.9,42.6,22,24,2026-03-18 08:19:12.190000+00:00,real,,,,,
72,29.9,42.8,22,24,2026-03-18 08:19:17.469000+00:00,real,,,,,
72,29.9,42.8,22,24,2026-03-18 08:19:22.490000+00:00,real,,,,,
93,29.9,42.3,32,33,2026-03-18 08:19:27.489000+00:00,real,,,,,
93,30.0,41.9,32,33,2026-03-18 08:19:32.218000+00:00,real,,,,,
93,30.0,41.3,32,33,2026-03-18 08:19:37.186000+00:00,real,,,,,
93,30.1,41.2,32,33,2026-03-18 08:19:42.467000+00:00,real,,,,,
93,30.1,41.4,32,33,2026-03-18 08:19:47.417000+00:00,real,,,,,
93,30.1,42.2,32,33,2026-03-18 08:19:52.329000+00:00,real,,,,,
93,30.1,42.3,32,33,2026-03-18 08:19:57.450000+00:00,real,,,,,
93,30.2,42.6,32,33,2026-03-18 08:20:02.430000+00:00,real,,,,,
93,30.2,42.2,32,33,2026-03-18 08:20:07.435000+00:00,real,,,,,
93,30.2,43.1,32,33,2026-03-18 08:20:12.151000+00:00,real,,,,,
93,30.2,43.1,32,33,2026-03-18 08:20:17.382000+00:00,real,,,,,
93,30.2,43.7,32,33,2026-03-18 08:20:22.218000+00:00,real,,,,,
93,30.2,43.1,32,33,2026-03-18 08:20:27.313000+00:00,real,,,,,
93,30.3,42.7,32,33,2026-03-18 08:20:32.234000+00:00,real,,,,,
93,30.3,43.6,32,33,2026-03-18 08:20:37.356000+00:00,real,,,,,
93,30.3,44.6,32,33,2026-03-18 08:20:42.298000+00:00,real,,,,,
93,30.4,44.8,32,33,2026-03-18 08:20:47.179000+00:00,real,,,,,
93,30.4,43.9,32,33,2026-03-18 08:20:52.603000+00:00,real,,,,,
93,30.4,43.0,32,33,2026-03-18 08:20:57.211000+00:00,real,,,,,
93,30.4,42.1,32,33,2026-03-18 08:21:02.129000+00:00,real,,,,,
93,30.5,41.4,32,33,2026-03-18 08:21:07.547000+00:00,real,,,,,
93,30.5,41.3,32,33,2026-03-18 08:21:12.574000+00:00,real,,,,,
93,30.5,40.8,32,33,2026-03-18 08:21:17.275000+00:00,real,,,,,
93,30.5,40.8,32,33,2026-03-18 08:21:22.341000+00:00,real,,,,,
95,30.5,40.7,33,35,2026-03-18 08:21:27.324000+00:00,real,,,,,
95,30.5,40.4,33,35,2026-03-18 08:21:32.448000+00:00,real,,,,,
95,30.5,40.4,33,35,2026-03-18 08:21:37.149000+00:00,real,,,,,
95,30.5,40.3,33,35,2026-03-18 08:21:42.478000+00:00,real,,,,,
95,30.5,40.6,33,35,2026-03-18 08:21:47.406000+00:00,real,,,,,
95,30.5,41.5,33,35,2026-03-18 08:21:52.330000+00:00,real,,,,,
95,30.6,42.9,33,35,2026-03-18 08:21:57.241000+00:00,real,,,,,
95,30.6,43.5,33,35,2026-03-18 08:22:02.413000+00:00,real,,,,,
95,30.7,43.8,33,35,2026-03-18 08:22:07.558000+00:00,real,,,,,
95,30.7,43.5,33,35,2026-03-18 08:22:12.181000+00:00,real,,,,,
95,30.7,45.4,33,35,2026-03-18 08:22:17.500000+00:00,real,,,,,
95,30.7,43.0,33,35,2026-03-18 08:22:22.504000+00:00,real,,,,,
95,30.8,43.5,33,35,2026-03-18 08:22:27.113000+00:00,real,,,,,
95,30.8,44.7,33,35,2026-03-18 08:22:32.452000+00:00,real,,,,,
95,30.8,44.7,33,35,2026-03-18 08:22:37.373000+00:00,real,,,,,
95,30.8,43.9,33,35,2026-03-18 08:22:42.329000+00:00,real,,,,,
95,30.8,43.3,33,35,2026-03-18 08:22:47.194000+00:00,real,,,,,
95,30.8,43.6,33,35,2026-03-18 08:22:52.322000+00:00,real,,,,,
95,30.8,44.0,33,35,2026-03-18 08:22:57.413000+00:00,real,,,,,
95,30.9,43.7,33,35,2026-03-18 08:23:02.145000+00:00,real,,,,,
95,30.9,42.3,33,35,2026-03-18 08:23:07.467000+00:00,real,,,,,
95,30.9,43.0,33,35,2026-03-18 08:23:12.591000+00:00,real,,,,,
95,30.9,44.0,33,35,2026-03-18 08:23:17.456000+00:00,real,,,,,
95,30.9,42.4,33,35,2026-03-18 08:23:22.240000+00:00,real,,,,,
95,31.0,42.7,33,35,2026-03-18 08:23:27.497000+00:00,real,,,,,
95,31.0,42.4,33,35,2026-03-18 08:23:32.404000+00:00,real,,,,,
95,31.0,41.8,33,35,2026-03-18 08:23:37.222000+00:00,real,,,,,
95,31.0,42.2,33,35,2026-03-18 08:23:42.292000+00:00,real,,,,,
95,31.0,42.9,33,35,2026-03-18 08:23:47.399000+00:00,real,,,,,
70,31.0,42.6,21,22,2026-03-18 08:23:52.586000+00:00,real,,,,,
70,31.0,42.5,21,22,2026-03-18 08:23:57.225000+00:00,real,,,,,
70,31.0,42.3,21,23,2026-03-18 08:24:02.161000+00:00,real,,,,,
70,31.0,42.3,21,23,2026-03-18 08:24:07.362000+00:00,real,,,,,
70,31.0,42.5,21,23,2026-03-18 08:24:12.410000+00:00,real,,,,,
70,31.0,42.6,21,23,2026-03-18 08:24:17.578000+00:00,real,,,,,
70,31.1,42.5,21,23,2026-03-18 08:24:22.515000+00:00,real,,,,,
70,31.1,42.1,21,23,2026-03-18 08:24:27.130000+00:00,real,,,,,
70,31.1,42.6,21,23,2026-03-18 08:24:32.245000+00:00,real,,,,,
70,31.1,41.9,21,23,2026-03-18 08:24:39.787000+00:00,real,,,,,
70,31.1,39.9,21,23,2026-03-18 08:24:42.522000+00:00,real,,,,,
70,31.1,41.1,21,23,2026-03-18 08:24:47.217000+00:00,real,,,,,
70,31.1,41.9,21,23,2026-03-18 08:24:52.313000+00:00,real,,,,,
70,31.1,42.2,21,23,2026-03-18 08:24:57.311000+00:00,real,,,,,
70,31.1,42.8,21,23,2026-03-18 08:25:02.573000+00:00,real,,,,,
84,31.1,44.7,28,29,2026-03-18 08:25:47.504000+00:00,real,,,,,
84,31.1,46.3,28,29,2026-03-18 08:25:52.786000+00:00,real,,,,,
84,31.1,47.1,28,30,2026-03-18 08:25:57.253000+00:00,real,,,,,
84,31.1,46.3,28,30,2026-03-18 08:26:02.177000+00:00,real,,,,,
84,31.2,46.1,28,30,2026-03-18 08:26:07.310000+00:00,real,,,,,
84,31.1,46.1,28,30,2026-03-18 08:26:12.199000+00:00,real,,,,,
84,31.2,46.4,28,30,2026-03-18 08:26:17.313000+00:00,real,,,,,
84,31.1,47.6,28,30,2026-03-18 08:26:22.316000+00:00,real,,,,,
84,31.2,48.5,28,30,2026-03-18 08:26:27.351000+00:00,real,,,,,
84,31.2,48.5,28,30,2026-03-18 08:26:32.461000+00:00,real,,,,,
84,31.2,48.3,28,30,2026-03-18 08:26:37.168000+00:00,real,,,,,
84,31.2,49.0,28,30,2026-03-18 08:26:42.298000+00:00,real,,,,,
84,31.3,49.2,28,30,2026-03-18 08:26:47.301000+00:00,real,,,,,
84,31.2,51.8,28,30,2026-03-18 08:26:52.130000+00:00,real,,,,,
84,31.3,52.3,28,30,2026-03-18 08:26:57.239000+00:00,real,,,,,
84,31.3,50.9,28,30,2026-03-18 08:27:02.430000+00:00,real,,,,,
84,31.3,49.2,28,30,2026-03-18 08:27:07.342000+00:00,real,,,,,
84,31.3,50.1,28,30,2026-03-18 08:27:12.394000+00:00,real,,,,,
8,31.3,49.4,2,3,2026-03-18 08:27:17.326000+00:00,real,,,,,
8,31.3,48.8,2,3,2026-03-18 08:27:22.454000+00:00,real,,,,,
8,31.3,48.9,2,3,2026-03-18 08:27:27.432000+00:00,real,,,,,
8,31.3,43.9,2,3,2026-03-18 08:27:32.271000+00:00,real,,,,,
8,31.3,41.6,2,3,2026-03-18 08:27:37.503000+00:00,real,,,,,
8,31.3,41.0,2,3,2026-03-18 08:27:42.570000+00:00,real,,,,,
8,31.1,40.3,2,3,2026-03-18 08:27:47.368000+00:00,real,,,,,
8,31.1,39.8,2,3,2026-03-18 08:27:52.412000+00:00,real,,,,,
8,31.0,39.6,2,3,2026-03-18 08:27:57.383000+00:00,real,,,,,
50,30.6,43.0,12,12,2026-03-18 08:36:43.187000+00:00,real,,,,,
74,30.6,43.0,23,23,2026-03-18 08:36:43.592000+00:00,real,,,,,
76,30.6,43.0,24,24,2026-03-18 08:36:43.784000+00:00,real,,,,,
95,30.6,43.0,33,33,2026-03-18 08:36:44.200000+00:00,real,,,,,
95,30.6,43.6,33,33,2026-03-18 08:36:46.046000+00:00,real,,,,,
93,30.6,43.1,32,32,2026-03-18 08:36:51.362000+00:00,real,,,,,
93,30.7,43.2,32,32,2026-03-18 08:36:56.289000+00:00,real,,,,,
93,30.7,43.4,32,32,2026-03-18 08:37:01.200000+00:00,real,,,,,
93,30.8,43.9,32,32,2026-03-18 08:37:06.120000+00:00,real,,,,,
93,30.8,44.0,32,32,2026-03-18 08:37:11.450000+00:00,real,,,,,
93,30.8,44.2,32,32,2026-03-18 08:37:16.165000+00:00,real,,,,,
91,30.8,44.2,31,31,2026-03-18 08:37:21.053000+00:00,real,,,,,
89,30.9,43.9,30,30,2026-03-18 08:37:26.277000+00:00,real,,,,,
89,30.9,44.1,30,30,2026-03-18 08:37:31.116000+00:00,real,,,,,
89,30.9,43.9,30,30,2026-03-18 08:37:36.007000+00:00,real,,,,,
89,30.9,43.5,30,30,2026-03-18 08:37:41.153000+00:00,real,,,,,
89,31.0,43.2,30,30,2026-03-18 08:37:46.453000+00:00,real,,,,,
89,31.0,43.7,30,30,2026-03-18 08:37:51.568000+00:00,real,,,,,
89,31.0,43.9,30,30,2026-03-18 08:37:56.074000+00:00,real,,,,,
89,31.1,43.7,30,30,2026-03-18 08:38:01.239000+00:00,real,,,,,
89,31.1,43.9,30,30,2026-03-18 08:38:06.178000+00:00,real,,,,,
89,31.1,44.0,30,30,2026-03-18 08:38:11.022000+00:00,real,,,,,
89,31.1,43.3,30,30,2026-03-18 08:38:16.158000+00:00,real,,,,,
89,31.1,43.3,30,30,2026-03-18 08:38:21.093000+00:00,real,,,,,
89,31.1,43.5,30,30,2026-03-18 08:38:26.239000+00:00,real,,,,,
89,31.1,43.6,30,30,2026-03-18 08:38:31.094000+00:00,real,,,,,
89,31.2,43.6,30,30,2026-03-18 08:38:36.236000+00:00,real,,,,,
89,31.2,43.5,30,30,2026-03-18 08:38:41.429000+00:00,real,,,,,
89,31.2,43.7,30,30,2026-03-18 08:38:46.046000+00:00,real,,,,,
89,31.2,43.9,30,30,2026-03-18 08:38:51.182000+00:00,real,,,,,
89,31.3,43.8,30,30,2026-03-18 08:38:56.255000+00:00,real,,,,,
89,31.3,43.7,30,30,2026-03-18 08:39:01.189000+00:00,real,,,,,
89,31.3,43.2,30,30,2026-03-18 08:39:06.117000+00:00,real,,,,,
89,31.3,43.1,30,30,2026-03-18 08:39:11.034000+00:00,real,,,,,
89,31.3,42.6,30,30,2026-03-18 08:39:16.209000+00:00,real,,,,,
89,31.3,42.5,30,30,2026-03-18 08:39:21.060000+00:00,real,,,,,
89,31.4,42.0,30,30,2026-03-18 08:39:26.234000+00:00,real,,,,,
89,31.4,41.7,30,30,2026-03-18 08:39:31.308000+00:00,real,,,,,
89,31.4,42.1,30,30,2026-03-18 08:39:36.428000+00:00,real,,,,,
89,31.4,42.5,30,30,2026-03-18 08:39:41.177000+00:00,real,,,,,
89,31.4,42.5,30,30,2026-03-18 08:39:46.048000+00:00,real,,,,,
89,31.5,42.0,30,30,2026-03-18 08:39:51.248000+00:00,real,,,,,
89,31.5,41.1,30,30,2026-03-18 08:39:56.099000+00:00,real,,,,,
89,31.5,40.6,30,30,2026-03-18 08:40:01.002000+00:00,real,,,,,
89,31.5,41.0,30,30,2026-03-18 08:40:06.344000+00:00,real,,,,,
89,31.5,41.6,30,30,2026-03-18 08:40:11.445000+00:00,real,,,,,
89,31.5,42.1,30,30,2026-03-18 08:40:16.178000+00:00,real,,,,,
89,31.5,41.5,30,30,2026-03-18 08:40:21.098000+00:00,real,,,,,
89,31.5,41.4,30,30,2026-03-18 08:40:26.409000+00:00,real,,,,,
89,31.6,41.9,30,30,2026-03-18 08:40:31.116000+00:00,real,,,,,
89,31.6,41.5,30,30,2026-03-18 08:40:36.024000+00:00,real,,,,,
89,31.6,41.8,30,30,2026-03-18 08:40:41.219000+00:00,real,,,,,
89,31.6,41.3,30,30,2026-03-18 08:40:46.225000+00:00,real,,,,,
89,31.6,41.1,30,30,2026-03-18 08:40:51.169000+00:00,real,,,,,
89,31.7,41.7,30,30,2026-03-18 08:40:56.092000+00:00,real,,,,,
89,31.7,40.9,30,30,2026-03-18 08:41:01.234000+00:00,real,,,,,
89,31.7,40.3,30,30,2026-03-18 08:41:06.229000+00:00,real,,,,,
89,31.7,40.2,30,30,2026-03-18 08:41:11.039000+00:00,real,,,,,
89,31.7,39.8,30,30,2026-03-18 08:41:16.372000+00:00,real,,,,,
89,31.7,39.8,30,30,2026-03-18 08:41:21.264000+00:00,real,,,,,
89,31.7,39.9,30,30,2026-03-18 08:41:26.269000+00:00,real,,,,,
89,31.7,38.4,30,30,2026-03-18 08:41:31.115000+00:00,real,,,,,
89,31.7,40.0,30,30,2026-03-18 08:41:36.464000+00:00,real,,,,,
89,31.7,40.2,30,30,2026-03-18 08:41:41.197000+00:00,real,,,,,
89,31.8,40.3,30,30,2026-03-18 08:41:46.065000+00:00,real,,,,,
89,31.8,40.1,30,30,2026-03-18 08:41:51.213000+00:00,real,,,,,
89,31.8,40.1,30,30,2026-03-18 08:41:56.323000+00:00,real,,,,,
89,31.8,40.2,30,30,2026-03-18 08:42:01.036000+00:00,real,,,,,
89,31.8,40.3,30,30,2026-03-18 08:42:06.080000+00:00,real,,,,,
89,31.8,40.0,30,30,2026-03-18 08:42:11.449000+00:00,real,,,,,
89,31.9,40.0,30,30,2026-03-18 08:42:16.428000+00:00,real,,,,,
89,31.9,40.0,30,30,2026-03-18 08:42:21.085000+00:00,real,,,,,
89,31.9,40.0,30,30,2026-03-18 08:42:26.433000+00:00,real,,,,,
89,32.0,40.1,30,30,2026-03-18 08:42:31.313000+00:00,real,,,,,
89,32.0,40.1,30,30,2026-03-18 08:42:36.277000+00:00,real,,,,,
89,32.1,40.3,30,30,2026-03-18 08:42:41.149000+00:00,real,,,,,
89,32.0,40.5,30,30,2026-03-18 08:42:46.069000+00:00,real,,,,,
89,32.0,40.5,30,30,2026-03-18 08:42:51.243000+00:00,real,,,,,
89,32.0,40.4,30,30,2026-03-18 08:42:56.094000+00:00,real,,,,,
89,32.0,40.4,30,30,2026-03-18 08:43:01.203000+00:00,real,,,,,
89,32.0,40.4,30,30,2026-03-18 08:43:06.336000+00:00,real,,,,,
89,32.0,40.5,30,30,2026-03-18 08:43:11.054000+00:00,real,,,,,
89,32.0,40.5,30,30,2026-03-18 08:43:16.439000+00:00,real,,,,,
89,32.0,39.2,30,30,2026-03-18 08:43:21.084000+00:00,real,,,,,
89,31.9,40.3,30,30,2026-03-18 08:43:25.999000+00:00,real,,,,,
89,32.0,40.4,30,30,2026-03-18 08:43:31.157000+00:00,real,,,,,
89,31.9,40.4,30,30,2026-03-18 08:43:36.051000+00:00,real,,,,,
89,31.9,40.8,30,30,2026-03-18 08:43:41.194000+00:00,real,,,,,
89,31.9,40.7,30,30,2026-03-18 08:43:46.114000+00:00,real,,,,,
89,31.9,40.7,30,30,2026-03-18 08:43:51.214000+00:00,real,,,,,
89,31.9,40.7,30,30,2026-03-18 08:43:56.142000+00:00,real,,,,,
89,31.9,40.8,30,30,2026-03-18 08:44:01.214000+00:00,real,,,,,
89,31.9,40.7,30,30,2026-03-18 08:44:06.158000+00:00,real,,,,,
89,31.8,40.8,30,30,2026-03-18 08:44:11.069000+00:00,real,,,,,
89,31.8,40.8,30,30,2026-03-18 08:44:16.218000+00:00,real,,,,,
89,31.8,40.8,30,30,2026-03-18 08:44:21.089000+00:00,real,,,,,
89,31.8,40.5,30,30,2026-03-18 08:44:26.013000+00:00,real,,,,,
89,31.8,40.4,30,30,2026-03-18 08:44:31.147000+00:00,real,,,,,
89,31.7,40.7,30,30,2026-03-18 08:44:36.103000+00:00,real,,,,,
89,31.7,40.9,30,30,2026-03-18 08:44:41.165000+00:00,real,,,,,
89,31.7,41.0,30,30,2026-03-18 08:44:46.080000+00:00,real,,,,,
89,31.7,40.8,30,30,2026-03-18 08:44:51.243000+00:00,real,,,,,
89,31.7,39.0,30,30,2026-03-18 08:44:56.102000+00:00,real,,,,,
89,31.7,39.8,30,30,2026-03-18 08:45:01.241000+00:00,real,,,,,
89,31.9,39.8,30,30,2026-03-18 08:45:06.148000+00:00,real,,,,,
89,32.0,39.8,30,30,2026-03-18 08:45:11.062000+00:00,real,,,,,
89,32.0,39.7,30,30,2026-03-18 08:45:16.193000+00:00,real,,,,,
89,32.1,39.4,30,30,2026-03-18 08:45:21.204000+00:00,real,,,,,
89,32.2,39.2,30,30,2026-03-18 08:45:26.012000+00:00,real,,,,,
84,32.3,39.1,28,29,2026-03-18 08:45:31.131000+00:00,real,,,,,
84,32.5,38.6,28,29,2026-03-18 08:45:36.051000+00:00,real,,,,,
84,32.6,38.5,28,29,2026-03-18 08:45:41.391000+00:00,real,,,,,
82,32.7,38.9,27,28,2026-03-18 08:45:46.092000+00:00,real,,,,,
82,32.9,39.7,27,28,2026-03-18 08:45:51.021000+00:00,real,,,,,
82,33.0,39.1,27,28,2026-03-18 08:45:56.115000+00:00,real,,,,,
82,33.1,38.9,27,28,2026-03-18 08:46:01.225000+00:00,real,,,,,
82,33.0,38.5,27,28,2026-03-18 08:46:06.347000+00:00,real,,,,,
82,33.0,38.4,27,28,2026-03-18 08:46:11.105000+00:00,real,,,,,
82,33.0,38.4,27,28,2026-03-18 08:46:16.257000+00:00,real,,,,,
82,32.9,38.5,27,28,2026-03-18 08:46:21.099000+00:00,real,,,,,
82,33.0,38.9,27,28,2026-03-18 08:46:26.025000+00:00,real,,,,,
82,33.0,39.3,27,28,2026-03-18 08:46:31.343000+00:00,real,,,,,
82,33.0,38.7,27,28,2026-03-18 08:46:36.247000+00:00,real,,,,,
82,33.0,38.8,27,28,2026-03-18 08:46:41.372000+00:00,real,,,,,
82,33.0,38.6,27,28,2026-03-18 08:46:46.123000+00:00,real,,,,,
82,33.0,38.3,27,28,2026-03-18 08:46:51.234000+00:00,real,,,,,
82,33.0,39.0,27,28,2026-03-18 08:46:56.122000+00:00,real,,,,,
82,33.1,39.2,27,28,2026-03-18 08:47:01.037000+00:00,real,,,,,
82,33.1,39.3,27,28,2026-03-18 08:47:06.362000+00:00,real,,,,,
82,33.0,39.1,27,28,2026-03-18 08:47:11.074000+00:00,real,,,,,
82,33.0,38.7,27,28,2026-03-18 08:47:16.198000+00:00,real,,,,,
82,33.0,38.3,27,28,2026-03-18 08:47:21.303000+00:00,real,,,,,
82,33.0,38.5,27,28,2026-03-18 08:47:26.455000+00:00,real,,,,,
82,33.0,38.7,27,28,2026-03-18 08:47:31.147000+00:00,real,,,,,
82,33.0,38.8,27,28,2026-03-18 08:47:36.061000+00:00,real,,,,,
82,33.1,38.8,27,28,2026-03-18 08:47:41.410000+00:00,real,,,,,
82,33.2,39.3,27,28,2026-03-18 08:47:46.094000+00:00,real,,,,,
82,33.3,39.4,27,28,2026-03-18 08:47:51.003000+00:00,real,,,,,
82,33.5,39.7,27,28,2026-03-18 08:47:56.213000+00:00,real,,,,,
82,33.4,39.4,27,28,2026-03-18 08:48:01.030000+00:00,real,,,,,
82,33.4,39.5,27,28,2026-03-18 08:48:06.175000+00:00,real,,,,,
89,33.4,39.5,30,32,2026-03-18 08:48:11.075000+00:00,real,,,,,
89,33.3,39.5,30,32,2026-03-18 08:48:16.210000+00:00,real,,,,,
89,33.3,39.5,30,32,2026-03-18 08:48:21.244000+00:00,real,,,,,
89,33.3,39.6,30,32,2026-03-18 08:48:26.027000+00:00,real,,,,,
89,33.3,39.8,30,32,2026-03-18 08:48:31.543000+00:00,real,,,,,
89,33.3,40.1,30,32,2026-03-18 08:48:36.072000+00:00,real,,,,,
89,33.3,40.2,30,32,2026-03-18 08:48:41.187000+00:00,real,,,,,
89,33.3,40.4,30,32,2026-03-18 08:48:46.089000+00:00,real,,,,,
89,33.3,40.3,30,32,2026-03-18 08:48:51.898000+00:00,real,,,,,
89,33.3,40.3,30,32,2026-03-18 08:48:56.229000+00:00,real,,,,,
89,33.3,40.3,30,32,2026-03-18 08:49:01.044000+00:00,real,,,,,
89,33.3,40.3,30,32,2026-03-18 08:49:06.208000+00:00,real,,,,,
89,33.3,40.9,30,32,2026-03-18 08:49:11.164000+00:00,real,,,,,
89,33.3,40.5,30,32,2026-03-18 08:49:15.998000+00:00,real,,,,,
89,33.3,39.9,30,32,2026-03-18 08:49:21.135000+00:00,real,,,,,
89,33.3,39.7,30,32,2026-03-18 08:49:26.068000+00:00,real,,,,,
89,33.3,39.8,30,32,2026-03-18 08:49:31.151000+00:00,real,,,,,
89,33.2,39.8,30,32,2026-03-18 08:49:36.268000+00:00,real,,,,,
89,33.2,38.0,30,32,2026-03-18 08:49:41.178000+00:00,real,,,,,
89,33.2,39.4,30,32,2026-03-18 08:49:46.197000+00:00,real,,,,,
89,33.2,39.5,30,32,2026-03-18 08:49:51.233000+00:00,real,,,,,
89,33.1,39.8,30,32,2026-03-18 08:49:56.130000+00:00,real,,,,,
89,33.2,40.1,30,32,2026-03-18 08:50:01.051000+00:00,real,,,,,
89,33.1,40.1,30,32,2026-03-18 08:50:06.174000+00:00,real,,,,,
89,33.1,40.0,30,32,2026-03-18 08:50:11.288000+00:00,real,,,,,
89,33.1,40.1,30,32,2026-03-18 08:50:16.005000+00:00,real,,,,,
89,33.0,40.1,30,32,2026-03-18 08:50:21.137000+00:00,real,,,,,
89,33.0,39.8,30,32,2026-03-18 08:50:26.030000+00:00,real,,,,,
89,33.1,39.9,30,32,2026-03-18 08:50:31.259000+00:00,real,,,,,
89,33.0,39.0,30,32,2026-03-18 08:50:36.080000+00:00,real,,,,,
78,33.0,40.0,25,25,2026-03-18 08:50:41.513000+00:00,real,,,,,
78,33.0,40.0,25,25,2026-03-18 08:50:46.108000+00:00,real,,,,,
78,33.0,40.2,25,25,2026-03-18 08:50:51.018000+00:00,real,,,,,
78,33.0,40.5,25,25,2026-03-18 08:50:56.168000+00:00,real,,,,,
78,33.0,40.5,25,25,2026-03-18 08:51:01.260000+00:00,real,,,,,
78,33.0,40.3,25,25,2026-03-18 08:51:06.192000+00:00,real,,,,,
78,33.0,40.6,25,25,2026-03-18 08:51:11.120000+00:00,real,,,,,
78,33.0,40.7,25,25,2026-03-18 08:51:16.007000+00:00,real,,,,,
78,33.1,40.4,25,25,2026-03-18 08:51:21.125000+00:00,real,,,,,
78,33.0,40.4,25,25,2026-03-18 08:51:26.057000+00:00,real,,,,,
78,33.0,40.1,25,25,2026-03-18 08:51:31.168000+00:00,real,,,,,
78,33.0,40.4,25,25,2026-03-18 08:51:36.091000+00:00,real,,,,,
78,33.1,40.4,25,25,2026-03-18 08:51:41.026000+00:00,real,,,,,
78,33.1,40.2,25,25,2026-03-18 08:51:46.105000+00:00,real,,,,,
78,33.0,40.1,25,25,2026-03-18 08:51:51.038000+00:00,real,,,,,
78,33.1,40.1,25,25,2026-03-18 08:51:56.161000+00:00,real,,,,,
78,33.1,39.8,25,25,2026-03-18 08:52:01.059000+00:00,real,,,,,
78,33.0,39.6,25,25,2026-03-18 08:52:06.184000+00:00,real,,,,,
78,33.0,39.7,25,25,2026-03-18 08:52:11.090000+00:00,real,,,,,
78,33.0,39.8,25,25,2026-03-18 08:52:16.060000+00:00,real,,,,,
78,33.0,39.8,25,25,2026-03-18 08:52:21.127000+00:00,real,,,,,
78,33.0,39.8,25,25,2026-03-18 08:52:26.038000+00:00,real,,,,,
78,32.9,39.9,25,25,2026-03-18 08:52:31.278000+00:00,real,,,,,
78,32.9,39.6,25,25,2026-03-18 08:52:36.114000+00:00,real,,,,,
78,32.9,39.7,25,25,2026-03-18 08:52:41.018000+00:00,real,,,,,
78,32.9,39.6,25,25,2026-03-18 08:52:46.188000+00:00,real,,,,,
78,32.9,39.8,25,25,2026-03-18 08:52:51.028000+00:00,real,,,,,
78,32.9,39.8,25,25,2026-03-18 08:52:56.147000+00:00,real,,,,,
78,32.9,40.0,25,25,2026-03-18 08:53:01.083000+00:00,real,,,,,
78,32.9,40.2,25,25,2026-03-18 08:53:06.352000+00:00,real,,,,,
78,32.9,40.4,25,25,2026-03-18 08:53:11.103000+00:00,real,,,,,
78,32.9,40.5,25,25,2026-03-18 08:53:16.018000+00:00,real,,,,,
78,32.9,40.5,25,25,2026-03-18 08:53:21.350000+00:00,real,,,,,
78,32.9,41.2,25,25,2026-03-18 08:53:26.040000+00:00,real,,,,,
78,32.9,40.8,25,25,2026-03-18 08:53:31.162000+00:00,real,,,,,
78,32.9,40.7,25,25,2026-03-18 08:53:36.519000+00:00,real,,,,,
78,32.9,40.6,25,25,2026-03-18 08:53:41.408000+00:00,real,,,,,
78,32.9,40.7,25,25,2026-03-18 08:53:46.572000+00:00,real,,,,,
78,32.9,40.8,25,25,2026-03-18 08:53:51.142000+00:00,real,,,,,
78,32.9,40.7,25,25,2026-03-18 08:53:58.029000+00:00,real,,,,,
78,32.9,40.4,25,25,2026-03-18 08:54:01.057000+00:00,real,,,,,
78,32.9,40.3,25,25,2026-03-18 08:54:05.989000+00:00,real,,,,,
78,32.9,40.1,25,25,2026-03-18 08:54:11.564000+00:00,real,,,,,
78,32.9,39.8,25,25,2026-03-18 08:54:17.029000+00:00,real,,,,,
78,32.9,39.9,25,25,2026-03-18 08:54:21.230000+00:00,real,,,,,
78,32.9,39.9,25,25,2026-03-18 08:54:26.112000+00:00,real,,,,,
78,32.8,39.8,25,25,2026-03-18 08:54:31.305000+00:00,real,,,,,
78,32.9,39.9,25,25,2026-03-18 08:54:36.088000+00:00,real,,,,,
78,32.8,39.7,25,25,2026-03-18 08:54:41.013000+00:00,real,,,,,
78,32.9,39.9,25,25,2026-03-18 08:54:46.258000+00:00,real,,,,,
78,32.8,39.9,25,25,2026-03-18 08:54:51.054000+00:00,real,,,,,
78,32.8,39.9,25,25,2026-03-18 08:54:56.161000+00:00,real,,,,,
78,32.8,39.8,25,25,2026-03-18 08:55:01.069000+00:00,real,,,,,
93,32.8,39.8,32,33,2026-03-18 08:55:06.627000+00:00,real,,,,,
93,32.8,39.7,32,34,2026-03-18 08:55:11.158000+00:00,real,,,,,
93,32.8,39.6,32,34,2026-03-18 08:55:16.031000+00:00,real,,,,,
93,32.8,39.8,32,34,2026-03-18 08:55:21.198000+00:00,real,,,,,
93,32.8,39.8,32,34,2026-03-18 08:55:26.064000+00:00,real,,,,,
93,32.8,40.1,32,34,2026-03-18 08:55:31.231000+00:00,real,,,,,
93,32.8,40.1,32,34,2026-03-18 08:55:36.173000+00:00,real,,,,,
93,32.8,40.1,32,34,2026-03-18 08:55:41.217000+00:00,real,,,,,
93,32.8,40.1,32,34,2026-03-18 08:55:46.202000+00:00,real,,,,,
93,32.7,40.0,32,34,2026-03-18 08:55:51.071000+00:00,real,,,,,
93,32.8,40.2,32,34,2026-03-18 08:55:56.169000+00:00,real,,,,,
93,32.8,40.4,32,34,2026-03-18 08:56:01.143000+00:00,real,,,,,
93,32.8,40.5,32,34,2026-03-18 08:56:06.193000+00:00,real,,,,,
93,32.8,40.4,32,34,2026-03-18 08:56:11.108000+00:00,real,,,,,
93,32.8,40.2,32,34,2026-03-18 08:56:16.048000+00:00,real,,,,,
93,32.9,40.3,32,34,2026-03-18 08:56:21.354000+00:00,real,,,,,
93,32.8,40.3,32,34,2026-03-18 08:56:26.225000+00:00,real,,,,,
93,32.8,40.4,32,34,2026-03-18 08:56:31.204000+00:00,real,,,,,
93,32.8,40.2,32,34,2026-03-18 08:56:36.199000+00:00,real,,,,,
93,32.9,40.3,32,34,2026-03-18 08:56:41.415000+00:00,real,,,,,
93,32.9,40.3,32,34,2026-03-18 08:56:46.356000+00:00,real,,,,,
93,32.9,40.3,32,34,2026-03-18 08:56:51.050000+00:00,real,,,,,
93,32.9,40.0,32,34,2026-03-18 08:56:56.234000+00:00,real,,,,,
93,32.9,39.9,32,34,2026-03-18 08:57:01.135000+00:00,real,,,,,
93,32.9,40.0,32,34,2026-03-18 08:57:06.005000+00:00,real,,,,,
93,32.8,40.1,32,34,2026-03-18 08:57:11.187000+00:00,real,,,,,
93,32.8,40.1,32,34,2026-03-18 08:57:16.072000+00:00,real,,,,,
93,32.9,40.2,32,34,2026-03-18 08:57:21.153000+00:00,real,,,,,
93,32.8,39.7,32,34,2026-03-18 08:57:27.813000+00:00,real,,,,,
93,32.9,39.6,32,34,2026-03-18 08:57:32.211000+00:00,real,,,,,
93,32.9,39.6,32,34,2026-03-18 08:57:36.114000+00:00,real,,,,,
89,32.8,39.3,30,34,2026-03-18 08:57:41.061000+00:00,real,,,,,
89,32.8,39.2,30,34,2026-03-18 08:57:46.365000+00:00,real,,,,,
89,32.9,39.6,30,34,2026-03-18 08:57:51.663000+00:00,real,,,,,
89,32.9,39.9,30,34,2026-03-18 08:57:56.176000+00:00,real,,,,,
89,32.9,40.0,30,34,2026-03-18 08:58:01.100000+00:00,real,,,,,
89,32.9,40.2,30,34,2026-03-18 08:58:06.229000+00:00,real,,,,,
89,32.9,39.9,30,34,2026-03-18 08:58:11.026000+00:00,real,,,,,
89,32.9,40.0,30,34,2026-03-18 08:58:16.163000+00:00,real,,,,,
89,32.9,40.3,30,34,2026-03-18 08:58:21.376000+00:00,real,,,,,
87,33.0,40.4,29,30,2026-03-18 08:58:26.146000+00:00,real,,,,,
87,33.0,38.6,29,30,2026-03-18 08:58:31.195000+00:00,real,,,,,
87,33.0,39.7,29,30,2026-03-18 08:58:36.111000+00:00,real,,,,,
87,33.0,39.5,29,30,2026-03-18 08:58:41.251000+00:00,real,,,,,
87,33.0,40.3,29,30,2026-03-18 08:58:46.157000+00:00,real,,,,,
87,33.0,40.1,29,30,2026-03-18 08:58:51.196000+00:00,real,,,,,
87,33.0,40.2,29,30,2026-03-18 08:58:56.372000+00:00,real,,,,,
87,33.1,40.4,29,30,2026-03-18 08:59:01.131000+00:00,real,,,,,
87,33.0,39.1,29,30,2026-03-18 08:59:06.546000+00:00,real,,,,,
87,33.0,39.2,29,30,2026-03-18 08:59:11.136000+00:00,real,,,,,
87,33.1,39.5,29,30,2026-03-18 08:59:16.250000+00:00,real,,,,,
87,33.3,40.0,29,30,2026-03-18 08:59:21.078000+00:00,real,,,,,
87,33.4,40.3,29,30,2026-03-18 08:59:26.082000+00:00,real,,,,,
87,33.4,40.8,29,30,2026-03-18 08:59:30.997000+00:00,real,,,,,
87,33.4,41.3,29,30,2026-03-18 08:59:38.298000+00:00,real,,,,,
87,33.4,40.7,29,30,2026-03-18 08:59:41.139000+00:00,real,,,,,
87,33.4,40.2,29,30,2026-03-18 08:59:46.159000+00:00,real,,,,,
87,33.4,39.5,29,30,2026-03-18 08:59:51.065000+00:00,real,,,,,
87,33.4,40.6,29,30,2026-03-18 08:59:56.390000+00:00,real,,,,,
87,33.5,39.4,29,30,2026-03-18 09:00:01.099000+00:00,real,,,,,
87,33.5,39.7,29,30,2026-03-18 09:00:06.025000+00:00,real,,,,,
87,33.5,40.0,29,30,2026-03-18 09:00:11.228000+00:00,real,,,,,
87,33.5,39.4,29,30,2026-03-18 09:00:16.261000+00:00,real,,,,,
87,33.5,39.9,29,30,2026-03-18 09:00:21.183000+00:00,real,,,,,
87,33.5,40.1,29,30,2026-03-18 09:00:26.413000+00:00,real,,,,,
87,33.4,40.0,29,30,2026-03-18 09:00:31.209000+00:00,real,,,,,
87,33.3,39.5,29,30,2026-03-18 09:00:36.136000+00:00,real,,,,,
87,33.3,39.4,29,30,2026-03-18 09:00:41.245000+00:00,real,,,,,
87,33.3,39.5,29,30,2026-03-18 09:00:46.274000+00:00,real,,,,,
87,33.2,39.6,29,30,2026-03-18 09:00:51.176000+00:00,real,,,,,
87,33.2,39.7,29,30,2026-03-18 09:00:55.998000+00:00,real,,,,,
95,33.2,39.7,33,33,2026-03-18 09:01:01.145000+00:00,real,,,,,
95,33.2,39.9,33,33,2026-03-18 09:01:06.126000+00:00,real,,,,,
95,33.2,40.5,33,33,2026-03-18 09:01:11.155000+00:00,real,,,,,
95,33.2,40.9,33,33,2026-03-18 09:01:16.075000+00:00,real,,,,,
95,33.1,40.8,33,33,2026-03-18 09:01:21.602000+00:00,real,,,,,
95,33.1,40.7,33,33,2026-03-18 09:01:26.092000+00:00,real,,,,,
95,33.0,41.3,33,33,2026-03-18 09:01:31.433000+00:00,real,,,,,
95,33.0,41.0,33,33,2026-03-18 09:01:36.635000+00:00,real,,,,,
95,33.0,40.8,33,33,2026-03-18 09:01:41.105000+00:00,real,,,,,
95,33.0,40.8,33,33,2026-03-18 09:01:46.217000+00:00,real,,,,,
95,33.0,40.9,33,33,2026-03-18 09:01:51.076000+00:00,real,,,,,
95,32.9,41.0,33,33,2026-03-18 09:01:56.277000+00:00,real,,,,,
95,32.9,41.1,33,33,2026-03-18 09:02:01.320000+00:00,real,,,,,
95,32.9,41.1,33,33,2026-03-18 09:02:06.045000+00:00,real,,,,,
95,32.9,40.9,33,33,2026-03-18 09:02:11.416000+00:00,real,,,,,
95,32.8,40.8,33,33,2026-03-18 09:02:16.144000+00:00,real,,,,,
95,32.8,40.6,33,33,2026-03-18 09:02:21.236000+00:00,real,,,,,
95,32.8,39.5,33,33,2026-03-18 09:02:26.131000+00:00,real,,,,,
95,32.7,40.3,33,33,2026-03-18 09:02:31.043000+00:00,real,,,,,
95,32.8,40.6,33,33,2026-03-18 09:02:36.146000+00:00,real,,,,,
95,32.7,40.7,33,33,2026-03-18 09:02:41.060000+00:00,real,,,,,
95,32.7,40.6,33,33,2026-03-18 09:02:46.166000+00:00,real,,,,,
95,32.7,41.3,33,33,2026-03-18 09:02:51.146000+00:00,real,,,,,
95,32.7,42.0,33,33,2026-03-18 09:02:56.022000+00:00,real,,,,,
95,32.7,41.7,33,33,2026-03-18 09:03:01.133000+00:00,real,,,,,
95,32.7,41.6,33,33,2026-03-18 09:03:06.039000+00:00,real,,,,,
95,32.7,41.2,33,33,2026-03-18 09:03:11.175000+00:00,real,,,,,
95,32.7,41.1,33,33,2026-03-18 09:03:16.109000+00:00,real,,,,,
95,32.7,41.3,33,33,2026-03-18 09:03:21.194000+00:00,real,,,,,
95,32.6,41.5,33,33,2026-03-18 09:03:26.107000+00:00,real,,,,,
72,32.7,40.9,22,23,2026-03-18 09:03:31.027000+00:00,real,,,,,
72,32.8,40.2,22,23,2026-03-18 09:03:36.153000+00:00,real,,,,,
72,32.9,39.4,22,23,2026-03-18 09:03:41.171000+00:00,real,,,,,
72,33.0,39.2,22,23,2026-03-18 09:03:46.164000+00:00,real,,,,,
72,33.1,39.1,22,23,2026-03-18 09:03:51.096000+00:00,real,,,,,
72,33.2,39.0,22,23,2026-03-18 09:03:56.009000+00:00,real,,,,,
72,33.4,39.0,22,23,2026-03-18 09:04:01.130000+00:00,real,,,,,
72,33.6,39.1,22,23,2026-03-18 09:04:06.063000+00:00,real,,,,,
72,33.6,39.0,22,23,2026-03-18 09:04:11.172000+00:00,real,,,,,
72,33.8,39.1,22,23,2026-03-18 09:04:16.337000+00:00,real,,,,,
72,33.9,39.5,22,23,2026-03-18 09:04:21.308000+00:00,real,,,,,
72,34.0,39.8,22,23,2026-03-18 09:04:26.108000+00:00,real,,,,,
72,34.0,39.9,22,23,2026-03-18 09:04:31.051000+00:00,real,,,,,
72,34.1,40.5,22,23,2026-03-18 09:04:36.148000+00:00,real,,,,,
72,34.3,40.9,22,23,2026-03-18 09:04:41.065000+00:00,real,,,,,
72,34.4,40.5,22,23,2026-03-18 09:04:46.190000+00:00,real,,,,,
72,34.5,39.9,22,23,2026-03-18 09:04:51.090000+00:00,real,,,,,
72,34.5,39.5,22,23,2026-03-18 09:04:56+00:00,real,,,,,
72,34.5,38.8,22,23,2026-03-18 09:05:01.140000+00:00,real,,,,,
72,34.6,38.4,22,23,2026-03-18 09:05:06.034000+00:00,real,,,,,
72,34.7,38.2,22,23,2026-03-18 09:05:11.173000+00:00,real,,,,,
72,34.7,38.1,22,23,2026-03-18 09:05:16.113000+00:00,real,,,,,
72,34.7,38.2,22,23,2026-03-18 09:05:20.997000+00:00,real,,,,,
72,34.6,38.1,22,23,2026-03-18 09:05:26.117000+00:00,real,,,,,
63,34.6,37.8,18,18,2026-03-18 09:05:31.026000+00:00,real,,,,,
63,34.7,37.8,18,19,2026-03-18 09:05:36.154000+00:00,real,,,,,
63,34.8,38.4,18,19,2026-03-18 09:05:41.065000+00:00,real,,,,,
63,34.8,38.1,18,19,2026-03-18 09:05:46.179000+00:00,real,,,,,
63,34.9,38.1,18,19,2026-03-18 09:05:51.096000+00:00,real,,,,,
63,34.9,38.2,18,19,2026-03-18 09:05:56.012000+00:00,real,,,,,
63,35.0,38.3,18,19,2026-03-18 09:06:01.137000+00:00,real,,,,,
63,35.0,38.3,18,19,2026-03-18 09:06:06.048000+00:00,real,,,,,
63,35.4,36.8,18,19,2026-03-18 09:06:11.362000+00:00,real,,,,,
63,35.6,37.9,18,19,2026-03-18 09:06:16.089000+00:00,real,,,,,
63,35.4,38.8,18,19,2026-03-18 09:06:21+00:00,real,,,,,
63,35.2,39.1,18,19,2026-03-18 09:06:26.328000+00:00,real,,,,,
63,35.1,39.0,18,19,2026-03-18 09:06:31.039000+00:00,real,,,,,
63,35.1,39.0,18,19,2026-03-18 09:06:36.216000+00:00,real,,,,,
63,35.1,39.1,18,19,2026-03-18 09:06:41.066000+00:00,real,,,,,
63,35.1,39.3,18,19,2026-03-18 09:06:46.204000+00:00,real,,,,,
63,35.1,39.4,18,19,2026-03-18 09:06:51.112000+00:00,real,,,,,
63,35.1,39.1,18,19,2026-03-18 09:06:56.022000+00:00,real,,,,,
63,35.1,39.2,18,19,2026-03-18 09:07:01.139000+00:00,real,,,,,
63,35.1,39.2,18,19,2026-03-18 09:07:06.047000+00:00,real,,,,,
63,35.1,39.6,18,19,2026-03-18 09:07:11.174000+00:00,real,,,,,
63,35.2,39.2,18,19,2026-03-18 09:07:16.080000+00:00,real,,,,,
63,35.2,39.2,18,19,2026-03-18 09:07:21.046000+00:00,real,,,,,
63,35.2,37.3,18,19,2026-03-18 09:07:26.129000+00:00,real,,,,,
63,35.2,38.4,18,19,2026-03-18 09:07:31.239000+00:00,real,,,,,
63,35.2,38.3,18,19,2026-03-18 09:07:36.231000+00:00,real,,,,,
63,35.2,37.6,18,19,2026-03-18 09:07:41.117000+00:00,real,,,,,
63,35.2,36.9,18,19,2026-03-18 09:07:45.985000+00:00,real,,,,,
63,35.2,37.3,18,19,2026-03-18 09:07:51.237000+00:00,real,,,,,
63,35.2,37.2,18,19,2026-03-18 09:07:56.231000+00:00,real,,,,,
63,35.2,36.0,18,19,2026-03-18 09:08:01.154000+00:00,real,,,,,
89,35.2,37.5,30,30,2026-03-18 09:08:06.051000+00:00,real,,,,,
89,35.2,37.7,30,30,2026-03-18 09:08:11.210000+00:00,real,,,,,
89,35.2,38.1,30,30,2026-03-18 09:08:16.618000+00:00,real,,,,,
89,35.1,38.1,30,30,2026-03-18 09:08:21.719000+00:00,real,,,,,
89,35.1,38.0,30,30,2026-03-18 09:08:26.129000+00:00,real,,,,,
89,35.1,37.7,30,30,2026-03-18 09:08:31.114000+00:00,real,,,,,
89,35.1,37.2,30,30,2026-03-18 09:08:36.463000+00:00,real,,,,,
89,35.1,37.0,30,30,2026-03-18 09:08:41.078000+00:00,real,,,,,
89,35.1,37.2,30,30,2026-03-18 09:08:46.202000+00:00,real,,,,,
89,35.1,37.5,30,30,2026-03-18 09:08:51.349000+00:00,real,,,,,
89,35.0,38.1,30,30,2026-03-18 09:08:56.026000+00:00,real,,,,,
89,35.0,38.1,30,30,2026-03-18 09:09:01.149000+00:00,real,,,,,
89,35.0,38.2,30,30,2026-03-18 09:09:06.315000+00:00,real,,,,,
89,35.0,38.0,30,30,2026-03-18 09:09:11.344000+00:00,real,,,,,
89,35.0,38.0,30,30,2026-03-18 09:09:16.102000+00:00,real,,,,,
89,35.0,38.2,30,30,2026-03-18 09:09:21.146000+00:00,real,,,,,
89,35.0,38.4,30,30,2026-03-18 09:09:26.123000+00:00,real,,,,,
89,35.0,38.2,30,30,2026-03-18 09:09:31.050000+00:00,real,,,,,
89,35.0,38.1,30,30,2026-03-18 09:09:36.238000+00:00,real,,,,,
89,35.0,38.2,30,30,2026-03-18 09:09:41.080000+00:00,real,,,,,
89,35.0,38.3,30,30,2026-03-18 09:09:46.007000+00:00,real,,,,,
89,35.0,38.3,30,30,2026-03-18 09:09:51.188000+00:00,real,,,,,
89,35.0,38.5,30,30,2026-03-18 09:09:56.034000+00:00,real,,,,,
89,35.0,38.3,30,30,2026-03-18 09:10:01.166000+00:00,real,,,,,
89,35.0,38.1,30,30,2026-03-18 09:10:06.188000+00:00,real,,,,,
89,35.0,38.1,30,30,2026-03-18 09:10:12.049000+00:00,real,,,,,
89,35.0,38.2,30,30,2026-03-18 09:10:16.233000+00:00,real,,,,,
89,34.9,38.2,30,30,2026-03-18 09:10:21.235000+00:00,real,,,,,
89,35.0,38.4,30,30,2026-03-18 09:10:26.763000+00:00,real,,,,,
89,35.0,38.3,30,30,2026-03-18 09:10:31.262000+00:00,real,,,,,
89,34.9,38.2,30,30,2026-03-18 09:10:36.177000+00:00,real,,,,,
91,35.0,38.2,31,33,2026-03-18 09:10:41.104000+00:00,real,,,,,
84,35.0,38.2,28,28,2026-03-18 09:10:46.048000+00:00,real,,,,,
84,35.0,38.1,28,28,2026-03-18 09:10:51.243000+00:00,real,,,,,
84,35.0,38.1,28,28,2026-03-18 09:10:56.037000+00:00,real,,,,,
84,35.0,37.0,28,28,2026-03-18 09:11:01.372000+00:00,real,,,,,
84,35.0,38.6,28,28,2026-03-18 09:11:06.289000+00:00,real,,,,,
84,35.0,38.6,28,28,2026-03-18 09:11:10.990000+00:00,real,,,,,
84,35.0,38.8,28,28,2026-03-18 09:11:16.332000+00:00,real,,,,,
63,35.0,38.8,18,18,2026-03-18 09:11:21.125000+00:00,real,,,,,
63,35.0,39.2,18,18,2026-03-18 09:11:26.221000+00:00,real,,,,,
99,35.1,39.1,35,38,2026-03-18 09:13:21.034000+00:00,real,,,,,
97,35.1,39.1,34,37,2026-03-18 09:13:26.172000+00:00,real,,,,,
97,35.1,39.2,34,37,2026-03-18 09:13:31.089000+00:00,real,,,,,
102,35.2,39.3,36,39,2026-03-18 09:13:36.187000+00:00,real,,,,,
102,35.2,39.3,36,39,2026-03-18 09:13:41.146000+00:00,real,,,,,
99,35.2,39.4,35,38,2026-03-18 09:13:46.016000+00:00,real,,,,,
99,35.2,39.6,35,38,2026-03-18 09:13:51.344000+00:00,real,,,,,
99,35.2,39.7,35,38,2026-03-18 09:13:56.068000+00:00,real,,,,,
99,35.2,39.8,35,38,2026-03-18 09:14:01.215000+00:00,real,,,,,
99,35.2,39.8,35,38,2026-03-18 09:14:06.093000+00:00,real,,,,,
99,35.3,39.8,35,38,2026-03-18 09:14:11.007000+00:00,real,,,,,
99,35.3,39.6,35,38,2026-03-18 09:14:16.128000+00:00,real,,,,,
99,35.3,39.6,35,38,2026-03-18 09:14:19.393000+00:00,real,,,,,
99,35.3,39.6,35,38,2026-03-18 09:14:21.021000+00:00,real,,,,,
99,35.3,39.2,35,38,2026-03-18 09:14:26.227000+00:00,real,,,,,
99,35.3,39.5,35,38,2026-03-18 09:14:31.088000+00:00,real,,,,,
99,35.3,39.4,35,38,2026-03-18 09:14:36.214000+00:00,real,,,,,
99,35.3,39.4,35,38,2026-03-18 09:14:41.136000+00:00,real,,,,,
99,35.4,39.3,35,38,2026-03-18 09:14:46.520000+00:00,real,,,,,
99,35.4,38.9,35,38,2026-03-18 09:14:51.038000+00:00,real,,,,,
99,35.4,38.8,35,38,2026-03-18 09:14:56.367000+00:00,real,,,,,
99,35.3,37.1,35,38,2026-03-18 09:15:01.230000+00:00,real,,,,,
99,35.3,38.4,35,38,2026-03-18 09:15:06.101000+00:00,real,,,,,
99,35.4,38.4,35,38,2026-03-18 09:15:11.017000+00:00,real,,,,,
99,35.3,38.2,35,38,2026-03-18 09:15:16.164000+00:00,real,,,,,
99,35.3,38.4,35,38,2026-03-18 09:15:21.079000+00:00,real,,,,,
99,35.3,38.6,35,38,2026-03-18 09:15:26.171000+00:00,real,,,,,
99,35.3,38.7,35,38,2026-03-18 09:15:31.120000+00:00,real,,,,,
99,35.3,39.2,35,38,2026-03-18 09:15:35.991000+00:00,real,,,,,
99,35.3,39.3,35,38,2026-03-18 09:15:41.217000+00:00,real,,,,,
99,35.3,39.3,35,38,2026-03-18 09:15:46.065000+00:00,real,,,,,
99,35.3,39.3,35,38,2026-03-18 09:15:51.211000+00:00,real,,,,,
99,35.3,39.3,35,38,2026-03-18 09:15:56.060000+00:00,real,,,,,
99,35.3,39.3,35,38,2026-03-18 09:16:01.007000+00:00,real,,,,,
99,35.4,39.0,35,38,2026-03-18 09:16:11.027000+00:00,real,,,,,
99,35.4,39.3,35,38,2026-03-18 09:16:16.136000+00:00,real,,,,,
99,35.4,39.0,35,38,2026-03-18 09:16:21.040000+00:00,real,,,,,
99,35.4,38.6,35,38,2026-03-18 09:16:26.626000+00:00,real,,,,,
99,35.4,38.5,35,38,2026-03-18 09:16:31.081000+00:00,real,,,,,
99,35.4,38.6,35,38,2026-03-18 09:16:36.252000+00:00,real,,,,,
99,35.4,38.3,35,38,2026-03-18 09:16:41.136000+00:00,real,,,,,
99,35.5,38.3,35,38,2026-03-18 09:16:46.257000+00:00,real,,,,,
99,35.5,38.2,35,38,2026-03-18 09:16:51.246000+00:00,real,,,,,
99,35.5,38.1,35,38,2026-03-18 09:16:56.095000+00:00,real,,,,,
99,35.5,37.8,35,38,2026-03-18 09:17:00.984000+00:00,real,,,,,
99,35.5,38.0,35,38,2026-03-18 09:17:06.111000+00:00,real,,,,,
99,35.5,38.7,35,38,2026-03-18 09:17:11.017000+00:00,real,,,,,
99,35.4,38.8,35,38,2026-03-18 09:17:16.150000+00:00,real,,,,,
99,35.4,38.5,35,38,2026-03-18 09:17:21.117000+00:00,real,,,,,
99,35.4,38.3,35,38,2026-03-18 09:17:26.208000+00:00,real,,,,,
99,35.3,38.4,35,38,2026-03-18 09:17:31.286000+00:00,real,,,,,
99,35.3,38.5,35,38,2026-03-18 09:17:35.692000+00:00,real,,,,,
99,35.3,38.5,35,38,2026-03-18 09:17:36.034000+00:00,real,,,,,
99,35.2,38.5,35,38,2026-03-18 09:17:41.130000+00:00,real,,,,,
99,35.3,38.7,35,38,2026-03-18 09:17:46.053000+00:00,real,,,,,
99,35.3,38.8,35,38,2026-03-18 09:17:51.378000+00:00,real,,,,,
99,35.4,38.8,35,38,2026-03-18 09:17:56.302000+00:00,real,,,,,
99,35.6,39.1,35,38,2026-03-18 09:18:01.204000+00:00,real,,,,,
99,35.7,39.1,35,38,2026-03-18 09:18:06.127000+00:00,real,,,,,
99,35.8,39.4,35,38,2026-03-18 09:18:11.078000+00:00,real,,,,,
99,35.8,39.0,35,38,2026-03-18 09:18:16.229000+00:00,real,,,,,
95,35.8,38.5,33,36,2026-03-18 09:18:21.062000+00:00,real,,,,,
95,35.7,37.1,33,36,2026-03-18 09:18:26.180000+00:00,real,,,,,
99,35.5,38.2,35,37,2026-03-18 09:18:31.302000+00:00,real,,,,,
99,35.5,38.4,35,37,2026-03-18 09:18:36.012000+00:00,real,,,,,
99,35.7,38.5,35,37,2026-03-18 09:18:41.132000+00:00,real,,,,,
99,35.8,38.4,35,37,2026-03-18 09:18:46.252000+00:00,real,,,,,
99,35.8,38.3,35,37,2026-03-18 09:18:51.361000+00:00,real,,,,,
151,35.8,38.2,56,58,2026-03-18 09:18:56.082000+00:00,real,,,,,
152,35.7,38.0,58,60,2026-03-18 09:19:01.037000+00:00,real,,,,,
153,35.7,37.8,59,60,2026-03-18 09:19:06.310000+00:00,real,,,,,
163,35.7,37.7,79,80,2026-03-18 09:19:11.046000+00:00,real,,,,,
166,35.7,37.8,84,86,2026-03-18 09:19:16.158000+00:00,real,,,,,
168,35.7,37.8,88,89,2026-03-18 09:19:21.262000+00:00,real,,,,,
171,35.7,38.3,94,97,2026-03-18 09:19:26.243000+00:00,real,,,,,
171,35.7,38.4,94,97,2026-03-18 09:19:31.300000+00:00,real,,,,,
171,35.7,38.4,94,97,2026-03-18 09:19:36.018000+00:00,real,,,,,
171,35.7,38.5,94,97,2026-03-18 09:19:41.424000+00:00,real,,,,,
171,35.7,38.4,94,97,2026-03-18 09:19:46.047000+00:00,real,,,,,
171,35.8,38.5,94,97,2026-03-18 09:19:54.338000+00:00,real,,,,,
171,35.7,38.1,94,97,2026-03-18 09:19:56.564000+00:00,real,,,,,
171,35.7,38.2,94,97,2026-03-18 09:20:01.009000+00:00,real,,,,,
171,35.7,38.2,94,97,2026-03-18 09:20:06.142000+00:00,real,,,,,
171,35.8,38.3,94,97,2026-03-18 09:20:11.043000+00:00,real,,,,,
171,35.8,38.4,94,97,2026-03-18 09:20:16.356000+00:00,real,,,,,
171,35.8,38.3,94,97,2026-03-18 09:20:21.080000+00:00,real,,,,,
171,35.9,38.3,94,97,2026-03-18 09:20:26.217000+00:00,real,,,,,
171,35.9,38.3,94,97,2026-03-18 09:20:31.098000+00:00,real,,,,,
171,35.9,38.3,94,97,2026-03-18 09:20:36.024000+00:00,real,,,,,
171,36.0,38.1,94,97,2026-03-18 09:20:41.039000+00:00,real,,,,,
171,36.0,38.2,94,97,2026-03-18 09:20:46.285000+00:00,real,,,,,
171,36.0,38.4,94,97,2026-03-18 09:20:51.609000+00:00,real,,,,,
171,36.0,38.5,94,97,2026-03-18 09:20:56.099000+00:00,real,,,,,
171,35.9,38.0,94,97,2026-03-18 09:21:01.018000+00:00,real,,,,,
171,35.8,38.0,94,97,2026-03-18 09:21:06.193000+00:00,real,,,,,
171,35.7,38.0,94,97,2026-03-18 09:21:11.038000+00:00,real,,,,,
171,35.6,37.9,94,97,2026-03-18 09:21:16.231000+00:00,real,,,,,
171,35.7,37.9,94,97,2026-03-18 09:21:21.084000+00:00,real,,,,,
171,35.8,38.2,94,97,2026-03-18 09:21:26.222000+00:00,real,,,,,
171,36.0,38.2,94,97,2026-03-18 09:21:31.165000+00:00,real,,,,,
171,36.1,38.5,94,97,2026-03-18 09:21:36.027000+00:00,real,,,,,
171,36.0,37.6,94,97,2026-03-18 09:21:41.156000+00:00,real,,,,,
147,36.0,37.7,54,60,2026-03-18 09:21:46.349000+00:00,real,,,,,
151,36.1,38.2,56,63,2026-03-18 09:21:51.405000+00:00,real,,,,,
151,36.1,38.1,56,62,2026-03-18 09:21:56.096000+00:00,real,,,,,
151,36.2,38.2,56,62,2026-03-18 09:22:01.014000+00:00,real,,,,,
151,36.1,37.7,56,62,2026-03-18 09:22:06.362000+00:00,real,,,,,
151,36.2,37.8,56,62,2026-03-18 09:22:11.214000+00:00,real,,,,,
151,36.2,37.7,56,62,2026-03-18 09:22:16.068000+00:00,real,,,,,
151,36.2,37.7,56,62,2026-03-18 09:22:21.204000+00:00,real,,,,,
151,36.2,38.2,56,62,2026-03-18 09:22:26.423000+00:00,real,,,,,
151,36.2,37.7,56,62,2026-03-18 09:22:31.118000+00:00,real,,,,,
151,36.3,37.6,56,62,2026-03-18 09:22:36.046000+00:00,real,,,,,
151,36.3,37.6,56,62,2026-03-18 09:22:41.413000+00:00,real,,,,,
151,36.4,38.1,56,62,2026-03-18 09:22:46.130000+00:00,real,,,,,
151,36.4,37.5,56,62,2026-03-18 09:22:51.296000+00:00,real,,,,,
151,36.5,37.4,56,62,2026-03-18 09:22:56.306000+00:00,real,,,,,
151,36.5,36.8,56,62,2026-03-18 09:23:01.423000+00:00,real,,,,,
151,36.5,36.0,56,62,2026-03-18 09:23:06.334000+00:00,real,,,,,
151,36.4,36.1,56,62,2026-03-18 09:23:11.051000+00:00,real,,,,,
151,36.3,36.4,56,62,2026-03-18 09:23:16.471000+00:00,real,,,,,
151,36.2,36.2,56,62,2026-03-18 09:23:21.322000+00:00,real,,,,,
151,36.2,35.9,56,62,2026-03-18 09:23:26.105000+00:00,real,,,,,
151,36.1,36.0,56,62,2026-03-18 09:23:31.163000+00:00,real,,,,,
151,36.1,36.2,56,62,2026-03-18 09:23:36.093000+00:00,real,,,,,
151,36.0,36.4,56,62,2026-03-18 09:23:41.358000+00:00,real,,,,,
151,36.0,36.5,56,62,2026-03-18 09:23:46.073000+00:00,real,,,,,
151,36.0,36.4,56,62,2026-03-18 09:23:51.235000+00:00,real,,,,,
151,36.0,36.7,56,62,2026-03-18 09:23:56.244000+00:00,real,,,,,
151,35.9,36.7,56,62,2026-03-18 09:24:01.235000+00:00,real,,,,,
119,35.9,36.7,43,47,2026-03-18 09:24:06.147000+00:00,real,,,,,
119,35.9,36.7,43,47,2026-03-18 09:24:11.063000+00:00,real,,,,,
119,35.9,36.4,43,47,2026-03-18 09:24:16.390000+00:00,real,,,,,
127,35.9,36.4,46,49,2026-03-18 09:24:21.098000+00:00,real,,,,,
127,36.0,36.3,46,49,2026-03-18 09:24:26.004000+00:00,real,,,,,
127,36.0,36.1,46,49,2026-03-18 09:24:31.210000+00:00,real,,,,,
127,36.0,36.1,46,49,2026-03-18 09:24:36.149000+00:00,real,,,,,
127,36.0,36.1,46,49,2026-03-18 09:24:41.208000+00:00,real,,,,,
127,36.0,36.5,46,49,2026-03-18 09:24:46.299000+00:00,real,,,,,
132,36.0,35.2,48,51,2026-03-18 09:24:51.846000+00:00,real,,,,,
132,36.0,36.5,48,51,2026-03-18 09:24:56.138000+00:00,real,,,,,
132,35.9,36.4,48,51,2026-03-18 09:25:01.028000+00:00,real,,,,,
132,35.9,36.4,48,51,2026-03-18 09:25:06.248000+00:00,real,,,,,
132,35.9,36.4,48,51,2026-03-18 09:25:11.699000+00:00,real,,,,,
132,35.8,36.5,48,51,2026-03-18 09:25:16.311000+00:00,real,,,,,
132,35.8,36.6,48,51,2026-03-18 09:25:21.323000+00:00,real,,,,,
132,35.8,36.6,48,51,2026-03-18 09:25:26.460000+00:00,real,,,,,
132,35.7,36.6,48,51,2026-03-18 09:25:31.240000+00:00,real,,,,,
132,35.7,35.2,48,51,2026-03-18 09:25:36.057000+00:00,real,,,,,
132,35.7,36.5,48,51,2026-03-18 09:25:41.247000+00:00,real,,,,,
132,35.8,36.6,48,51,2026-03-18 09:25:46.246000+00:00,real,,,,,
132,35.7,36.7,48,51,2026-03-18 09:25:50.999000+00:00,real,,,,,
132,35.7,37.1,48,51,2026-03-18 09:25:56.117000+00:00,real,,,,,
132,35.7,37.1,48,51,2026-03-18 09:26:01.255000+00:00,real,,,,,
132,35.7,37.3,48,51,2026-03-18 09:26:06.225000+00:00,real,,,,,
132,35.7,37.4,48,51,2026-03-18 09:26:11.071000+00:00,real,,,,,
132,35.7,37.0,48,51,2026-03-18 09:26:16.186000+00:00,real,,,,,
132,35.7,37.0,48,51,2026-03-18 09:26:21.132000+00:00,real,,,,,
132,35.7,37.2,48,51,2026-03-18 09:26:26.017000+00:00,real,,,,,
132,35.8,37.5,48,51,2026-03-18 09:26:31.139000+00:00,real,,,,,
132,35.8,37.6,48,51,2026-03-18 09:26:38.330000+00:00,real,,,,,
132,35.9,37.8,48,51,2026-03-18 09:26:41.417000+00:00,real,,,,,
132,35.9,37.7,48,51,2026-03-18 09:26:46.093000+00:00,real,,,,,
132,36.3,37.3,48,52,2026-03-18 09:27:26.304000+00:00,real,,,,,
132,36.3,37.2,48,52,2026-03-18 09:27:31.229000+00:00,real,,,,,
132,36.3,37.5,48,52,2026-03-18 09:27:36.068000+00:00,real,,,,,
132,36.4,37.4,48,52,2026-03-18 09:27:41.184000+00:00,real,,,,,
132,36.4,37.3,48,52,2026-03-18 09:27:46.089000+00:00,real,,,,,
132,36.4,37.2,48,52,2026-03-18 09:27:52.067000+00:00,real,,,,,
132,36.5,37.5,48,52,2026-03-18 09:27:56.160000+00:00,real,,,,,
132,36.5,37.5,48,52,2026-03-18 09:28:01.050000+00:00,real,,,,,
132,36.5,37.6,48,52,2026-03-18 09:28:06.256000+00:00,real,,,,,
132,36.5,37.6,48,52,2026-03-18 09:28:11.290000+00:00,real,,,,,
132,36.5,37.7,48,52,2026-03-18 09:28:15.993000+00:00,real,,,,,
132,36.6,37.3,48,52,2026-03-18 09:28:21.114000+00:00,real,,,,,
132,36.6,37.3,48,52,2026-03-18 09:28:26.449000+00:00,real,,,,,
132,36.6,36.9,48,52,2026-03-18 09:28:31.315000+00:00,real,,,,,
132,36.6,37.1,48,52,2026-03-18 09:28:36.065000+00:00,real,,,,,
132,36.6,37.3,48,52,2026-03-18 09:28:41.191000+00:00,real,,,,,
132,36.7,36.6,48,52,2026-03-18 09:28:46.311000+00:00,real,,,,,
132,36.7,36.7,48,52,2026-03-18 09:28:51.017000+00:00,real,,,,,
132,36.7,36.7,48,52,2026-03-18 09:28:56.146000+00:00,real,,,,,
132,36.7,36.8,48,52,2026-03-18 09:29:01.861000+00:00,real,,,,,
132,36.8,37.0,48,52,2026-03-18 09:29:06.289000+00:00,real,,,,,
132,36.8,37.3,48,52,2026-03-18 09:29:11.324000+00:00,real,,,,,
132,36.8,36.9,48,52,2026-03-18 09:29:16.294000+00:00,real,,,,,
132,36.8,36.6,48,52,2026-03-18 09:29:21.115000+00:00,real,,,,,
132,36.8,36.6,48,52,2026-03-18 09:29:26.094000+00:00,real,,,,,
132,36.9,36.7,48,52,2026-03-18 09:29:31.213000+00:00,real,,,,,
132,36.8,36.0,48,52,2026-03-18 09:29:36.119000+00:00,real,,,,,
132,36.9,36.2,48,52,2026-03-18 09:29:40.980000+00:00,real,,,,,
117,36.9,36.3,42,45,2026-03-18 09:29:47.155000+00:00,real,,,,,
117,36.9,36.4,42,45,2026-03-18 09:29:51.151000+00:00,real,,,,,
117,36.9,36.5,42,45,2026-03-18 09:29:56.648000+00:00,real,,,,,
117,36.9,35.3,42,45,2026-03-18 09:30:01.115000+00:00,real,,,,,
117,36.9,36.5,42,45,2026-03-18 09:30:06.173000+00:00,real,,,,,
117,36.9,36.5,42,45,2026-03-18 09:30:11.149000+00:00,real,,,,,
117,36.9,36.8,42,45,2026-03-18 09:30:18.905000+00:00,real,,,,,
117,36.9,36.6,42,45,2026-03-18 09:30:21.125000+00:00,real,,,,,
117,36.9,36.5,42,45,2026-03-18 09:30:26.909000+00:00,real,,,,,
117,36.9,36.4,42,45,2026-03-18 09:30:31.173000+00:00,real,,,,,
117,37.0,36.4,42,45,2026-03-18 09:30:36.138000+00:00,real,,,,,
117,37.0,36.3,42,45,2026-03-18 09:30:41.228000+00:00,real,,,,,
117,37.0,36.3,42,45,2026-03-18 09:30:46.383000+00:00,real,,,,,
117,37.0,36.4,42,45,2026-03-18 09:30:51.290000+00:00,real,,,,,
117,37.1,36.4,42,45,2026-03-18 09:30:56.682000+00:00,real,,,,,
117,37.0,36.0,42,45,2026-03-18 09:31:01.895000+00:00,real,,,,,
117,37.0,35.8,42,45,2026-03-18 09:31:06.240000+00:00,real,,,,,
117,36.9,35.6,42,45,2026-03-18 09:31:11.227000+00:00,real,,,,,
117,36.9,35.5,42,45,2026-03-18 09:31:16.305000+00:00,real,,,,,
117,36.9,35.5,42,45,2026-03-18 09:31:22.394000+00:00,real,,,,,
117,36.9,35.4,42,45,2026-03-18 09:31:26.090000+00:00,real,,,,,
117,36.9,35.4,42,45,2026-03-18 09:31:31.398000+00:00,real,,,,,
117,36.8,35.3,42,45,2026-03-18 09:31:36.093000+00:00,real,,,,,
117,36.8,35.4,42,45,2026-03-18 09:31:41.440000+00:00,real,,,,,
117,36.7,35.4,42,45,2026-03-18 09:31:46.212000+00:00,real,,,,,
117,36.7,35.3,42,45,2026-03-18 09:31:51.195000+00:00,real,,,,,
117,36.7,35.3,42,45,2026-03-18 09:31:56.228000+00:00,real,,,,,
117,36.7,35.2,42,45,2026-03-18 09:32:01.546000+00:00,real,,,,,
117,36.6,35.2,42,45,2026-03-18 09:32:06.246000+00:00,real,,,,,
117,36.6,35.3,42,45,2026-03-18 09:32:11.104000+00:00,real,,,,,
117,36.6,34.2,42,45,2026-03-18 09:32:16.704000+00:00,real,,,,,
102,36.6,35.5,36,39,2026-03-18 09:32:21.145000+00:00,real,,,,,
102,36.6,35.6,36,39,2026-03-18 09:32:26.307000+00:00,real,,,,,
99,36.6,35.6,35,35,2026-03-18 09:32:31.286000+00:00,real,,,,,
102,36.6,35.6,36,36,2026-03-18 09:32:36.130000+00:00,real,,,,,
102,36.6,35.6,36,36,2026-03-18 09:32:40.999000+00:00,real,,,,,
102,36.6,35.7,36,36,2026-03-18 09:32:46.157000+00:00,real,,,,,
102,36.6,35.7,36,36,2026-03-18 09:32:51.033000+00:00,real,,,,,
102,36.6,35.8,36,36,2026-03-18 09:32:56.254000+00:00,real,,,,,
102,36.6,35.7,36,36,2026-03-18 09:33:04.829000+00:00,real,,,,,
102,36.6,35.8,36,36,2026-03-18 09:33:06.251000+00:00,real,,,,,
102,36.6,35.8,36,36,2026-03-18 09:33:11.550000+00:00,real,,,,,
102,36.5,35.7,36,36,2026-03-18 09:33:16.334000+00:00,real,,,,,
102,36.5,35.8,36,36,2026-03-18 09:33:21.238000+00:00,real,,,,,
102,36.5,35.8,36,36,2026-03-18 09:33:26.057000+00:00,real,,,,,
102,36.5,35.9,36,36,2026-03-18 09:33:31.417000+00:00,real,,,,,
102,36.5,35.9,36,36,2026-03-18 09:33:36.237000+00:00,real,,,,,
102,36.5,36.0,36,36,2026-03-18 09:33:41.209000+00:00,real,,,,,
102,36.5,36.0,36,36,2026-03-18 09:33:46.342000+00:00,real,,,,,
102,36.5,36.0,36,36,2026-03-18 09:33:51.170000+00:00,real,,,,,
102,36.5,36.0,36,36,2026-03-18 09:33:58.355000+00:00,real,,,,,
102,36.5,36.0,36,36,2026-03-18 09:34:01.095000+00:00,real,,,,,
102,36.5,35.9,36,36,2026-03-18 09:34:06.210000+00:00,real,,,,,
102,36.5,36.0,36,36,2026-03-18 09:34:11.182000+00:00,real,,,,,
102,36.5,36.0,36,36,2026-03-18 09:34:16.380000+00:00,real,,,,,
102,36.5,36.0,36,36,2026-03-18 09:34:21.161000+00:00,real,,,,,
102,36.5,36.0,36,36,2026-03-18 09:34:26.090000+00:00,real,,,,,
102,36.6,36.1,36,36,2026-03-18 09:34:31.306000+00:00,real,,,,,
102,36.6,35.4,36,36,2026-03-18 09:34:36.109000+00:00,real,,,,,
102,36.6,37.0,36,36,2026-03-18 09:34:41.339000+00:00,real,,,,,
122,36.6,36.9,44,45,2026-03-18 09:34:46.205000+00:00,real,,,,,
122,36.6,36.8,44,45,2026-03-18 09:34:51.447000+00:00,real,,,,,
122,36.6,36.8,44,45,2026-03-18 09:34:56.318000+00:00,real,,,,,
122,36.6,35.6,44,45,2026-03-18 09:35:01.566000+00:00,real,,,,,
122,36.6,37.1,44,45,2026-03-18 09:35:06.085000+00:00,real,,,,,
107,36.5,37.0,38,38,2026-03-18 09:35:11.143000+00:00,real,,,,,
107,36.5,37.1,38,38,2026-03-18 09:35:16.036000+00:00,real,,,,,
107,36.5,37.0,38,38,2026-03-18 09:35:21.160000+00:00,real,,,,,
107,36.5,36.8,38,38,2026-03-18 09:35:26.521000+00:00,real,,,,,
107,36.5,37.1,38,38,2026-03-18 09:35:31.098000+00:00,real,,,,,
107,36.4,37.1,38,38,2026-03-18 09:35:37.220000+00:00,real,,,,,
107,36.4,35.7,38,38,2026-03-18 09:35:41.302000+00:00,real,,,,,
107,36.4,37.1,38,38,2026-03-18 09:35:46.663000+00:00,real,,,,,
107,36.4,37.2,38,38,2026-03-18 09:35:51.096000+00:00,real,,,,,
107,36.4,37.4,38,38,2026-03-18 09:35:56.283000+00:00,real,,,,,
107,36.3,37.5,38,38,2026-03-18 09:36:01.269000+00:00,real,,,,,
107,36.3,37.7,38,38,2026-03-18 09:36:06.887000+00:00,real,,,,,
107,36.3,37.9,38,38,2026-03-18 09:36:11.439000+00:00,real,,,,,
107,36.3,37.7,38,38,2026-03-18 09:36:16.101000+00:00,real,,,,,
107,36.2,37.6,38,38,2026-03-18 09:36:21.194000+00:00,real,,,,,
107,36.2,37.6,38,38,2026-03-18 09:36:26.091000+00:00,real,,,,,
107,36.2,37.6,38,38,2026-03-18 09:36:31.142000+00:00,real,,,,,
107,36.3,37.7,38,38,2026-03-18 09:36:36.263000+00:00,real,,,,,
107,36.3,37.7,38,38,2026-03-18 09:36:41.846000+00:00,real,,,,,
107,36.3,37.7,38,38,2026-03-18 09:36:46.287000+00:00,real,,,,,
107,36.3,37.8,38,38,2026-03-18 09:36:51.620000+00:00,real,,,,,
107,36.3,37.8,38,38,2026-03-18 09:36:56.330000+00:00,real,,,,,
105,36.3,37.7,37,38,2026-03-18 09:37:02.055000+00:00,real,,,,,
107,36.4,37.6,38,39,2026-03-18 09:37:06.049000+00:00,real,,,,,
107,36.4,37.5,38,39,2026-03-18 09:37:11.273000+00:00,real,,,,,
107,36.4,37.5,38,39,2026-03-18 09:37:16.314000+00:00,real,,,,,
107,36.4,37.5,38,39,2026-03-18 09:37:21.370000+00:00,real,,,,,
107,36.4,37.5,38,39,2026-03-18 09:37:26.084000+00:00,real,,,,,
107,36.5,37.6,38,39,2026-03-18 09:37:31.016000+00:00,real,,,,,
107,36.5,37.9,38,39,2026-03-18 09:37:36.138000+00:00,real,,,,,
107,36.5,38.3,38,39,2026-03-18 09:37:41.068000+00:00,real,,,,,
107,36.5,37.9,38,39,2026-03-18 09:37:48.833000+00:00,real,,,,,
107,36.6,37.7,38,39,2026-03-18 09:37:51.289000+00:00,real,,,,,
107,36.6,37.5,38,39,2026-03-18 09:37:57+00:00,real,,,,,
107,36.6,37.1,38,39,2026-03-18 09:38:01.107000+00:00,real,,,,,
107,36.5,36.6,38,39,2026-03-18 09:38:06.485000+00:00,real,,,,,
107,36.5,36.5,38,39,2026-03-18 09:38:11.154000+00:00,real,,,,,
112,36.5,36.5,40,41,2026-03-18 09:38:16.283000+00:00,real,,,,,
112,36.4,36.5,40,41,2026-03-18 09:38:21.270000+00:00,real,,,,,
112,36.4,36.5,40,41,2026-03-18 09:38:26.153000+00:00,real,,,,,
112,36.4,36.6,40,41,2026-03-18 09:38:31.005000+00:00,real,,,,,
112,36.4,36.5,40,41,2026-03-18 09:38:36.012000+00:00,real,,,,,
112,36.4,36.6,40,41,2026-03-18 09:38:41.643000+00:00,real,,,,,
112,36.4,36.6,40,41,2026-03-18 09:38:46.153000+00:00,real,,,,,
112,36.4,36.7,40,41,2026-03-18 09:38:51.172000+00:00,real,,,,,
112,36.4,36.8,40,41,2026-03-18 09:38:56.250000+00:00,real,,,,,
112,36.4,36.7,40,41,2026-03-18 09:39:02.247000+00:00,real,,,,,
112,36.4,36.7,40,41,2026-03-18 09:39:06.008000+00:00,real,,,,,
112,36.4,36.6,40,41,2026-03-18 09:39:11.231000+00:00,real,,,,,
112,36.5,36.5,40,41,2026-03-18 09:39:16.082000+00:00,real,,,,,
112,36.5,35.3,40,41,2026-03-18 09:39:21.604000+00:00,real,,,,,
112,36.5,36.4,40,41,2026-03-18 09:39:26.120000+00:00,real,,,,,
112,36.4,36.5,40,41,2026-03-18 09:39:31.009000+00:00,real,,,,,
112,36.4,36.4,40,41,2026-03-18 09:39:36.129000+00:00,real,,,,,
112,36.4,36.4,40,41,2026-03-18 09:39:41.043000+00:00,real,,,,,
112,36.3,36.4,40,41,2026-03-18 09:39:53.337000+00:00,real,,,,,
112,36.3,36.3,40,41,2026-03-18 09:39:53.413000+00:00,real,,,,,
112,36.3,36.3,40,41,2026-03-18 09:39:56.412000+00:00,real,,,,,
110,36.3,36.2,39,39,2026-03-18 09:40:01.328000+00:00,real,,,,,
110,36.3,36.5,39,39,2026-03-18 09:40:06.428000+00:00,real,,,,,
110,36.2,36.2,39,39,2026-03-18 09:40:11.211000+00:00,real,,,,,
110,36.2,36.2,39,39,2026-03-18 09:40:16.128000+00:00,real,,,,,
110,36.2,36.3,39,39,2026-03-18 09:40:21.220000+00:00,real,,,,,
110,36.1,36.2,39,39,2026-03-18 09:40:26.183000+00:00,real,,,,,
112,36.1,37.1,40,41,2026-03-18 09:40:31.245000+00:00,real,,,,,
110,36.0,37.1,39,40,2026-03-18 09:40:36.138000+00:00,real,,,,,
110,36.0,37.1,39,40,2026-03-18 09:40:41.458000+00:00,real,,,,,
110,36.0,37.3,39,40,2026-03-18 09:40:46.167000+00:00,real,,,,,
110,36.0,37.5,39,40,2026-03-18 09:40:51.152000+00:00,real,,,,,
110,36.0,37.0,39,40,2026-03-18 09:40:55.999000+00:00,real,,,,,
110,36.0,36.6,39,40,2026-03-18 09:41:01.516000+00:00,real,,,,,
110,36.1,36.1,39,40,2026-03-18 09:41:06.236000+00:00,real,,,,,
110,36.1,36.0,39,40,2026-03-18 09:41:11.049000+00:00,real,,,,,
110,36.1,35.9,39,40,2026-03-18 09:41:16.435000+00:00,real,,,,,
110,36.2,36.1,39,40,2026-03-18 09:41:20.993000+00:00,real,,,,,
110,36.2,36.2,39,40,2026-03-18 09:41:26.572000+00:00,real,,,,,
110,36.2,36.2,39,40,2026-03-18 09:41:31.017000+00:00,real,,,,,
110,36.2,36.5,39,40,2026-03-18 09:41:36.607000+00:00,real,,,,,
110,36.2,36.9,39,40,2026-03-18 09:41:41.079000+00:00,real,,,,,
110,36.2,37.0,39,40,2026-03-18 09:41:47.083000+00:00,real,,,,,
110,36.3,36.1,39,40,2026-03-18 09:41:51.303000+00:00,real,,,,,
110,36.3,36.2,39,40,2026-03-18 09:41:56.435000+00:00,real,,,,,
110,36.3,36.2,39,40,2026-03-18 09:42:01.151000+00:00,real,,,,,
110,36.3,36.4,39,40,2026-03-18 09:42:06.246000+00:00,real,,,,,
110,36.3,36.7,39,40,2026-03-18 09:42:11.257000+00:00,real,,,,,
110,36.3,36.6,39,40,2026-03-18 09:42:16.076000+00:00,real,,,,,
110,36.4,36.8,39,40,2026-03-18 09:42:20.988000+00:00,real,,,,,
110,36.4,36.7,39,40,2026-03-18 09:42:26.118000+00:00,real,,,,,
110,36.4,36.7,39,40,2026-03-18 09:42:31.219000+00:00,real,,,,,
110,36.4,36.7,39,40,2026-03-18 09:42:36.144000+00:00,real,,,,,
110,36.4,36.8,39,40,2026-03-18 09:42:41.276000+00:00,real,,,,,
110,36.4,36.8,39,40,2026-03-18 09:42:46.285000+00:00,real,,,,,
110,36.4,36.8,39,40,2026-03-18 09:42:51.151000+00:00,real,,,,,
127,36.4,36.7,46,47,2026-03-18 09:42:56.004000+00:00,real,,,,,
127,36.5,36.8,46,47,2026-03-18 09:43:01.225000+00:00,real,,,,,
127,36.5,36.9,46,46,2026-03-18 09:43:06.038000+00:00,real,,,,,
127,36.4,36.7,46,46,2026-03-18 09:43:11.295000+00:00,real,,,,,
127,36.5,36.6,46,46,2026-03-18 09:43:16.072000+00:00,real,,,,,
127,36.5,36.5,46,46,2026-03-18 09:43:21.004000+00:00,real,,,,,
127,36.6,36.4,46,46,2026-03-18 09:43:26.111000+00:00,real,,,,,
127,36.5,36.2,46,46,2026-03-18 09:43:31.022000+00:00,real,,,,,
127,36.6,36.3,46,46,2026-03-18 09:43:36.148000+00:00,real,,,,,
127,36.6,36.3,46,46,2026-03-18 09:43:41.065000+00:00,real,,,,,
127,36.6,36.2,46,46,2026-03-18 09:43:46.404000+00:00,real,,,,,
127,36.6,36.3,46,46,2026-03-18 09:43:51.092000+00:00,real,,,,,
127,36.6,36.3,46,46,2026-03-18 09:43:56.467000+00:00,real,,,,,
127,36.5,36.1,46,46,2026-03-18 09:44:01.334000+00:00,real,,,,,
127,36.5,35.9,46,46,2026-03-18 09:44:06.503000+00:00,real,,,,,
127,36.5,35.7,46,46,2026-03-18 09:44:11.172000+00:00,real,,,,,
127,36.6,35.6,46,46,2026-03-18 09:44:16.100000+00:00,real,,,,,
127,36.6,35.7,46,46,2026-03-18 09:44:21.195000+00:00,real,,,,,
127,36.5,35.9,46,46,2026-03-18 09:44:26.187000+00:00,real,,,,,
127,36.5,35.9,46,46,2026-03-18 09:44:31.046000+00:00,real,,,,,
127,36.5,36.1,46,46,2026-03-18 09:44:36.153000+00:00,real,,,,,
127,36.4,36.3,46,46,2026-03-18 09:44:41.169000+00:00,real,,,,,
127,36.4,36.1,46,46,2026-03-18 09:44:46.185000+00:00,real,,,,,
127,36.3,36.0,46,46,2026-03-18 09:44:51.310000+00:00,real,,,,,
127,36.3,35.9,46,46,2026-03-18 09:44:56.043000+00:00,real,,,,,
127,36.3,35.5,46,46,2026-03-18 09:45:01.172000+00:00,real,,,,,
127,36.2,35.3,46,46,2026-03-18 09:45:06.046000+00:00,real,,,,,
127,36.2,35.3,46,46,2026-03-18 09:45:11.231000+00:00,real,,,,,
127,36.1,35.4,46,46,2026-03-18 09:45:16.105000+00:00,real,,,,,
127,36.1,35.5,46,46,2026-03-18 09:45:21.059000+00:00,real,,,,,
119,36.0,35.5,43,43,2026-03-18 09:45:26.325000+00:00,real,,,,,
119,36.0,35.6,43,43,2026-03-18 09:45:31.038000+00:00,real,,,,,
119,36.0,35.7,43,43,2026-03-18 09:45:36.164000+00:00,real,,,,,
119,36.0,35.8,43,43,2026-03-18 09:45:41.110000+00:00,real,,,,,
119,35.9,35.7,43,43,2026-03-18 09:45:46.649000+00:00,real,,,,,
119,35.9,35.9,43,43,2026-03-18 09:45:51.428000+00:00,real,,,,,
119,35.9,35.9,43,43,2026-03-18 09:45:56.020000+00:00,real,,,,,
119,35.9,35.9,43,43,2026-03-18 09:46:01.305000+00:00,real,,,,,
119,35.9,35.9,43,43,2026-03-18 09:46:06.268000+00:00,real,,,,,
119,36.0,36.0,43,43,2026-03-18 09:46:11.295000+00:00,real,,,,,
119,35.9,36.0,43,43,2026-03-18 09:46:16.097000+00:00,real,,,,,
119,35.9,36.0,43,43,2026-03-18 09:46:21.421000+00:00,real,,,,,
119,36.0,36.1,43,43,2026-03-18 09:46:26.126000+00:00,real,,,,,
119,36.0,36.2,43,43,2026-03-18 09:46:31.063000+00:00,real,,,,,
119,36.0,36.3,43,43,2026-03-18 09:46:36.167000+00:00,real,,,,,
119,36.0,36.3,43,43,2026-03-18 09:46:41.075000+00:00,real,,,,,
119,36.0,36.3,43,43,2026-03-18 09:46:46.511000+00:00,real,,,,,
119,36.0,36.3,43,43,2026-03-18 09:46:51.110000+00:00,real,,,,,
119,36.0,36.4,43,43,2026-03-18 09:46:56.139000+00:00,real,,,,,
119,36.1,36.5,43,43,2026-03-18 09:47:01.371000+00:00,real,,,,,
119,36.1,36.4,43,43,2026-03-18 09:47:06.084000+00:00,real,,,,,
119,36.1,36.4,43,43,2026-03-18 09:47:10.984000+00:00,real,,,,,
119,36.2,36.5,43,43,2026-03-18 09:47:16.133000+00:00,real,,,,,
119,36.2,36.5,43,43,2026-03-18 09:47:21.024000+00:00,real,,,,,
119,36.2,36.6,43,43,2026-03-18 09:47:26.136000+00:00,real,,,,,
119,36.2,36.7,43,43,2026-03-18 09:47:31.053000+00:00,real,,,,,
119,36.3,36.9,43,43,2026-03-18 09:47:36.267000+00:00,real,,,,,
122,36.3,37.0,44,44,2026-03-18 09:47:41.083000+00:00,real,,,,,
122,36.3,36.9,44,44,2026-03-18 09:47:46.247000+00:00,real,,,,,
99,36.3,36.0,35,38,2026-03-18 09:47:51.120000+00:00,real,,,,,
97,36.2,37.3,34,37,2026-03-18 09:47:56.250000+00:00,real,,,,,
97,36.2,37.0,34,37,2026-03-18 09:48:01.239000+00:00,real,,,,,
97,36.3,35.7,34,37,2026-03-18 09:48:06.266000+00:00,real,,,,,
97,36.3,36.8,34,37,2026-03-18 09:48:11.296000+00:00,real,,,,,
97,36.3,36.8,34,37,2026-03-18 09:48:16.105000+00:00,real,,,,,
97,36.3,36.7,34,37,2026-03-18 09:48:21.043000+00:00,real,,,,,
97,36.3,36.7,34,37,2026-03-18 09:48:26.034000+00:00,real,,,,,
97,36.4,36.9,34,37,2026-03-18 09:48:31.320000+00:00,real,,,,,
97,36.4,36.8,34,37,2026-03-18 09:48:36.172000+00:00,real,,,,,
97,36.4,36.5,34,37,2026-03-18 09:48:41.110000+00:00,real,,,,,
97,36.4,35.9,34,37,2026-03-18 09:48:46.205000+00:00,real,,,,,
97,36.4,36.3,34,37,2026-03-18 09:48:51.164000+00:00,real,,,,,
97,36.4,36.6,34,37,2026-03-18 09:48:56.052000+00:00,real,,,,,
97,36.3,36.4,34,37,2026-03-18 09:49:01.162000+00:00,real,,,,,
97,36.3,35.8,34,37,2026-03-18 09:49:06.276000+00:00,real,,,,,
97,36.3,36.1,34,37,2026-03-18 09:49:11.193000+00:00,real,,,,,
97,36.3,36.2,34,37,2026-03-18 09:49:16.209000+00:00,real,,,,,
97,36.3,35.9,34,37,2026-03-18 09:49:21.026000+00:00,real,,,,,
97,36.3,35.7,34,37,2026-03-18 09:49:26.164000+00:00,real,,,,,
97,36.3,36.0,34,37,2026-03-18 09:49:31.065000+00:00,real,,,,,
97,36.3,36.0,34,37,2026-03-18 09:49:36.382000+00:00,real,,,,,
97,36.3,35.9,34,37,2026-03-18 09:49:41.092000+00:00,real,,,,,
97,36.3,35.8,34,37,2026-03-18 09:49:46.015000+00:00,real,,,,,
97,36.2,35.0,34,37,2026-03-18 09:49:51.534000+00:00,real,,,,,
97,36.0,34.7,34,37,2026-03-18 09:49:56.069000+00:00,real,,,,,
97,35.9,35.1,34,37,2026-03-18 09:50:01.410000+00:00,real,,,,,
97,35.8,34.5,34,37,2026-03-18 09:50:06.082000+00:00,real,,,,,
97,35.8,34.6,34,37,2026-03-18 09:50:11.201000+00:00,real,,,,,
97,35.7,35.1,34,37,2026-03-18 09:50:16.117000+00:00,real,,,,,
97,35.7,34.7,34,37,2026-03-18 09:50:21.088000+00:00,real,,,,,
97,35.8,34.9,34,37,2026-03-18 09:50:26.157000+00:00,real,,,,,
97,35.8,35.4,34,37,2026-03-18 09:50:31.069000+00:00,real,,,,,
97,35.8,35.6,34,37,2026-03-18 09:50:36.390000+00:00,real,,,,,
97,35.8,35.6,34,37,2026-03-18 09:50:41.099000+00:00,real,,,,,
97,35.7,34.9,34,37,2026-03-18 09:50:46.267000+00:00,real,,,,,
97,35.7,33.6,34,37,2026-03-18 09:50:51.136000+00:00,real,,,,,
97,35.7,34.8,34,37,2026-03-18 09:50:56.264000+00:00,real,,,,,
97,35.6,35.0,34,37,2026-03-18 09:51:01.184000+00:00,real,,,,,
97,35.5,34.9,34,37,2026-03-18 09:51:06.092000+00:00,real,,,,,
97,35.5,34.9,34,37,2026-03-18 09:51:11.322000+00:00,real,,,,,
97,35.6,34.0,34,37,2026-03-18 09:51:16.125000+00:00,real,,,,,
97,35.5,35.5,34,37,2026-03-18 09:51:21.036000+00:00,real,,,,,
97,35.6,35.7,34,37,2026-03-18 09:51:26.166000+00:00,real,,,,,
97,35.5,35.7,34,37,2026-03-18 09:51:31.269000+00:00,real,,,,,
97,35.5,35.8,34,37,2026-03-18 09:51:36.259000+00:00,real,,,,,
97,35.5,36.1,34,37,2026-03-18 09:51:41.151000+00:00,real,,,,,
97,35.5,36.2,34,37,2026-03-18 09:51:46.022000+00:00,real,,,,,
97,35.5,36.7,34,37,2026-03-18 09:51:51.158000+00:00,real,,,,,
97,35.6,38.2,34,37,2026-03-18 09:51:56.076000+00:00,real,,,,,
97,35.6,38.5,34,37,2026-03-18 09:52:01.436000+00:00,real,,,,,
97,35.6,39.2,34,37,2026-03-18 09:52:06.102000+00:00,real,,,,,
97,35.6,39.3,34,37,2026-03-18 09:52:11.222000+00:00,real,,,,,
97,35.6,37.3,34,37,2026-03-18 09:52:16.373000+00:00,real,,,,,
97,35.6,36.9,34,37,2026-03-18 09:52:21.043000+00:00,real,,,,,
97,35.7,36.9,34,37,2026-03-18 09:52:26.166000+00:00,real,,,,,
97,35.7,36.7,34,37,2026-03-18 09:52:31.137000+00:00,real,,,,,
97,35.7,36.7,34,37,2026-03-18 09:52:36.265000+00:00,real,,,,,
97,35.7,37.0,34,37,2026-03-18 09:52:41.119000+00:00,real,,,,,
97,35.7,38.2,34,37,2026-03-18 09:52:46.035000+00:00,real,,,,,
97,35.8,38.6,34,37,2026-03-18 09:52:51.146000+00:00,real,,,,,
97,35.8,38.4,34,37,2026-03-18 09:52:56.074000+00:00,real,,,,,
97,35.8,37.8,34,37,2026-03-18 09:53:01.262000+00:00,real,,,,,
97,35.8,37.8,34,37,2026-03-18 09:53:02.251000+00:00,real,,,,,
93,35.8,37.7,32,34,2026-03-18 09:53:06.094000+00:00,real,,,,,
93,35.9,37.9,32,34,2026-03-18 09:53:11.415000+00:00,real,,,,,
93,35.9,37.7,32,34,2026-03-18 09:53:16.169000+00:00,real,,,,,
93,35.9,37.8,32,34,2026-03-18 09:53:21.104000+00:00,real,,,,,
93,35.9,37.4,32,34,2026-03-18 09:53:26.073000+00:00,real,,,,,
93,35.9,37.4,32,34,2026-03-18 09:53:31.165000+00:00,real,,,,,
93,35.9,37.5,32,34,2026-03-18 09:53:36.234000+00:00,real,,,,,
93,35.9,37.5,32,34,2026-03-18 09:53:41.117000+00:00,real,,,,,
93,35.9,37.4,32,34,2026-03-18 09:53:46.033000+00:00,real,,,,,
93,35.9,37.3,32,34,2026-03-18 09:53:51.153000+00:00,real,,,,,
93,35.9,37.7,32,34,2026-03-18 09:53:56.066000+00:00,real,,,,,
93,35.8,37.9,32,34,2026-03-18 09:54:01.193000+00:00,real,,,,,
93,35.7,37.1,32,34,2026-03-18 09:54:06.132000+00:00,real,,,,,
93,35.7,37.0,32,34,2026-03-18 09:54:11.020000+00:00,real,,,,,
93,35.7,35.9,32,34,2026-03-18 09:54:16.201000+00:00,real,,,,,
93,35.7,37.3,32,34,2026-03-18 09:54:21.055000+00:00,real,,,,,
93,35.7,37.2,32,34,2026-03-18 09:54:26.927000+00:00,real,,,,,
93,35.7,36.6,32,34,2026-03-18 09:54:31.388000+00:00,real,,,,,
93,35.7,37.2,32,34,2026-03-18 09:54:36.212000+00:00,real,,,,,
93,35.7,37.4,32,34,2026-03-18 09:54:41.125000+00:00,real,,,,,
93,35.7,37.3,32,34,2026-03-18 09:54:46.045000+00:00,real,,,,,
93,35.7,37.4,32,34,2026-03-18 09:54:51.169000+00:00,real,,,,,
93,35.8,37.3,32,34,2026-03-18 09:54:56.074000+00:00,real,,,,,
93,35.8,37.2,32,34,2026-03-18 09:55:00.986000+00:00,real,,,,,
93,35.8,37.1,32,34,2026-03-18 09:55:06.192000+00:00,real,,,,,
93,35.8,36.9,32,34,2026-03-18 09:55:11.449000+00:00,real,,,,,
93,35.9,36.9,32,34,2026-03-18 09:55:16.145000+00:00,real,,,,,
93,35.9,36.8,32,34,2026-03-18 09:55:21.103000+00:00,real,,,,,
93,35.9,36.8,32,34,2026-03-18 09:55:26.189000+00:00,real,,,,,
93,35.9,37.0,32,34,2026-03-18 09:55:31.307000+00:00,real,,,,,
93,35.8,36.9,32,34,2026-03-18 09:55:36.015000+00:00,real,,,,,
93,35.8,36.9,32,34,2026-03-18 09:55:41.380000+00:00,real,,,,,
93,35.8,37.0,32,34,2026-03-18 09:55:46.049000+00:00,real,,,,,
93,35.9,37.2,32,34,2026-03-18 09:55:51.180000+00:00,real,,,,,
93,35.9,37.3,32,34,2026-03-18 09:55:56.088000+00:00,real,,,,,
93,35.9,37.5,32,34,2026-03-18 09:56:01.630000+00:00,real,,,,,
93,35.9,37.5,32,34,2026-03-18 09:56:06.134000+00:00,real,,,,,
93,35.9,37.5,32,34,2026-03-18 09:56:11.447000+00:00,real,,,,,
93,36.0,37.6,32,34,2026-03-18 09:56:16.204000+00:00,real,,,,,
93,36.0,37.5,32,34,2026-03-18 09:56:21.079000+00:00,real,,,,,
93,36.0,37.5,32,32,2026-03-18 09:56:26.503000+00:00,real,,,,,
95,36.0,37.6,33,33,2026-03-18 09:56:31.172000+00:00,real,,,,,
95,36.0,37.5,33,33,2026-03-18 09:56:36.064000+00:00,real,,,,,
95,35.9,37.5,33,33,2026-03-18 09:56:41.165000+00:00,real,,,,,
95,35.9,37.6,33,33,2026-03-18 09:56:46.103000+00:00,real,,,,,
95,35.9,37.8,33,33,2026-03-18 09:56:51.185000+00:00,real,,,,,
95,35.9,37.8,33,33,2026-03-18 09:56:56.193000+00:00,real,,,,,
95,35.9,37.8,33,33,2026-03-18 09:57:01.228000+00:00,real,,,,,
95,35.9,38.2,33,33,2026-03-18 09:57:06.134000+00:00,real,,,,,
95,35.9,38.3,33,33,2026-03-18 09:57:11.052000+00:00,real,,,,,
95,35.9,38.4,33,33,2026-03-18 09:57:16.182000+00:00,real,,,,,
95,35.9,38.2,33,33,2026-03-18 09:57:21.099000+00:00,real,,,,,
95,36.0,38.1,33,33,2026-03-18 09:57:26.219000+00:00,real,,,,,
95,36.0,37.9,33,33,2026-03-18 09:57:31.387000+00:00,real,,,,,
95,36.0,37.7,33,33,2026-03-18 09:57:36.031000+00:00,real,,,,,
95,36.1,37.1,33,33,2026-03-18 09:57:44.353000+00:00,real,,,,,
95,36.1,36.8,33,33,2026-03-18 09:57:46.071000+00:00,real,,,,,
95,36.1,36.6,33,33,2026-03-18 09:57:51.407000+00:00,real,,,,,
95,36.1,36.5,33,33,2026-03-18 09:57:56.103000+00:00,real,,,,,
95,36.1,36.3,33,33,2026-03-18 09:58:01.768000+00:00,real,,,,,
95,36.1,36.2,33,33,2026-03-18 09:58:06.149000+00:00,real,,,,,
95,36.1,36.1,33,33,2026-03-18 09:58:11.071000+00:00,real,,,,,
95,36.1,36.1,33,33,2026-03-18 09:58:16.197000+00:00,real,,,,,
95,36.2,36.4,33,33,2026-03-18 09:58:21.127000+00:00,real,,,,,
95,36.1,36.3,33,33,2026-03-18 09:58:26.413000+00:00,real,,,,,
97,36.1,36.2,34,35,2026-03-18 09:58:31.167000+00:00,real,,,,,
97,36.1,36.1,34,35,2026-03-18 09:58:36.246000+00:00,real,,,,,
97,36.1,36.3,34,35,2026-03-18 09:58:41.168000+00:00,real,,,,,
97,36.1,36.5,34,35,2026-03-18 09:58:46.082000+00:00,real,,,,,
97,36.1,36.7,34,35,2026-03-18 09:58:51.298000+00:00,real,,,,,
97,36.1,37.7,34,35,2026-03-18 09:58:56.165000+00:00,real,,,,,
97,36.2,38.0,34,35,2026-03-18 09:59:01.053000+00:00,real,,,,,
97,36.2,38.0,34,35,2026-03-18 09:59:06.181000+00:00,real,,,,,
97,36.2,37.6,34,35,2026-03-18 09:59:11.073000+00:00,real,,,,,
97,36.2,37.0,34,35,2026-03-18 09:59:16.192000+00:00,real,,,,,
97,36.2,36.8,34,35,2026-03-18 09:59:21.315000+00:00,real,,,,,
97,36.2,36.2,34,35,2026-03-18 09:59:26.027000+00:00,real,,,,,
97,36.2,36.4,34,35,2026-03-18 09:59:31.388000+00:00,real,,,,,
97,36.1,36.3,34,35,2026-03-18 09:59:36.059000+00:00,real,,,,,
97,36.1,35.9,34,35,2026-03-18 09:59:41.255000+00:00,real,,,,,
97,36.1,35.9,34,35,2026-03-18 09:59:46.093000+00:00,real,,,,,
97,36.1,36.0,34,35,2026-03-18 09:59:51.500000+00:00,real,,,,,
97,36.0,35.7,34,35,2026-03-18 09:59:56.126000+00:00,real,,,,,
97,36.0,35.8,34,35,2026-03-18 10:00:01.045000+00:00,real,,,,,
97,36.0,35.9,34,35,2026-03-18 10:00:06.166000+00:00,real,,,,,
97,36.0,36.1,34,35,2026-03-18 10:00:11.082000+00:00,real,,,,,
97,36.0,36.2,34,35,2026-03-18 10:00:16.210000+00:00,real,,,,,
97,36.0,36.2,34,35,2026-03-18 10:00:21.113000+00:00,real,,,,,
97,36.0,36.0,34,35,2026-03-18 10:00:26.474000+00:00,real,,,,,
97,36.0,34.5,34,35,2026-03-18 10:00:31.152000+00:00,real,,,,,
97,36.0,35.9,34,35,2026-03-18 10:00:36.566000+00:00,real,,,,,
97,36.0,36.0,34,35,2026-03-18 10:00:41.198000+00:00,real,,,,,
97,36.0,36.1,34,35,2026-03-18 10:00:46.219000+00:00,real,,,,,
97,36.0,36.1,34,35,2026-03-18 10:00:51.013000+00:00,real,,,,,
97,36.0,35.9,34,35,2026-03-18 10:00:56.297000+00:00,real,,,,,
95,36.0,35.9,33,35,2026-03-18 10:01:01.045000+00:00,real,,,,,
95,36.0,36.0,33,35,2026-03-18 10:01:06.173000+00:00,real,,,,,
95,36.0,36.1,33,35,2026-03-18 10:01:11.086000+00:00,real,,,,,
95,36.0,36.1,33,35,2026-03-18 10:01:16.244000+00:00,real,,,,,
95,36.0,36.2,33,35,2026-03-18 10:01:21.374000+00:00,real,,,,,
95,36.0,36.2,33,35,2026-03-18 10:01:26.039000+00:00,real,,,,,
95,36.0,36.7,33,35,2026-03-18 10:01:31.207000+00:00,real,,,,,
95,36.0,36.7,33,35,2026-03-18 10:01:36.079000+00:00,real,,,,,
95,36.0,36.2,33,35,2026-03-18 10:01:41.410000+00:00,real,,,,,
95,36.0,36.1,33,35,2026-03-18 10:01:46.113000+00:00,real,,,,,
95,36.0,35.7,33,35,2026-03-18 10:01:51.026000+00:00,real,,,,,
95,36.0,35.5,33,35,2026-03-18 10:01:56.344000+00:00,real,,,,,
95,36.1,35.9,33,35,2026-03-18 10:02:01.268000+00:00,real,,,,,
95,36.1,36.0,33,35,2026-03-18 10:02:06.385000+00:00,real,,,,,
95,36.1,35.5,33,35,2026-03-18 10:02:11.104000+00:00,real,,,,,
95,36.0,34.3,33,35,2026-03-18 10:02:16.335000+00:00,real,,,,,
117,35.9,34.1,42,42,2026-03-18 10:02:21.141000+00:00,real,,,,,
119,35.9,34.7,43,43,2026-03-18 10:02:26.251000+00:00,real,,,,,
119,35.9,34.9,43,43,2026-03-18 10:02:31.246000+00:00,real,,,,,
119,35.9,35.1,43,43,2026-03-18 10:02:36.122000+00:00,real,,,,,
119,35.8,35.0,43,43,2026-03-18 10:02:41.243000+00:00,real,,,,,
119,35.9,34.7,43,43,2026-03-18 10:02:46.149000+00:00,real,,,,,
110,35.8,34.5,39,40,2026-03-18 10:02:51.266000+00:00,real,,,,,
112,35.8,34.6,40,41,2026-03-18 10:02:56.154000+00:00,real,,,,,
112,35.8,34.8,40,41,2026-03-18 10:03:01.271000+00:00,real,,,,,
112,35.8,34.9,40,41,2026-03-18 10:03:06.389000+00:00,real,,,,,
112,35.9,35.0,40,41,2026-03-18 10:03:11.126000+00:00,real,,,,,
112,35.9,35.0,40,41,2026-03-18 10:03:16.236000+00:00,real,,,,,
112,35.9,35.0,40,41,2026-03-18 10:03:21.182000+00:00,real,,,,,
112,35.9,35.0,40,41,2026-03-18 10:03:26.361000+00:00,real,,,,,
112,35.9,35.0,40,41,2026-03-18 10:03:31.184000+00:00,real,,,,,
112,36.0,35.5,40,41,2026-03-18 10:03:36.338000+00:00,real,,,,,
112,36.0,35.7,40,41,2026-03-18 10:03:41.443000+00:00,real,,,,,
112,36.0,35.7,40,41,2026-03-18 10:03:46.179000+00:00,real,,,,,
112,36.1,35.7,40,41,2026-03-18 10:03:51.043000+00:00,real,,,,,
112,36.1,35.7,40,41,2026-03-18 10:03:56.172000+00:00,real,,,,,
112,36.1,35.3,40,41,2026-03-18 10:04:01.392000+00:00,real,,,,,
112,36.1,34.5,40,41,2026-03-18 10:04:06.271000+00:00,real,,,,,
112,36.1,35.2,40,41,2026-03-18 10:04:11.121000+00:00,real,,,,,
112,36.1,34.0,40,41,2026-03-18 10:04:16.544000+00:00,real,,,,,
107,36.1,33.6,38,40,2026-03-18 10:04:21.165000+00:00,real,,,,,
107,36.0,33.7,38,40,2026-03-18 10:04:26.080000+00:00,real,,,,,
107,36.0,34.0,38,40,2026-03-18 10:04:31.196000+00:00,real,,,,,
107,35.9,33.9,38,40,2026-03-18 10:04:36.324000+00:00,real,,,,,
107,35.9,34.3,38,40,2026-03-18 10:04:41.436000+00:00,real,,,,,
107,35.8,34.4,38,40,2026-03-18 10:04:46.145000+00:00,real,,,,,
107,35.8,34.5,38,40,2026-03-18 10:04:51.054000+00:00,real,,,,,
107,35.8,33.2,38,40,2026-03-18 10:04:56.358000+00:00,real,,,,,
107,35.8,34.1,38,40,2026-03-18 10:05:01.127000+00:00,real,,,,,
107,35.8,33.8,38,40,2026-03-18 10:05:06.225000+00:00,real,,,,,
107,35.8,34.5,38,40,2026-03-18 10:05:11.390000+00:00,real,,,,,
107,35.8,34.7,38,40,2026-03-18 10:05:16.248000+00:00,real,,,,,
107,35.8,34.6,38,40,2026-03-18 10:05:21.254000+00:00,real,,,,,